NÚM.,NÚMERO DE IDENTIFICACIÓN,CARÁCTER,NOMBRE,SIGLAS DEPENDENCIA O ENTIDAD,ESTATUS,FECHA JUNTA DE ACLARACIONES,FECHA DE PRESENTACIÓN Y APERTURA DE PROPOSICIONES,TIPO DE PUBLICACIÓN,TIPO DE CONTRATACIÓN,CÓDIGO DE EXPEDIENTE,UNIDAD COMPRADORA,ENTIDAD FEDERATIVA
1,AA-51-GYN-051GYN022-N-59-2023,NACIONAL,ADQUISICION DE MATERIALES VARIOS,ISSSTE,ADJUDICADO,,,ADJUDICACIÓN DIRECTA,ADQUISICIONES,E-2023-00104514,051GYN022 - DEPARTAMENTO DE RECURSOS MATERIALES Y OBRAS,TLAXCALA
2,AA-12-NCD-012NCD001-I-413-2023,INTERNACIONAL ABIERTO,REACTIVOS Y MATERIALES DE LABORATORIO PARA ATENCION A PROTOCOLOS,INER,ADJUDICADO,,,ADJUDICACIÓN DIRECTA,ADQUISICIONES,E-2023-00105530,012NCD001 - DEPARTAMENTO DE ADQUISICIONES,CIUDAD DE MÉXICO
3,AA-48-E00-048E00995-N-238-2023,NACIONAL,"PRESTAR SUS SERVICIOS PROFESIONALES COMO PIANISTA ACOMPAÑANTE, DURANTE LOS ENSAY",INBAL,ADJUDICADO,,,ADJUDICACIÓN DIRECTA,SERVICIOS,E-2023-00001929,048E00995 - DIRECCION DE RECURSOS MATERIALES,CIUDAD DE MÉXICO
4,AO-89-K08-830193996-N-3-2024,NACIONAL,TRABAJOS EXTRAORDINARIOS DE LA REHABILITACIÓN DEL PARQUE SUPERACIÓN CIUDADANA,089K08,ADJUDICADO,,,ADJUDICACIÓN DIRECTA,OBRA PÚBLICA,E-2024-00040990,830193996 - DIRECCIÓN DE OBRAS PÚBLICAS Y DESARROLLO URBANO,VERACRUZ
5,AA-32-412-032000001-N-128-2024,NACIONAL,MANTENIMIENTO PREVENTIVO Y CORRECTIVO A SERVIDORES,TFJA,ADJUDICADO,,,ADJUDICACIÓN DIRECTA,SERVICIOS,E-2024-00035160,032000001 - DIRECCION GENERAL DE RECURSOS MATERIALES Y SERVICIOS GENERALES,CIUDAD DE MÉXICO
6,AA-15-412-015000999-N-787-2024,NACIONAL,PRESTADOR DE SERVICIOS,SEDATU,ADJUDICADO,,,ADJUDICACIÓN DIRECTA,SERVICIOS,E-2024-00038966,015000999 - DIRECCION GENERAL DE RECURSOS MATERIALES Y SERVICIOS GENERALES,CIUDAD DE MÉXICO
7,AA-51-GYN-051GYN024-N-29-2024,NACIONAL,SERVICIOS MEDICOS SUBROGADOS DE ESPECIALIZACION,ISSSTE,ADJUDICADO,,,ADJUDICACIÓN DIRECTA,SERVICIOS,E-2024-00030489,051GYN024 - COORDINACION DE RECURSOS MATERIALES,SINALOA
8,AA-08-VSS-008VSS986-N-232-2024,NACIONAL,ABARROTES COMESTIBLES,APB,ADJUDICADO,,,ADJUDICACIÓN DIRECTA,ADQUISICIONES,E-2024-00088230,008VSS986 - SUBGERENCIA DE U.O. SONORA ABASTO,SONORA
9,AA-08-VSS-008VSS008-N-679-2024,NACIONAL,ABARROTES COMESTIBLES,APB,ADJUDICADO,,,ADJUDICACIÓN DIRECTA,ADQUISICIONES,E-2024-00088477,008VSS008 - SUBGERENCIA OPERACIONES REGIONAL NORTE CENTRO,CHIHUAHUA
10,AA-08-VSS-008VSS998-N-926-2024,NACIONAL,ABARROTES COMESTIBLES,APB,ADJUDICADO,,,ADJUDICACIÓN DIRECTA,ADQUISICIONES,E-2024-00090794,008VSS998 - DIRECCIÓN COMERCIAL,CIUDAD DE MÉXICO
11,AA-18-T0Q-018T0Q002-N-151-2024,NACIONAL,SERVICIO DE RADIOCOMUNICACIÓN Y LOCALIZACIÓN,ININ,ADJUDICADO,,,ADJUDICACIÓN DIRECTA,SERVICIOS,E-2024-00089646,018T0Q002 - SERVICIOS GENERALES,MÉXICO
12,AA-48-VZG-048VZG999-N-152-2023,NACIONAL,TEZCATLIPOCA FLORES GOCHI,FONART,ADJUDICADO,,,ADJUDICACIÓN DIRECTA,SERVICIOS,E-2023-00101967,048VZG999 - DIRECCION DE ADMINISTRACION Y FINANZAS,CIUDAD DE MÉXICO
13,AA-08-VSS-008VSS999-N-99-2024,NACIONAL,ABARROTES COMESTIBLES,APB,ADJUDICADO,,,ADJUDICACIÓN DIRECTA,ADQUISICIONES,E-2024-00032549,008VSS999 - SUBGERENCIA DE LA UNIDAD OPERATIVA NUEVO LEÓN,NUEVO LEÓN
14,AA-11-B01-011B01001-N-1301-2024,NACIONAL,EDITOR    .,ONCETV,ADJUDICADO,,,ADJUDICACIÓN DIRECTA,SERVICIOS,E-2024-00034505,011B01001 - DIRECCION DE ADMINISTRACION Y FINANZAS,CIUDAD DE MÉXICO
15,AA-11-B01-011B01001-N-1551-2024,NACIONAL,SUPERVISOR DE CLOSED CAPTION A,ONCETV,ADJUDICADO,,,ADJUDICACIÓN DIRECTA,SERVICIOS,E-2024-00035295,011B01001 - DIRECCION DE ADMINISTRACION Y FINANZAS,CIUDAD DE MÉXICO
16,AA-16-B00-016B00026-N-8-2024,NACIONAL,ADQUISICIÓN DE ARTÍCULOS Y HERRAMIENTAS MENORES DE FERRETERÍA PARA EL OCB,CONAGUA,ADJUDICADO,,,ADJUDICACIÓN DIRECTA,ADQUISICIONES,E-2024-00034138,016B00026 - DIRECCION DE ADMINISTRACION,MORELOS
17,AA-12-NDF-012NDF999-N-125-2025,NACIONAL,"CONTRATO INRLGII/2025/232, REACTIVOS PARA EL LABORATORIO DE MICROBIOLOGÍA CLINIC",INR,ADJUDICADO,,,ADJUDICACIÓN DIRECTA,ADQUISICIONES,E-2025-00040216,012NDF999 - SUBDIRECCION DE COMPRAS Y SUMINISTROS,CIUDAD DE MÉXICO
18,AA-12-NDY-012NDY001-N-143-2025,NACIONAL,SE REQUIERE DE LA CONTRATACIÓN DE SERVICIOS PROFESIONALES,INSP,ADJUDICADO,,,ADJUDICACIÓN DIRECTA,SERVICIOS,E-2025-00042403,012NDY001 - DEPARTAMENTO DE SERVICIOS GENERALES Y MANTENIMIENTO,MORELOS
19,AA-51-GYN-051GYN060-N-53-2025,NACIONAL,SERVICIO MÉDICO SUBROGADO DE ESTUDIOS DE DIAGNÓSTICO.,ISSSTE,ADJUDICADO,,,ADJUDICACIÓN DIRECTA,SERVICIOS,E-2025-00040323,051GYN060 - DEPARTAMENTO DE RECURSOS MATERIALES Y OBRAS,DURANGO
20,AA-06-A00-006A00997-N-806-2025,NACIONAL,01-24-1357   SERVICIOS PROFESIONALES PARA LA ELABORACION DEL AVALUO,INDAABIN,ADJUDICADO,,,ADJUDICACIÓN DIRECTA,SERVICIOS,E-2025-00041449,006A00997 - DIRECCIÓN GENERAL DE AVALÚOS Y OBRAS,CIUDAD DE MÉXICO
21,AA-18-T0Q-018T0Q002-N-21-2025,NACIONAL,MANTENIMIENTO CORRECTIVO DEL EQUIPO LASER DE ND:YAG,ININ,ADJUDICADO,,,ADJUDICACIÓN DIRECTA,SERVICIOS,E-2025-00042936,018T0Q002 - DEPARTAMENTO DE SERVICIOS GENERALES Y MANTENIMIENTO,MÉXICO
22,AA-18-T0O-018T0O004-N-311-2023,NACIONAL,REFACCIONES Y ACCESORIOS MENORES,IMP,ADJUDICADO,,,ADJUDICACIÓN DIRECTA,ADQUISICIONES,E-2023-00096279,018T0O004 - GERENCIA DE PROVEEDURIA Y SERVICIOS,CIUDAD DE MÉXICO
23,AA-08-IZC-008IZC999-N-268-2023,NACIONAL,EVALUACIÓN DEL CUMPLIMIENTO Y APLICACIÓN DE LAS NORMAS- NOM-STPS,COLPOS,ADJUDICADO,,,ADJUDICACIÓN DIRECTA,SERVICIOS,E-2023-00096050,008IZC999 - DEPARTAMENTO DE ADQUISICIONES Y CONTRATOS,VERACRUZ
24,AA-06-G0N-006G0N001-N-155-2023,NACIONAL,ESPACIOS EN MEDIOS IMPRESOS DEL PROGRAMA DE COMUNICACIÓN SOCIAL DE BANCOMEXT,BANCOMEXT,ADJUDICADO,,,ADJUDICACIÓN DIRECTA,SERVICIOS,E-2023-00095758,006G0N001 - SUBDIRECCIÓN DE ADQUISICIONES DE BIENES MUEBLES Y SERVICIOS,CIUDAD DE MÉXICO
25,AA-06-HIU-006HIU001-N-166-2023,NACIONAL,SERVICIOS DE ESPACIOS PUBLICITARIOS EN MEDIOS DIGITALES,NAFIN,ADJUDICADO,,,ADJUDICACIÓN DIRECTA,SERVICIOS,E-2023-00095461,006HIU001 - SUBGERENCIA DE ADQUISICIONES,CIUDAD DE MÉXICO
26,AA-06-HJY-006HJY001-N-134-2023,NACIONAL,SERVICIO DE EXHIBICIÓN DE PUBLICIDAD EN MOBILIARIO URBANO,PRONOSTICOS,ADJUDICADO,,,ADJUDICACIÓN DIRECTA,SERVICIOS,E-2023-00095586,006HJY001 - GERENCIA DE RECURSOS MATERIALES,CIUDAD DE MÉXICO
27,AA-12-NBD-012NBD001-I-411-2023,INTERNACIONAL ABIERTO,"MATERIALES, ACCESORIOS Y SUMINISTROS DE LABORATORIO",HGM,ADJUDICADO,,,ADJUDICACIÓN DIRECTA,ADQUISICIONES,E-2023-00095401,012NBD001 - DIRECCION DE ADMINISTRACION Y FINANZAS,CIUDAD DE MÉXICO
28,AA-16-RHQ-016RHQ001-N-569-2024,NACIONAL,SERVICIO DE MEDIOS DE COMUNICACIÓN PARA DIFUSIÓN DE LA CAMPAÑA DE COMUNICACIÓN,CONAFOR,ADJUDICADO,,,ADJUDICACIÓN DIRECTA,SERVICIOS,E-2024-00047472,"016RHQ001 - GERENCIA DE RECURSOS MATERIALES, UNIDAD DE ADMINISTRACION Y FINANZAS",JALISCO
29,AA-11-L4J-011L4J999-N-296-2024,NACIONAL,INSTALACION DE CO2 Y OXIGENO PARA INCUBADORAS,CINVESTAV,ADJUDICADO,,,ADJUDICACIÓN DIRECTA,SERVICIOS,E-2024-00054588,011L4J999 - SUBDIRECCION DE RECURSOS MATERIALES,CIUDAD DE MÉXICO
30,AA-08-VSS-008VSS985-N-482-2023,NACIONAL,HARINA DE MAIZ CHETUMAL,APB,ADJUDICADO,,,ADJUDICACIÓN DIRECTA,ADQUISICIONES,E-2023-00113536,008VSS985 - GERENCIA REGIONAL PENINSULAR,QUINTANA ROO
31,AA-50-GYR-050GYR003-N-253-2023,NACIONAL,ADQUISICIONES DE VÍVERES PARA EL CIERRE DEL EJERCICIO 2023,IMSS,ADJUDICADO,,,ADJUDICACIÓN DIRECTA,SERVICIOS,E-2023-00117058,050GYR003 - JEFATURA DE SERVICIOS ADMINISTRATIVOS,BAJA CALIFORNIA
32,AA-08-VSS-008VSS008-N-853-2023,NACIONAL,ABARROTES COMESTIBLES,APB,ADJUDICADO,,,ADJUDICACIÓN DIRECTA,ADQUISICIONES,E-2023-00116214,008VSS008 - SUBGERENCIA OPERACIONES REGIONAL NORTE CENTRO,CHIHUAHUA
33,AA-08-VSS-008VSS980-N-452-2023,NACIONAL,MEZCLA DE LECHE CON G.V. R/GRASA FORT FR,APB,ADJUDICADO,,,ADJUDICACIÓN DIRECTA,ADQUISICIONES,E-2023-00114116,008VSS980 - UNIDAD OPERATIVA GUERRERO - ABASTO,GUERRERO
34,AA-08-VSS-008VSS013-N-712-2023,NACIONAL,DETERGENTE EN POLVO,APB,ADJUDICADO,,,ADJUDICACIÓN DIRECTA,ADQUISICIONES,E-2023-00115643,008VSS013 - GERENCIA REGIONAL OAXACA,OAXACA
35,AA-08-VSS-008VSS975-N-281-2023,NACIONAL,ABARROTES NO COMESTIBLES,APB,ADJUDICADO,,,ADJUDICACIÓN DIRECTA,ADQUISICIONES,E-2023-00115908,"008VSS975 - UNIDAD OPERATIVA CAMPECHE, OPERACIONES Y ABASTO",CAMPECHE
36,AA-12-NDF-012NDF999-T-820-2023,INTERNACIONAL BAJO LA COBERTURA DE TRATADOS,"CONSOLIDADO/INSABI/INRLGII/29/2023-2024 QUIMED, S.A. DE C.V.",INR,ADJUDICADO,,,ADJUDICACIÓN DIRECTA,ADQUISICIONES,E-2023-00109237,012NDF999 - SUBDIRECCION DE COMPRAS Y SUMINISTROS,CIUDAD DE MÉXICO
37,AA-08-VSS-008VSS977-N-312-2023,NACIONAL,ABARROTES NO COMESTIBLES,APB,ADJUDICADO,,,ADJUDICACIÓN DIRECTA,ADQUISICIONES,E-2023-00108258,"008VSS977 - UNIDAD OPERATIVA NAYARIT, ABASTO",NAYARIT
38,AA-15-412-015000999-N-829-2024,NACIONAL,PRESTADOR DE SERVICIOS,SEDATU,ADJUDICADO,,,ADJUDICACIÓN DIRECTA,SERVICIOS,E-2024-00039599,015000999 - DIRECCION GENERAL DE RECURSOS MATERIALES Y SERVICIOS GENERALES,CIUDAD DE MÉXICO
39,AA-12-NEF-012NEF001-T-25-2024,INTERNACIONAL BAJO LA COBERTURA DE TRATADOS,"25, ADQUISICIÓN DE MEDICAMENTOS E INSUMOS PARA LA SALUD 2024 (GENÉRICOS).",BIRMEX,ADJUDICADO,,,ADJUDICACIÓN DIRECTA,ADQUISICIONES,E-2024-00029216,012NEF001 - DIRECCION GENERAL,MÉXICO
40,AA-11-B00-011B00001-N-2638-2024,NACIONAL,CONTRATACIÓN DE SERVICIOS PROFESIONALES QUE REQUIERE LA SECRETARÍA GENERAL P5,IPN,ADJUDICADO,,,ADJUDICACIÓN DIRECTA,SERVICIOS,E-2024-00035114,011B00001 - DIRECCION DE RECURSOS MATERIALES E INFRAESTRUCTURA,CIUDAD DE MÉXICO
41,AA-47-AYJ-006AYJ999-N-9-2024,NACIONAL,SERVICIO DE TALLER DE ALTA ESPECIALIDAD PARA LA INTEGRACIÓN DE CRITERIOS Y ANÁLI,CEAV,ADJUDICADO,,,ADJUDICACIÓN DIRECTA,SERVICIOS,E-2024-00030665,006AYJ999 - UNIDAD DE ADMINISTRACIÓN Y FINANZAS,CIUDAD DE MÉXICO
42,AA-11-B00-011B00001-N-465-2023,NACIONAL,PRESTACION DE SERVICIOS PROFESIONALES QUE REQUIERE LA ENCB,IPN,ADJUDICADO,,,ADJUDICACIÓN DIRECTA,SERVICIOS,E-2023-00011585,011B00001 - DIRECCION DE RECURSOS MATERIALES E INFRAESTRUCTURA,CIUDAD DE MÉXICO
43,AA-48-410-048410003-N-482-2023,NACIONAL,PRESTACIÓN DE SERVICIOS PROFESIONALES CONSISTENTES EN COADYUVAR,CULTURA,ADJUDICADO,,,ADJUDICACIÓN DIRECTA,SERVICIOS,E-2023-00011165,048410003 - DEPARTAMENTO DE COMITE,CIUDAD DE MÉXICO
44,AA-06-E00-006E00029-N-3-2023,NACIONAL,SERVICIO DE MANTENIMIENTO Y RECARGA A EXTINTORES EN LOS INMUEBLES DEL SAT,SAT,ADJUDICADO,,,ADJUDICACIÓN DIRECTA,SERVICIOS,E-2023-00010965,006E00029 - SUBADMINISTRACION DE RECURSOS Y SERVICIOS DE MERIDA,YUCATÁN
45,AA-08-VSS-008VSS987-N-62-2024,NACIONAL,ABARROTES COMESTIBLES,APB,ADJUDICADO,,,ADJUDICACIÓN DIRECTA,ADQUISICIONES,E-2024-00079576,008VSS987 - SUBGERENCIA REGIONAL TLAXCALA,TLAXCALA
46,AA-11-B00-011B00001-N-1525-2023,NACIONAL,PRESTACION DE SERVICIOS PROFESIONALES DAE 32,IPN,ADJUDICADO,,,ADJUDICACIÓN DIRECTA,SERVICIOS,E-2023-00023247,011B00001 - DIRECCION DE RECURSOS MATERIALES E INFRAESTRUCTURA,CIUDAD DE MÉXICO
47,AA-48-D00-048D00001-N-43-2023,NACIONAL,INAH-DDEH-CS-32886-0001/23,INAH,ADJUDICADO,,,ADJUDICACIÓN DIRECTA,SERVICIOS,E-2023-00025337,048D00001 - COORDINACION NACIONAL DE RECURSOS MATERIALES Y SERVICIOS,CIUDAD DE MÉXICO
48,AA-08-VSS-008VSS986-N-50-2023,NACIONAL,COLGATE TRIPLE ACCION EXTRA BLANCURA,APB,ADJUDICADO,,,ADJUDICACIÓN DIRECTA,ADQUISICIONES,E-2023-00026522,008VSS986 - SUBGERENCIA DE U.O. SONORA ABASTO,SONORA
49,AA-12-NDY-012NDY001-N-152-2023,NACIONAL,CREAR ELEMENTOS GRÁFICOS Y PUBLICACIÓN DE INFORMACIÓN DE LOS PROGRAMAS ACADÉMICO,INSP,ADJUDICADO,,,ADJUDICACIÓN DIRECTA,SERVICIOS,E-2023-00027295,012NDY001 - DEPARTAMENTO DE SERVICIOS GENERALES Y MANTENIMIENTO,MORELOS
50,AA-08-VSS-008VSS974-N-257-2023,NACIONAL,SALVADO ALIMENTO PARA GANADO,APB,ADJUDICADO,,,ADJUDICACIÓN DIRECTA,ADQUISICIONES,E-2023-00113506,008VSS974 - UNIDAD OPERATIVA COAHUILA,COAHUILA DE ZARAGOZA
51,AA-08-VSS-008VSS977-N-388-2023,NACIONAL,MERCANCIAS GENERALES,APB,ADJUDICADO,,,ADJUDICACIÓN DIRECTA,ADQUISICIONES,E-2023-00113744,"008VSS977 - UNIDAD OPERATIVA NAYARIT, ABASTO",NAYARIT
52,AA-08-VSS-008VSS004-N-148-2023,NACIONAL,PRODUCTOS DIVERSOS,APB,ADJUDICADO,,,ADJUDICACIÓN DIRECTA,ADQUISICIONES,E-2023-00117120,008VSS004 - SUBGERENCIA MICHOACÁN,MICHOACÁN DE OCAMPO
53,AA-08-VSS-008VSS985-N-656-2023,NACIONAL,GALLETAS CHETUMAL,APB,ADJUDICADO,,,ADJUDICACIÓN DIRECTA,ADQUISICIONES,E-2023-00114840,008VSS985 - GERENCIA REGIONAL PENINSULAR,QUINTANA ROO
54,AA-06-A00-006A00997-N-4949-2023,NACIONAL,03-23-275     SERVICIOS PROFESIONALES PARA LA ELABORACIÓN DEL AVALÚO,INDAABIN,ADJUDICADO,,,ADJUDICACIÓN DIRECTA,SERVICIOS,E-2023-00118966,006A00997 - DIRECCIÓN GENERAL DE AVALÚOS Y OBRAS,CIUDAD DE MÉXICO
55,AA-06-A00-006A00997-N-3974-2025,NACIONAL,2025-6680   SERVICIOS PROFESIONALES PARA LA ELABORACION DEL AVALUO,INDAABIN,ADJUDICADO,,,ADJUDICACIÓN DIRECTA,SERVICIOS,E-2025-00111084,006A00997 - DIRECCIÓN GENERAL DE AVALÚOS Y OBRAS,CIUDAD DE MÉXICO
56,AA-11-MAX-011MAX001-N-717-2025,NACIONAL,"IMPRESIÓN EN PAPEL SEGURIDAD CON TINTAS ESPECIALES, CANDADOS DE SEGURIDAD",IEPSA,ADJUDICADO,,,ADJUDICACIÓN DIRECTA,SERVICIOS,E-2025-00109192,011MAX001 - SUBGERENCIA DE ADQUISICIONES Y CONTRATACION DE SERVICIOS,CIUDAD DE MÉXICO
57,AA-08-VSS-008VSS983-N-499-2025,NACIONAL,MERCANCIAS GENERALES,APB,ADJUDICADO,,,ADJUDICACIÓN DIRECTA,ADQUISICIONES,E-2025-00107516,008VSS983 - DIRECCIÓN DE COMERCIALIZACIÓN,MÉXICO
58,AA-08-VSS-008VSS008-N-188-2025,NACIONAL,ABARROTES COMESTIBLES,APB,ADJUDICADO,,,ADJUDICACIÓN DIRECTA,ADQUISICIONES,E-2025-00037868,008VSS008 - SUBGERENCIA OPERACIONES REGIONAL NORTE CENTRO,CHIHUAHUA
59,AA-13-312-013000999-N-2-2023,NACIONAL,13-0004/23 REQ 2524 CEMENAV016 MANTENIMIENTO Y CONSERVACIÓN DE BINES INFORMÁTICO,SEMAR,ADJUDICADO,,,ADJUDICACIÓN DIRECTA,ADQUISICIONES,E-2023-00001777,013000999 - DIRECCION GENERAL ADJUNTA DE ADQUISICIONES,CIUDAD DE MÉXICO
60,AA-38-90W-03890W999-N-164-2024,NACIONAL,SERVICIO DE VIGILANCIA PARA LA UNIDAD REGIONAL NORESTE,CIESAS,ADJUDICADO,,,ADJUDICACIÓN DIRECTA,SERVICIOS,E-2025-00032613,"03890W999 - DIRECCION DE ADMINISTRACION, DEPARTAMENTO DE SERVICIOS GENERALES",CIUDAD DE MÉXICO
61,AA-50-GYR-050GYR030-N-144-2024,NACIONAL,AA - N-144- 2024 - ADQUISICION DE MEDICAMENTO Y ESTUPEFACIENTES/PSICOTROPICOS,IMSS,ADJUDICADO,,,ADJUDICACIÓN DIRECTA,ADQUISICIONES,E-2024-00060247,050GYR030 - COORDINACION DE ABASTECIMIENTO Y EQUIPAMIENTO,BAJA CALIFORNIA SUR
62,AA-11-B00-011B00001-N-4605-2024,NACIONAL,ADQUISICIÓN DE HERRAMIENTAS MENORES,IPN,ADJUDICADO,,,ADJUDICACIÓN DIRECTA,ADQUISICIONES,E-2024-00056332,011B00001 - DIRECCION DE RECURSOS MATERIALES E INFRAESTRUCTURA,CIUDAD DE MÉXICO
63,AA-08-VSS-008VSS013-N-232-2024,NACIONAL,ABARROTES COMESTIBLES,APB,ADJUDICADO,,,ADJUDICACIÓN DIRECTA,ADQUISICIONES,E-2024-00057603,008VSS013 - GERENCIA REGIONAL OAXACA,OAXACA
64,AA-08-VSS-008VSS983-N-481-2023,NACIONAL,ABARROTES COMESTIBLES,APB,ADJUDICADO,,,ADJUDICACIÓN DIRECTA,ADQUISICIONES,E-2023-00091717,008VSS983 - DIRECCIÓN DE COMERCIALIZACIÓN,MÉXICO
65,AA-06-G1C-006G1C001-N-129-2023,NACIONAL,CONTRATACIÓN DE UN MEDIO DE COMUNICACIÓN PARA LA DIFUSIÓN DE LA CAMPAÑA,BANOBRAS,ADJUDICADO,,,ADJUDICACIÓN DIRECTA,SERVICIOS,E-2023-00092883,006G1C001 - GERENCIA DE ADQUISICIONES,CIUDAD DE MÉXICO
66,AA-08-VSS-008VSS991-N-421-2023,NACIONAL,AZUCAR ESTANDAR,APB,ADJUDICADO,,,ADJUDICACIÓN DIRECTA,ADQUISICIONES,E-2023-00092102,"008VSS991 - UNIDAD OPERATIVA SAN LUIS POTOSÍ, SUBGERENCIA DE LA UNIDAD OPERATIVA",SAN LUIS POTOSÍ
67,AA-12-NAW-012NAW001-N-676-2023,NACIONAL,CONTRATACIÓN DE DIRECTOR RESPONSABLE DE OBRA D.R.O,HJM,ADJUDICADO,,,ADJUDICACIÓN DIRECTA,SERVICIOS,E-2023-00090253,012NAW001 - DIRECCION DE ADMINISTRACION,CIUDAD DE MÉXICO
68,AA-08-VSS-008VSS008-N-608-2023,NACIONAL,GALLETAS VARIAS,APB,ADJUDICADO,,,ADJUDICACIÓN DIRECTA,ADQUISICIONES,E-2023-00092100,008VSS008 - SUBGERENCIA OPERACIONES REGIONAL NORTE CENTRO,CHIHUAHUA
69,AA-47-AYL-006AYL998-N-589-2023,NACIONAL,SERVICIO DE DESARROLLO DE CONTENIDOS Y CONDUCCIÓN DE PROGRAMAS DE TELEVISIÓN,SPR,ADJUDICADO,,,ADJUDICACIÓN DIRECTA,SERVICIOS,E-2023-00092208,006AYL998 - UNIDAD DE ADMINISTRACIÓN Y FINANZAS,CIUDAD DE MÉXICO
70,AA-06-G2T-006G2T002-N-273-2024,NACIONAL,MATERIAL DE LIMPIEZA,CMM,ADJUDICADO,,,ADJUDICACIÓN DIRECTA,ADQUISICIONES,E-2024-00043465,006G2T002 - DIRECCIÓN CORPORATIVA DE ADMINSITRACIÓN,SAN LUIS POTOSÍ
71,AA-86-X75-927006974-N-17-2024,NACIONAL,22102.-PRODUCTOS ALIMENTICIOS PARA PERSONAS DERIVADO DE LA PRESTACION,SSALUDTAB,ADJUDICADO,,,ADJUDICACIÓN DIRECTA,ADQUISICIONES,E-2024-00048332,927006974 - SUBDIRECCIÓN DE RECURSOS MATERIALES Y SERVICIOS GENERALES,TABASCO
72,AA-06-A00-006A00997-N-424-2024,NACIONAL,03-24-139  SERVICIOS PROFESIONALES PARA LA ELABORACIÓN DEL AVALÚO,INDAABIN,ADJUDICADO,,,ADJUDICACIÓN DIRECTA,SERVICIOS,E-2024-00044266,006A00997 - DIRECCIÓN GENERAL DE AVALÚOS Y OBRAS,CIUDAD DE MÉXICO
73,AA-06-A00-006A00997-N-508-2024,NACIONAL,03-23-807   SERVICIOS PROFESIONALES PARA LA ELABORACIÓN DEL AVALÚO,INDAABIN,ADJUDICADO,,,ADJUDICACIÓN DIRECTA,SERVICIOS,E-2024-00047656,006A00997 - DIRECCIÓN GENERAL DE AVALÚOS Y OBRAS,CIUDAD DE MÉXICO
74,AA-50-GYR-050GYR979-N-18-2024,NACIONAL,ADJUDICACIÓN DIRECTA,IMSS,ADJUDICADO,,,ADJUDICACIÓN DIRECTA,ADQUISICIONES,E-2024-00046662,050GYR979 - DEPARTAMENTO DE CONSERVACION Y SERVICIOS GENERALES,NUEVO LEÓN
75,AA-50-GYR-050GYR082-N-155-2024,NACIONAL,SUMINISTRO DE GAS NATURAL PARA EL EJERCICIO 2024,IMSS,ADJUDICADO,,,ADJUDICACIÓN DIRECTA,SERVICIOS,E-2024-00043443,050GYR082 - HOSPITAL DE TRAUMATOLOGIA Y ORTOPEDIA NO. 21,NUEVO LEÓN
76,AA-11-B00-011B00001-N-3589-2024,NACIONAL,PRESTACIÓN DE SERVICIOS PROFESIONALES,IPN,ADJUDICADO,,,ADJUDICACIÓN DIRECTA,SERVICIOS,E-2024-00046759,011B00001 - DIRECCION DE RECURSOS MATERIALES E INFRAESTRUCTURA,CIUDAD DE MÉXICO
77,AA-47-HHG-047HHG001-N-36-2024,NACIONAL,DERECHOS LABORALES DE LAS MUJERES TRABAJADORAS DEL HOGAR,SEMUJERES,ADJUDICADO,,,ADJUDICACIÓN DIRECTA,SERVICIOS,E-2024-00058966,054400002 - UNIDAD DE ADMINISTRACIÓN Y FINANZAS,CIUDAD DE MÉXICO
78,AA-38-91C-03891C999-N-91-2024,NACIONAL,SERVICIO DE EVALUACIÓN ACTUARIAL.,COLEF,ADJUDICADO,,,ADJUDICACIÓN DIRECTA,SERVICIOS,E-2024-00056898,03891C999 - DIRECCION DE RECURSOS MATERIALES Y SERVICIOS,BAJA CALIFORNIA
79,AA-08-VSS-008VSS991-N-269-2024,NACIONAL,HARINA DE MAIZ,APB,ADJUDICADO,,,ADJUDICACIÓN DIRECTA,ADQUISICIONES,E-2024-00059992,"008VSS991 - UNIDAD OPERATIVA SAN LUIS POTOSÍ, SUBGERENCIA DE LA UNIDAD OPERATIVA",SAN LUIS POTOSÍ
80,AA-11-B00-011B00001-N-4274-2024,NACIONAL,ADQUISICIÓN DE MATERIALES ESIQIE-ADQ-465-2024,IPN,ADJUDICADO,,,ADJUDICACIÓN DIRECTA,ADQUISICIONES,E-2024-00056118,011B00001 - DIRECCION DE RECURSOS MATERIALES E INFRAESTRUCTURA,CIUDAD DE MÉXICO
81,AA-10-LAU-010LAU001-N-8-2025,NACIONAL,SERVICIOS PROFESIONALES PARA OPERAR COMO PILOTO AVIADOR LEOPOLDO GABRIEL,SGM,ADJUDICADO,,,ADJUDICACIÓN DIRECTA,SERVICIOS,E-2025-00009778,010LAU001 - SUBGERENCIA DE ADQUISICIONES,HIDALGO
82,AA-16-B00-016B00015-N-2-2025,NACIONAL,SERVICIO DE GUARDA Y CUSTODIA DE ARCHIVO,CONAGUA,ADJUDICADO,,,ADJUDICACIÓN DIRECTA,SERVICIOS,E-2025-00009549,016B00015 - SUBDIRECCION GENERAL DE ADMINISTRACION,CIUDAD DE MÉXICO
83,AA-11-B01-011B01001-N-348-2025,NACIONAL,ASISTENTE DE DISEÑADOR,ONCETV,ADJUDICADO,,,ADJUDICACIÓN DIRECTA,SERVICIOS,E-2024-00116411,011B01001 - DIRECCION DE ADMINISTRACION Y FINANZAS,CIUDAD DE MÉXICO
84,AA-82-W07-923067948-N-11-2025,NACIONAL,ADQUISICIÓN DE EQUIPO DE COMUNICACIÓN Y SERVICIO DE GEOLOCALIZACIÓN,082W07,ADJUDICADO,,,ADJUDICACIÓN DIRECTA,ADQUISICIONES,E-2025-00091788,923067948 - DIRECCIÓN DE ADMINISTRACIÓN,QUINTANA ROO
85,AA-81-003-922017981-N-22-2025,NACIONAL,MATERIAL PARA MANTENIMIENTO Y REHABILITACIÓN,COBAQ,ADJUDICADO,,,ADJUDICACIÓN DIRECTA,ADQUISICIONES,E-2025-00097538,922017981 - DIRECCIÓN ADMINISTRATIVA,QUERÉTARO
86,AA-06-G1C-006G1C001-N-8-2024,NACIONAL,SERVICIOS DE SEGURIDAD Y VIGILANCIA EN LOS INMUEBLES UBICADOS EN AVENIDA JUÁREZ,BANOBRAS,ADJUDICADO,,,ADJUDICACIÓN DIRECTA,SERVICIOS,E-2024-00007233,006G1C001 - GERENCIA DE ADQUISICIONES,CIUDAD DE MÉXICO
87,AA-48-E00-048E00995-N-120-2024,NACIONAL,"COADYUVAR EN TRÁMITES, ELABORACIÓN DE REPORTES Y CLASIFICACIÓN DE DOCUMENTOS.",INBAL,ADJUDICADO,,,ADJUDICACIÓN DIRECTA,SERVICIOS,E-2024-00009173,048E00995 - DIRECCION DE RECURSOS MATERIALES,CIUDAD DE MÉXICO
88,AA-16-RHQ-016RHQ001-N-292-2024,NACIONAL,PROVEEDOR DE SERVICIOS PROFESIONALES DE COMPENSACIÓN,CONAFOR,ADJUDICADO,,,ADJUDICACIÓN DIRECTA,SERVICIOS,E-2024-00004774,"016RHQ001 - GERENCIA DE RECURSOS MATERIALES, UNIDAD DE ADMINISTRACION Y FINANZAS",JALISCO
89,AA-48-E00-048E00995-N-108-2024,NACIONAL,COADYUVAR EN EL DISEÑO DE ESTRATEGIAS DIGITALES.,INBAL,ADJUDICADO,,,ADJUDICACIÓN DIRECTA,SERVICIOS,E-2024-00008994,048E00995 - DIRECCION DE RECURSOS MATERIALES,CIUDAD DE MÉXICO
90,AA-48-E00-048E00995-N-353-2024,NACIONAL,APOYAR A LA COORDINACIÓN  DE INFORMACIÓN Y DIFUSIÓN.,INBAL,ADJUDICADO,,,ADJUDICACIÓN DIRECTA,SERVICIOS,E-2024-00010427,048E00995 - DIRECCION DE RECURSOS MATERIALES,CIUDAD DE MÉXICO
91,AA-20-128-020000011-N-7-2024,NACIONAL,ARRENDAMIENTO DE VEHICULOS TERRESTRES,BIENESTAR,ADJUDICADO,,,ADJUDICACIÓN DIRECTA,SERVICIOS,E-2024-00010288,020000011 - DELEGACION CHIHUAHUA,CHIHUAHUA
92,AA-06-A00-006A00997-N-531-2025,NACIONAL,01-24-1600  SERVICIOS PROFESIONALES PARA LA ELABORACION DEL AVALUO,INDAABIN,ADJUDICADO,,,ADJUDICACIÓN DIRECTA,SERVICIOS,E-2025-00040814,006A00997 - DIRECCIÓN GENERAL DE AVALÚOS Y OBRAS,CIUDAD DE MÉXICO
93,AA-06-A00-006A00997-N-239-2025,NACIONAL,03-24-555    SERVICIOS PROFESIONALES PARA LA ELABORACION DEL AVALUO,INDAABIN,ADJUDICADO,,,ADJUDICACIÓN DIRECTA,SERVICIOS,E-2025-00040094,006A00997 - DIRECCIÓN GENERAL DE AVALÚOS Y OBRAS,CIUDAD DE MÉXICO
94,AA-51-GYN-051GYN030-N-21-2025,NACIONAL,ADQUISICIÓN DE MEDICAMENTO DE ALTA ESPECIALIDAD,ISSSTE,ADJUDICADO,,,ADJUDICACIÓN DIRECTA,ADQUISICIONES,E-2025-00038713,"051GYN030 - DELEGACION ESTATAL DE BAJA CALIFORNIA, DEPARTAMENTO DE RECURSOS MATERIALES Y OBRAS",BAJA CALIFORNIA
95,AA-11-L4J-011L4J995-N-683-2024,NACIONAL,REPARACION DE FOTODOCUMENTADOR MICROSCOPICO,CINVESTAV,ADJUDICADO,,,ADJUDICACIÓN DIRECTA,SERVICIOS,E-2024-00063701,011L4J995 - SUBDIRECCION DE RECURSOS MATERIALES,CIUDAD DE MÉXICO
96,AA-06-HIU-006HIU001-N-59-2024,NACIONAL,SERVICIOS PARA LA TRANSMISIÓN DE ANUNCIOS COMERCIALES EN RADIO. COMUNITARIA AC.,NAFIN,ADJUDICADO,,,ADJUDICACIÓN DIRECTA,SERVICIOS,E-2024-00067428,006HIU001 - SUBGERENCIA DE ADQUISICIONES,CIUDAD DE MÉXICO
97,AA-08-125-008000962-N-5-2023,NACIONAL,PSI.- APOYO ADMINISTRATIVO EN RECURSOS MATERIALES SADER COAHUILA,SADER,ADJUDICADO,,,ADJUDICACIÓN DIRECTA,SERVICIOS,E-2023-00014309,008000962 - SUBDELEGACIÓN ADMINISTRATIVA,COAHUILA DE ZARAGOZA
98,AA-11-B00-011B00001-N-870-2023,NACIONAL,SERVICIO DE LIMPIEZA,IPN,ADJUDICADO,,,ADJUDICACIÓN DIRECTA,SERVICIOS,E-2023-00012514,011B00001 - DIRECCION DE RECURSOS MATERIALES E INFRAESTRUCTURA,TAMAULIPAS
99,AA-11-B00-011B00001-N-5189-2024,NACIONAL,SERVICIO DE MANTENIMIENTO A VISUALIZADOR DE FLUJO,IPN,ADJUDICADO,,,ADJUDICACIÓN DIRECTA,SERVICIOS,E-2024-00053491,011B00001 - DIRECCION DE RECURSOS MATERIALES E INFRAESTRUCTURA,CIUDAD DE MÉXICO
100,AA-11-L4J-011L4J993-N-69-2024,NACIONAL,"SERVICIO DE INSPECCION, MANTENIMIENTO Y CALIBRACION DEL EQUIPO CTD SEABIRD, SBE1",CINVESTAV,ADJUDICADO,,,ADJUDICACIÓN DIRECTA,SERVICIOS,E-2024-00053900,011L4J993 - UNIDAD MERIDA,YUCATÁN
101,AA-08-VSS-008VSS968-N-59-2024,NACIONAL,"GALLETAS MARIAS, CHOCOMILK ENRIQUECIDO, CORN FLAKES",APB,ADJUDICADO,,,ADJUDICACIÓN DIRECTA,ADQUISICIONES,E-2024-00050326,008VSS968 - UNIDAD OPERATIVA TAPACHULA ABASTO,CHIAPAS
102,AA-50-GYR-050GYR011-I-88-2024,INTERNACIONAL ABIERTO,AD-039-24 BIENES TERAPEUTICOS,IMSS,ADJUDICADO PARCIAL,,,ADJUDICACIÓN DIRECTA,ADQUISICIONES,E-2024-00045874,050GYR011 - COORDINACION DE ABASTECIMIENTO Y EQUIPAMIENTO,YUCATÁN
103,AA-11-B00-011B00001-N-4143-2024,NACIONAL,PRESTACIÓN DE SERVICIOS PROFESIONALES,IPN,ADJUDICADO,,,ADJUDICACIÓN DIRECTA,SERVICIOS,E-2024-00054618,011B00001 - DIRECCION DE RECURSOS MATERIALES E INFRAESTRUCTURA,CIUDAD DE MÉXICO
104,AA-08-VSS-008VSS995-N-20-2024,NACIONAL,ABARROTES NO COMESTIBLES,APB,ADJUDICADO,,,ADJUDICACIÓN DIRECTA,ADQUISICIONES,E-2024-00015708,"008VSS995 - UNIDAD OPERATIVA QUERETARO, ABASTO",QUERÉTARO
105,AA-51-GYN-051GYN048-N-49-2024,NACIONAL,ANALISIS CLINICOS HOSPITAL GENERAL DR. A. C.R.,ISSSTE,ADJUDICADO,,,ADJUDICACIÓN DIRECTA,SERVICIOS,E-2024-00008069,"051GYN048 - REPRESENTACION ESTATAL NAYARIT, SUBDELEGACION DE ADMINISTRACION",NAYARIT
106,AA-11-B00-011B00001-N-396-2024,NACIONAL,"SERVICIOS PROFESIONALES QUE REQUIERE LA ESTACIÓN DE RADIODIFUSIÓN XHIPN-FM, 95.7",IPN,ADJUDICADO,,,ADJUDICACIÓN DIRECTA,SERVICIOS,E-2024-00014685,011B00001 - DIRECCION DE RECURSOS MATERIALES E INFRAESTRUCTURA,CIUDAD DE MÉXICO
107,AA-48-E00-048E00995-N-125-2024,NACIONAL,"DISEÑO DE IMAGEN, FOLLETOS DE PRESENTACIÓN, ANUNCIOS EN GRAN FORMATO",INBAL,ADJUDICADO,,,ADJUDICACIÓN DIRECTA,SERVICIOS,E-2024-00009125,048E00995 - DIRECCION DE RECURSOS MATERIALES,CIUDAD DE MÉXICO
108,AA-72-006-913018952-N-50-2024,NACIONAL,INSUMOS DE CAFETERIA,CABAEH,ADJUDICADO,,,ADJUDICACIÓN DIRECTA,ADQUISICIONES,E-2024-00100973,913018952 - DIRECCIÓN DE SERVICIOS ADMINISTRATIVOS,HIDALGO
109,AA-12-NDF-012NDF999-N-872-2023,NACIONAL,"CONSOLIDADO/INSABI/INRLGII/130/2023-2024 AMAROX PHARMA, S.A. DE C.V.",INR,ADJUDICADO,,,ADJUDICACIÓN DIRECTA,ADQUISICIONES,E-2023-00120969,012NDF999 - SUBDIRECCION DE COMPRAS Y SUMINISTROS,CIUDAD DE MÉXICO
110,AA-06-HJO-006HJO001-N-95-2023,NACIONAL,SERVICIO DE DIFUSIÓN NACIONAL A TRAVÉS DE 5 INSERCIONES A COLOR EN MEDIO DE COMU,BANCODELBIENESTAR,ADJUDICADO,,,ADJUDICACIÓN DIRECTA,SERVICIOS,E-2023-00124780,006HJO001 - DIRECCIÓN DE RECURSOS MATERIALES,CIUDAD DE MÉXICO
111,AA-08-VSS-008VSS016-N-1573-2023,NACIONAL,PASCUAL BOING,APB,ADJUDICADO,,,ADJUDICACIÓN DIRECTA,ADQUISICIONES,E-2023-00126543,008VSS016 - GERENCIA REGIONAL GOLFO,VERACRUZ
112,AA-85-W83-926014991-N-133-2023,NACIONAL,UTILIZACIÓN DE SOWTWARE (LICENCIA) DE EVALUACION “EVALUATEST” EN LA NUBE,ITSON,ADJUDICADO,,,ADJUDICACIÓN DIRECTA,SERVICIOS,E-2023-00126787,926014991 - DEPARTAMENTO DE ADQUISICIONES,SONORA
113,AA-50-GYR-050GYR018-I-946-2023,INTERNACIONAL ABIERTO,ADQUISICIÓN DE  MATERIAL DE CURACIÓN,IMSS,ADJUDICADO PARCIAL,,,ADJUDICACIÓN DIRECTA,ADQUISICIONES,E-2023-00125134,"050GYR018 - JEFATURA DE SERVICIOS ADMINISTRATIVOS, COORDINACION DE ABASTECIMIENTO Y EQUIPAMIENTO",TAMAULIPAS
114,AA-11-MAR-011MAR001-N-183-2024,NACIONAL,"SERVICIO DE RESPONSABLE DE LA GESTIÓN, DESARROLLO Y SEGUIMIENTO DE SUBPROGRAMAS",FCE,ADJUDICADO,,,ADJUDICACIÓN DIRECTA,SERVICIOS,E-2024-00095301,011MAR001 - SUBGERENCIA DE RECURSOS MATERIALES,CIUDAD DE MÉXICO
115,AA-47-AYO-047AYO950-N-16-2025,NACIONAL,SERVICIO DE MANTENIMIENTO PREVENTIVO Y CORRECTIVO A VEHICULOS,IMSS-BIENESTAR,ADJUDICADO,,,ADJUDICACIÓN DIRECTA,SERVICIOS,E-2025-00007372,056AYO950 - COORDINACIÓN ESTATAL EN BAJA CALIFORNIA SUR,BAJA CALIFORNIA SUR
116,AA-50-GYR-050GYR017-T-34-2025,INTERNACIONAL BAJO LA COBERTURA DE TRATADOS,"SERVICIO MÉDICO INTEGRAL DE HEMODIÁLISIS SUBROGADA, A PARTIR DE LA EMISIÓN DEL F",IMSS,ADJUDICADO,,,ADJUDICACIÓN DIRECTA,SERVICIOS,E-2025-00008415,050GYR017 - COORDINACIÓN DE ABASTECIMIENTO Y EQUIPAMIENTO OOAD HIDALGO,HIDALGO
117,AA-49-830-049000975-N-155-2024,NACIONAL,SERVICIO DE MANTENIMIENTO A EQUIPOS DE BALISTICA (IBIS),FGR,ADJUDICADO,,,ADJUDICACIÓN DIRECTA,SERVICIOS,E-2024-00098627,049000975 - DIRECCION DE ADQUISICIONES,CIUDAD DE MÉXICO
118,AA-47-AYO-047AYO951-N-8-2025,NACIONAL,SERVICIO DE SUMINISTRO DE AGUA PURIFICADA,IMSS-BIENESTAR,ADJUDICADO,,,ADJUDICACIÓN DIRECTA,SERVICIOS,E-2025-00009584,056AYO951 - COORDINACIÓN ESTATAL EN LA CIUDAD DE MÉXICO,CIUDAD DE MÉXICO
119,AA-20-127-020000872-N-4-2025,NACIONAL,PRODUCTOS ALIMENTICIOS PARA EL PERSONAL QUE REALIZA LABORES EN CAMPO O DE SUPERV,BIENESTAR,ADJUDICADO,,,ADJUDICACIÓN DIRECTA,ADQUISICIONES,E-2025-00007795,020000872 - SUBDELEGACION DE ADMINISTRACION,CHIAPAS
120,AA-38-91Q-03891Q001-N-10-2023,NACIONAL,GENERACIÓN DE ESCENARIOS ALTERNATIVOS DE CAMBIOS EN LOS PATRONES DE USO DE SUELO,INECOL,ADJUDICADO,,,ADJUDICACIÓN DIRECTA,SERVICIOS,E-2023-00000206,03891Q001 - SUBDIRECCION DE BIENES Y SERVICIOS,VERACRUZ
121,AA-11-B00-011B00001-N-4001-2023,NACIONAL,SERVICIOS PROFESIONALES,IPN,ADJUDICADO,,,ADJUDICACIÓN DIRECTA,SERVICIOS,E-2023-00067573,011B00001 - DIRECCION DE RECURSOS MATERIALES E INFRAESTRUCTURA,CIUDAD DE MÉXICO
122,AA-12-NDF-012NDF999-N-537-2023,NACIONAL,PEDIDO 593,INR,ADJUDICADO,,,ADJUDICACIÓN DIRECTA,ADQUISICIONES,E-2023-00067735,012NDF999 - SUBDIRECCION DE COMPRAS Y SUMINISTROS,CIUDAD DE MÉXICO
123,AA-12-NDE-012NDE001-N-191-2023,NACIONAL,SERVICIO DE TRATAMIENTO DE HIPOTERMIA CORPORAL,INPER,ADJUDICADO,,,ADJUDICACIÓN DIRECTA,SERVICIOS,E-2023-00066993,012NDE001 - SUBDIRECCION DE RECURSOS MATERIALES Y CONSERVACION,CIUDAD DE MÉXICO
124,AA-08-VSS-008VSS984-N-875-2023,NACIONAL,ABARROTES COMESTIBLES,APB,ADJUDICADO,,,ADJUDICACIÓN DIRECTA,ADQUISICIONES,E-2023-00126046,"008VSS984 - SUBGERENCIA REGIONAL NOROESTE, UNIDAD OPERATIVA CULIACÁN",BAJA CALIFORNIA SUR
125,AA-06-H00-006H00999-N-43-2023,NACIONAL,CONTRATACION CONSOLIDADA PARA EL SERVICIO DE SUMINISTRO DE VALES ELECTRONICOS D,ANAM,ADJUDICADO,,,ADJUDICACIÓN DIRECTA,SERVICIOS,E-2023-00124856,006H00999 - DIRECCIÓN DE RECURSOS MATERIALES Y SERVICIOS GENERALES,CIUDAD DE MÉXICO
126,AA-50-GYR-050GYR019-N-346-2023,NACIONAL,SERVICIO DE AUDITORÍA EXTERNA PARA DICTAMINAR LOS ESTADOS FINANCIEROS (FOFOE),IMSS,ADJUDICADO,,,ADJUDICACIÓN DIRECTA,SERVICIOS,E-2023-00124884,050GYR019 - DA-UADQ-CABCS-DCAL,CIUDAD DE MÉXICO
127,AA-08-VSS-008VSS016-N-1445-2023,NACIONAL,D BOLD 3 FLORES AMORES CJ 850GR18PZ15.3K,APB,ADJUDICADO,,,ADJUDICACIÓN DIRECTA,ADQUISICIONES,E-2023-00125337,008VSS016 - GERENCIA REGIONAL GOLFO,VERACRUZ
128,AA-08-VSS-008VSS976-N-453-2023,NACIONAL,ABARROTES COMESTIBLES,APB,ADJUDICADO,,,ADJUDICACIÓN DIRECTA,ADQUISICIONES,E-2023-00122428,"008VSS976 - UNIDAD OPERATIVA MIXTECA, ABASTO",OAXACA
129,AA-08-VSS-008VSS984-N-572-2023,NACIONAL,ABARROTES COMESTIBLES,APB,ADJUDICADO,,,ADJUDICACIÓN DIRECTA,ADQUISICIONES,E-2023-00121346,"008VSS984 - SUBGERENCIA REGIONAL NOROESTE, UNIDAD OPERATIVA CULIACÁN",BAJA CALIFORNIA
130,AA-08-VSS-008VSS996-N-547-2023,NACIONAL,ABARROTES COMESTIBLES,APB,ADJUDICADO,,,ADJUDICACIÓN DIRECTA,ADQUISICIONES,E-2023-00116604,008VSS996 - SUBGERENCIA DE U.O.TUXTLA ABASTO,CHIAPAS
131,AA-12-512-012000991-N-196-2023,NACIONAL,SERVICIO DE DIFUSIÓN DE LA CAMPAÑA NACIONAL DE SALUD MENTAL Y ADICCIONES.,SSA,ADJUDICADO,,,ADJUDICACIÓN DIRECTA,SERVICIOS,E-2023-00121289,012000991 - DIRECCION GENERAL DE RECURSOS MATERIALES Y SERVICIOS GENERALES,CIUDAD DE MÉXICO
132,AA-12-NDF-012NDF999-N-879-2023,NACIONAL,CONSOLIDADO/INSABI/INRLGII/42/2023-2024,INR,ADJUDICADO,,,ADJUDICACIÓN DIRECTA,ADQUISICIONES,E-2023-00122490,012NDF999 - SUBDIRECCION DE COMPRAS Y SUMINISTROS,CIUDAD DE MÉXICO
133,AA-13-312-013000999-N-1156-2024,NACIONAL,NAC 13-1207/24 REQ 1691 CEMENAV141 MATERIALES ACCESORIOS Y SUMINISTROS MEDICOS,SEMAR,ADJUDICADO,,,ADJUDICACIÓN DIRECTA,ADQUISICIONES,E-2024-00092597,013000999 - DIRECCION GENERAL ADJUNTA DE ADQUISICIONES,CIUDAD DE MÉXICO
134,AA-51-GYN-051GYN055-N-39-2024,NACIONAL,ADQUISICIÓN DE QUÍMICOS PARA LAVANDERÍA,ISSSTE,ADJUDICADO,,,ADJUDICACIÓN DIRECTA,ADQUISICIONES,E-2024-00089654,"051GYN055 - DELEGACION ESTATAL COLIMA, SUBDELEGACION DE ADMINISTRACION",COLIMA
135,AA-73-028-914139990-N-20-2024,NACIONAL,EQUIPO EI NSTALACIÓN DE AIRE ACONDIICONADO PARA AULA INTELIGENTE Y LABORATORIO,UTJ,ADJUDICADO,,,ADJUDICACIÓN DIRECTA,ADQUISICIONES,E-2024-00088259,914139990 - JEFATURA DE RECURSOS MATERIALES Y SERVICIOS GENERALES,JALISCO
136,AA-67-P70-908093968-N-16-2024,NACIONAL,SERVICIOS EN LA PRÁCTICA DE AUDITORÍA A LOS ESTADOS FINANCIEROS 2023,ICATECH,ADJUDICADO,,,ADJUDICACIÓN DIRECTA,SERVICIOS,E-2024-00092420,908093968 - DIRECCIÓN ADMINISTRATIVA,CHIHUAHUA
137,AA-13-312-013000999-N-894-2024,NACIONAL,NAC 13-0944/24 REQ 1513 CTL00132 HERRAMIENTAS MENORES,SEMAR,ADJUDICADO,,,ADJUDICACIÓN DIRECTA,ADQUISICIONES,E-2024-00069888,013000999 - DIRECCION GENERAL ADJUNTA DE ADQUISICIONES,CIUDAD DE MÉXICO
138,AA-08-VSS-008VSS969-N-5-2024,NACIONAL,ABARROTES COMESTIBLES,APB,ADJUDICADO,,,ADJUDICACIÓN DIRECTA,ADQUISICIONES,E-2024-00068589,008VSS969 - UNIDAD OPERATIVA ORIZABA,VERACRUZ
139,AA-48-410-048410003-N-918-2023,NACIONAL,SERVICIOS PROFESIONALES CONSISTENTES EN COADYUVAR CON LA DIRECCIÓN GENERAL DE PU,CULTURA,ADJUDICADO,,,ADJUDICACIÓN DIRECTA,SERVICIOS,E-2023-00018656,048410003 - DEPARTAMENTO DE COMITE,CIUDAD DE MÉXICO
140,AA-48-410-048410003-N-1020-2023,NACIONAL,SERVICIOS PROFESIONALES CONSISTENTES EN COADYUVAR EN LA REALIZACIÓN DE LOS CONTE,CULTURA,ADJUDICADO,,,ADJUDICACIÓN DIRECTA,SERVICIOS,E-2023-00019078,048410003 - DEPARTAMENTO DE COMITE,CIUDAD DE MÉXICO
141,AA-50-GYR-050GYR017-T-63-2023,INTERNACIONAL BAJO LA COBERTURA DE TRATADOS,ADQUISICIÓN DE CLAVES DE LOS GRUPOS DE SUMINISTRO 010 “MEDICAMENTO” Y 040 “PSICO,IMSS,ADJUDICADO,,,ADJUDICACIÓN DIRECTA,ADQUISICIONES,E-2023-00019500,050GYR017 - COORDINACION DE ABASTECIMIENTO Y EQUIPAMIENTO,HIDALGO
142,AA-08-VSS-008VSS974-N-731-2023,NACIONAL,HARINA DE TRIGO GLOBO,APB,ADJUDICADO,,,ADJUDICACIÓN DIRECTA,ADQUISICIONES,E-2023-00123303,008VSS974 - UNIDAD OPERATIVA COAHUILA,COAHUILA DE ZARAGOZA
143,AA-06-A00-006A00997-N-3450-2023,NACIONAL,04-23-1156  SERVICIOS PROFESIONALES PARA LA ELABORACIÓN DEL AVALÚO,INDAABIN,ADJUDICADO,,,ADJUDICACIÓN DIRECTA,SERVICIOS,E-2023-00081396,006A00997 - DIRECCIÓN GENERAL DE AVALÚOS Y OBRAS,CIUDAD DE MÉXICO
144,AA-12-NCH-012NCH001-I-107-2023,INTERNACIONAL ABIERTO,"ADQUISICIÓN DE INSUMOS BCL, DIBAR Y AMBIDERM",INMEGEN,ADJUDICADO,,,ADJUDICACIÓN DIRECTA,ADQUISICIONES,E-2023-00082522,012NCH001 - DIRECCION GENERAL,CIUDAD DE MÉXICO
145,AA-11-B00-011B00001-N-4295-2023,NACIONAL,CONTRATACIÓN ABIERTA DEL SERVICIO DE RESERVACIÓN Y EXPEDICIÓN DE BOLETOS PARA EL,IPN,ADJUDICADO,,,ADJUDICACIÓN DIRECTA,SERVICIOS,E-2023-00081143,011B00001 - DIRECCION DE RECURSOS MATERIALES E INFRAESTRUCTURA,BAJA CALIFORNIA SUR
146,AO-21-W3N-021W3N003-N-150-2023,NACIONAL,"OBRAS DE REHAB DE AGUA POTABLE EN EL TRAMO CONEJOS, EN EL CIP HUATULCO, OAX",FONATUR,ADJUDICADO,,,ADJUDICACIÓN DIRECTA,OBRA PÚBLICA,E-2023-00081227,021W3N003 - SUBDIRECCION DE ADQUISICIONES Y SERVICIOS GENERALES,CIUDAD DE MÉXICO
147,AA-11-MAR-011MAR001-N-130-2024,NACIONAL,SERVICIO PARA LA IMPARTICIÓN Y SEGUIMIENTO GRUPAL DE LOS MÓDULOS DE CAPACITACIÓN,FCE,ADJUDICADO,,,ADJUDICACIÓN DIRECTA,SERVICIOS,E-2024-00074274,011MAR001 - SUBGERENCIA DE RECURSOS MATERIALES,CIUDAD DE MÉXICO
148,AA-51-GYN-051GYN024-N-117-2024,NACIONAL,SERVICIOS DE FLETES Y MANIOBRAS PARA TRANSLADO DE BASURA,ISSSTE,ADJUDICADO,,,ADJUDICACIÓN DIRECTA,SERVICIOS,E-2024-00072585,051GYN024 - COORDINACION DE RECURSOS MATERIALES,SINALOA
149,AA-16-F00-016F00001-N-31-2024,NACIONAL,SERVICIO PARA LA DIFUSIÓN EN DIARIOS EDITADOS DIGÍTALES,CONANP,ADJUDICADO,,,ADJUDICACIÓN DIRECTA,SERVICIOS,E-2024-00075938,016F00001 - DIRECCIÓN DE ADMINISTRACIÓN Y FINANZAS,CIUDAD DE MÉXICO
150,AO-18-TON-018TON999-N-82-2024,NACIONAL,REPARACIÓN DE BANQUETA PERIMETRAL EN LA ESTACIÓN DE COMPRESIÓN CÁRDENAS,CENAGAS,ADJUDICADO,,,ADJUDICACIÓN DIRECTA,OBRA PÚBLICA,E-2024-00072150,"018TON999 - UNIDAD DE ADMINISTRACION Y FINANZAS, DIRECCION EJECUTIVA DE RECURSOS MATERIALES",CIUDAD DE MÉXICO
151,AA-08-VSS-008VSS992-N-248-2025,NACIONAL,ABARROTES COMESTIBLES,APB,ADJUDICADO,,,ADJUDICACIÓN DIRECTA,ADQUISICIONES,E-2025-00092707,"008VSS992 - GERENCIA REGIONAL OCCIDENTAL, ABASTO",JALISCO
152,AA-08-VSS-008VSS976-N-238-2025,NACIONAL,GRANOS ARROZ GRANO LARGO 5% ENVASADO,APB,ADJUDICADO,,,ADJUDICACIÓN DIRECTA,ADQUISICIONES,E-2025-00093494,"008VSS976 - UNIDAD OPERATIVA MIXTECA, ABASTO",OAXACA
153,AA-08-VSS-008VSS008-N-750-2025,NACIONAL,ABARROTES NO COMESTIBLES,APB,ADJUDICADO,,,ADJUDICACIÓN DIRECTA,ADQUISICIONES,E-2025-00097282,008VSS008 - SUBGERENCIA OPERACIONES REGIONAL NORTE CENTRO,CHIHUAHUA
154,AA-08-VSS-008VSS982-N-45-2025,NACIONAL,PRODUCTOS DIVERSOS,APB,ADJUDICADO,,,ADJUDICACIÓN DIRECTA,ADQUISICIONES,E-2025-00093575,008VSS982 - UNIDAD OPERATIVA MORELOS,MORELOS
155,AA-48-410-048410003-N-981-2026,NACIONAL,PRESTACIÓN DE SERVICIOS PROFESIONALES CONSISTENTES EN COADYUVAR EN LA PLANEACIÓN,CULTURA,ADJUDICADO,,,ADJUDICACIÓN DIRECTA,SERVICIOS,E-2026-00033761,048410003 - DEPARTAMENTO DE COMITE,CIUDAD DE MÉXICO
156,AA-50-GYR-050GYR082-N-26-2024,NACIONAL,MEDICAMENTOS,IMSS,ADJUDICADO,,,ADJUDICACIÓN DIRECTA,ADQUISICIONES,E-2024-00002091,050GYR082 - HOSPITAL DE TRAUMATOLOGIA Y ORTOPEDIA NO. 21,NUEVO LEÓN
157,AA-11-B01-011B01001-N-444-2024,NACIONAL,ASISTENTE DE PRODUCCION,ONCETV,ADJUDICADO,,,ADJUDICACIÓN DIRECTA,SERVICIOS,E-2024-00000575,011B01001 - DIRECCION DE ADMINISTRACION Y FINANZAS,CIUDAD DE MÉXICO
158,AA-06-A00-006A00997-N-5860-2023,NACIONAL,01-23-1108   SERVICIOS PROFESIONALES PARA LA ELABORACIÓN DEL AVALÚO,INDAABIN,ADJUDICADO,,,ADJUDICACIÓN DIRECTA,SERVICIOS,E-2023-00133550,006A00997 - DIRECCIÓN GENERAL DE AVALÚOS Y OBRAS,CIUDAD DE MÉXICO
159,AA-11-B01-011B01001-N-358-2024,NACIONAL,MAQUILLISTA PEINADORA,ONCETV,ADJUDICADO,,,ADJUDICACIÓN DIRECTA,SERVICIOS,E-2024-00000892,011B01001 - DIRECCION DE ADMINISTRACION Y FINANZAS,CIUDAD DE MÉXICO
160,AA-11-B00-011B00001-N-938-2024,NACIONAL,PRESTACIÓN DE SERVICIOS PROFESIONALES PARA CUBRIR LAS NECESIDADES DE LA DAE,IPN,ADJUDICADO,,,ADJUDICACIÓN DIRECTA,SERVICIOS,E-2024-00020155,011B00001 - DIRECCION DE RECURSOS MATERIALES E INFRAESTRUCTURA,CIUDAD DE MÉXICO
161,AA-11-L4J-011L4J998-N-56-2025,NACIONAL,KIT SUPERMIX DE SINTESIS DE PRIMERA CADENA SUPERSCRIP III PARA QRT-PCR (1175,CINVESTAV,ADJUDICADO,,,ADJUDICACIÓN DIRECTA,ADQUISICIONES,E-2025-00072043,011L4J998 - DEPARTAMENTO DE ADQUISICIONES EN IRAPUATO,GUANAJUATO
162,AA-38-90M-03890M001-N-55-2025,NACIONAL,SUSCRIPCIÓN DE CONEXIÓN DE PLATAFORMAS EN LINEA A TRAVÉS DEL SISTEMA  LIB.STEPS,CIDE,ADJUDICADO,,,ADJUDICACIÓN DIRECTA,SERVICIOS,E-2025-00071607,03890M001 - DIRECCION DE RECURSOS MATERIALES Y SERVICIOS GENERALES,CIUDAD DE MÉXICO
163,AA-12-512-012000991-N-146-2025,NACIONAL,SERVICIO DE DIFUSIÓN DE LA CAMPAÑA: PREVENCIÓN DE LA SALUD.,SSA,ADJUDICADO,,,ADJUDICACIÓN DIRECTA,SERVICIOS,E-2025-00070951,012000991 - DIRECCION GENERAL DE RECURSOS MATERIALES Y SERVICIOS GENERALES,CIUDAD DE MÉXICO
164,AA-85-H90-826018993-N-8-2023,NACIONAL,ADQUISICION DE SUBESTACION ELECTRICA DE 440V,085H90,ADJUDICADO,,,ADJUDICACIÓN DIRECTA,ADQUISICIONES,E-2023-00012302,826018993 - DIRECCION ADMINISTRATIVA,SONORA
165,AA-15-412-015000999-N-290-2023,NACIONAL,PRESTADOR DE SERVICIOS,SEDATU,ADJUDICADO,,,ADJUDICACIÓN DIRECTA,SERVICIOS,E-2023-00012938,015000999 - DIRECCION GENERAL DE RECURSOS MATERIALES Y SERVICIOS GENERALES,CIUDAD DE MÉXICO
166,AA-11-B00-011B00001-N-679-2023,NACIONAL,PRESTACIÓN DE SERVICIOS PROFESIONALES PARA LA UPIICSA,IPN,ADJUDICADO,,,ADJUDICACIÓN DIRECTA,SERVICIOS,E-2023-00013762,011B00001 - DIRECCION DE RECURSOS MATERIALES E INFRAESTRUCTURA,CIUDAD DE MÉXICO
167,AA-85-W83-926014991-N-10-2023,NACIONAL,AGUA PURIFICADA EN PRESENTACIÓN DE GARRAFÓN  DE 19 LITROS,ITSON,ADJUDICADO,,,ADJUDICACIÓN DIRECTA,SERVICIOS,E-2023-00012219,926014991 - DEPARTAMENTO DE ADQUISICIONES,SONORA
168,AA-12-NCD-012NCD001-I-13-2025,INTERNACIONAL ABIERTO,REACTIVOS EXPERIMENTALES PARA ANALISIS DE PERFIL GENETICO A RESPUESTA POR VIRUS,INER,ADJUDICADO,,,ADJUDICACIÓN DIRECTA,ADQUISICIONES,E-2025-00020961,012NCD001 - DEPARTAMENTO DE ADQUISICIONES,CIUDAD DE MÉXICO
169,AA-11-L6W-011L6W998-N-6-2025,NACIONAL,MATERIAL DE LIMPIEZA MICHOACAN,CONAFE,ADJUDICADO,,,ADJUDICACIÓN DIRECTA,ADQUISICIONES,E-2025-00024218,011L6W998 - COORDINACIÓN TERRITORIAL PARA EL SERVICIO EDUCATIVO DEL CONAFE EN MICHOACÁN,MICHOACÁN DE OCAMPO
170,AA-06-G3A-006G3A001-N-15-2025,NACIONAL,SERVICIO MÉDICO INTEGRAL,CONDUSEF,ADJUDICADO,,,ADJUDICACIÓN DIRECTA,SERVICIOS,E-2025-00018355,006G3A001 - DIRECCIÓN DE RECURSOS MATERIALES Y SERVICIOS GENERALES,CIUDAD DE MÉXICO
171,AA-12-NCZ-012NCZ001-N-104-2023,NACIONAL,PRODUCTOS QUIMICOS BASICOS,INP,ADJUDICADO,,,ADJUDICACIÓN DIRECTA,ADQUISICIONES,E-2023-00027896,012NCZ001 - DIRECCION DE ADMINISTRACION,CIUDAD DE MÉXICO
172,AA-08-VSS-008VSS991-N-97-2023,NACIONAL,JABON EN POLVO Y DETERGENTE,APB,ADJUDICADO,,,ADJUDICACIÓN DIRECTA,ADQUISICIONES,E-2023-00028244,"008VSS991 - UNIDAD OPERATIVA SAN LUIS POTOSÍ, SUBGERENCIA DE LA UNIDAD OPERATIVA",SAN LUIS POTOSÍ
173,AA-11-B00-011B00001-N-2094-2023,NACIONAL,PRESTACION DE SERVICIOS PROFESIONALES PARA LA UPIICSA,IPN,ADJUDICADO,,,ADJUDICACIÓN DIRECTA,SERVICIOS,E-2023-00029195,011B00001 - DIRECCION DE RECURSOS MATERIALES E INFRAESTRUCTURA,CIUDAD DE MÉXICO
174,AA-11-L6J-011L6J001-N-42-2023,NACIONAL,SERVICIO DE IMPRESIÓN DE PRUEBAS DE COLOR (PLÓTER) DE INTERIORES Y PORTADAS,CONALITEG,ADJUDICADO,,,ADJUDICACIÓN DIRECTA,SERVICIOS,E-2023-00029270,011L6J001 - DIRECCION DE RECURSOS MATERIALES Y SERVICIOS GENERALES,CIUDAD DE MÉXICO
175,AA-06-A00-006A00997-N-332-2023,NACIONAL,03-22-866  SERVICIOS PROFESIONALES PARA LA ELABORACIÓN DEL AVALÚO,INDAABIN,ADJUDICADO,,,ADJUDICACIÓN DIRECTA,SERVICIOS,E-2023-00030017,006A00997 - DIRECCIÓN GENERAL DE AVALÚOS Y OBRAS,CIUDAD DE MÉXICO
176,AA-08-VSS-008VSS991-N-113-2023,NACIONAL,GALLETAS..,APB,ADJUDICADO,,,ADJUDICACIÓN DIRECTA,ADQUISICIONES,E-2023-00029282,"008VSS991 - UNIDAD OPERATIVA SAN LUIS POTOSÍ, SUBGERENCIA DE LA UNIDAD OPERATIVA",SAN LUIS POTOSÍ
177,AA-08-VSS-008VSS991-N-125-2023,NACIONAL,HARINA DE TRIGO,APB,ADJUDICADO,,,ADJUDICACIÓN DIRECTA,ADQUISICIONES,E-2023-00029856,"008VSS991 - UNIDAD OPERATIVA SAN LUIS POTOSÍ, SUBGERENCIA DE LA UNIDAD OPERATIVA",SAN LUIS POTOSÍ
178,AA-08-VSS-008VSS984-N-156-2023,NACIONAL,ABARROTES NO COMESTIBLES,APB,ADJUDICADO,,,ADJUDICACIÓN DIRECTA,ADQUISICIONES,E-2023-00033810,"008VSS984 - SUBGERENCIA REGIONAL NOROESTE, UNIDAD OPERATIVA CULIACÁN",SINALOA
179,AA-47-MDL-047MDL998-N-46-2023,NACIONAL,SERVICIOS PROFESIONALES INDEPENDIENTES,IMER,ADJUDICADO,,,ADJUDICACIÓN DIRECTA,SERVICIOS,E-2023-00033867,"047MDL998 - DIRECCION DE ADMINISTRACION Y FINANZAS, SUBDIRECCION DE ADMINISTRACION",CIUDAD DE MÉXICO
180,AA-48-D00-048D00001-N-367-2023,NACIONAL,SERVICIOS DE LIMPIEZA,INAH,ADJUDICADO,,,ADJUDICACIÓN DIRECTA,SERVICIOS,E-2023-00033543,048D00001 - COORDINACION NACIONAL DE RECURSOS MATERIALES Y SERVICIOS,CIUDAD DE MÉXICO
181,AA-50-GYR-050GYR060-T-113-2023,INTERNACIONAL BAJO LA COBERTURA DE TRATADOS,SERVICIO MEDICO INTEGRAL DE HEMODINAMIA PE,IMSS,ADJUDICADO,,,ADJUDICACIÓN DIRECTA,SERVICIOS,E-2023-00033276,"050GYR060 - UMAE HOSPITAL DE PEDIATRIA DEL CMNO, DEPARTAMENTO DE ABASTECIMIENTO Y EQUIPAMIENTO",JALISCO
182,AA-09-J0U-009J0U998-N-22-2023,NACIONAL,"PLAGUICIDAS, ABONOS Y FERTILIZANTES, PARA LOS CAMPAMENTOS DE CONSERVACIÓN",CAPUFE,ADJUDICADO,,,ADJUDICACIÓN DIRECTA,ADQUISICIONES,E-2023-00036094,009J0U998 - SUBGERENCIA DE ADMINISTRACIÓN URVH,TABASCO
183,AA-06-A00-006A00997-N-560-2025,NACIONAL,01-24-509   SERVICIOS PROFESIONALES PARA LA ELABORACIÓN DEL AVALÚO,INDAABIN,ADJUDICADO,,,ADJUDICACIÓN DIRECTA,SERVICIOS,E-2025-00040898,006A00997 - DIRECCIÓN GENERAL DE AVALÚOS Y OBRAS,CIUDAD DE MÉXICO
184,AA-06-A00-006A00997-N-1724-2025,NACIONAL,01-22-1795	 SERVICIOS PROFESCIONALES PARA LA ELABORACION DE AVALUOS.,INDAABIN,ADJUDICADO,,,ADJUDICACIÓN DIRECTA,SERVICIOS,E-2025-00053485,006A00997 - DIRECCIÓN GENERAL DE AVALÚOS Y OBRAS,CIUDAD DE MÉXICO
185,AA-06-A00-006A00997-N-1377-2025,NACIONAL,04-22-692   SERVICIOS PROFESIONALES PARA LA ELABORACION DEL AVALUO,INDAABIN,ADJUDICADO,,,ADJUDICACIÓN DIRECTA,SERVICIOS,E-2025-00052408,006A00997 - DIRECCIÓN GENERAL DE AVALÚOS Y OBRAS,CIUDAD DE MÉXICO
186,AA-47-AYL-006AYL998-N-485-2025,NACIONAL,ADQUISICIÓN DE SONDA DE MONITORIZACIÓN DE SEÑAL PARA LAS ESTACIONES DE TDT DE MO,SPR,ADJUDICADO,,,ADJUDICACIÓN DIRECTA,ADQUISICIONES,E-2025-00081014,006AYL998 - UNIDAD DE ADMINISTRACIÓN Y FINANZAS,CIUDAD DE MÉXICO
187,AA-70-006-911014999-N-15-2025,NACIONAL,ADQUISICIÓN DE HILOS Y TELAS,CECYTE,ADJUDICADO,,,ADJUDICACIÓN DIRECTA,ADQUISICIONES,E-2025-00083656,911014999 - DIRECCIÓN FINANCIERA Y ADMINISTRATIVA,GUANAJUATO
188,AA-11-B00-011B00001-N-3650-2023,NACIONAL,CDA-SUBCONTRATACIÓN DE SERVICIOS CON TERCEROS 2023,IPN,ADJUDICADO,,,ADJUDICACIÓN DIRECTA,SERVICIOS,E-2023-00061603,011B00001 - DIRECCION DE RECURSOS MATERIALES E INFRAESTRUCTURA,CIUDAD DE MÉXICO
189,AA-11-B00-011B00001-N-3566-2023,NACIONAL,CONTRATACIÓN DE PERSONAL PARA LA PRESTACIÓN DE SERVICIOS PARA LA DSG,IPN,ADJUDICADO,,,ADJUDICACIÓN DIRECTA,SERVICIOS,E-2023-00059231,011B00001 - DIRECCION DE RECURSOS MATERIALES E INFRAESTRUCTURA,CIUDAD DE MÉXICO
190,AA-48-L3N-048L3N001-N-180-2023,NACIONAL,APOYO EN EL ÁREA DE INFORMÁTICA,CCC,ADJUDICADO,,,ADJUDICACIÓN DIRECTA,SERVICIOS,E-2023-00061648,"048L3N001 - SUBDIRECCION DE ADMINISTRACION Y FINANZAS, DEPARTAMENTO DE SERVICIOS",CIUDAD DE MÉXICO
191,AA-06-A00-006A00997-N-1954-2023,NACIONAL,04-23-580  SERVICIOS PROFESIONALES PARA LA ELABORACIÓN DEL AVALÚO,INDAABIN,ADJUDICADO,,,ADJUDICACIÓN DIRECTA,SERVICIOS,E-2023-00061335,006A00997 - DIRECCIÓN GENERAL DE AVALÚOS Y OBRAS,CIUDAD DE MÉXICO
192,AA-12-NDY-012NDY001-N-354-2023,NACIONAL,REALIZACIÓN DEL LEVANTAMIENTO DE  INFORMACIÓN DEL CUESTIONARIO DE LOS COMPONENTE,INSP,ADJUDICADO,,,ADJUDICACIÓN DIRECTA,SERVICIOS,E-2023-00061780,012NDY001 - DEPARTAMENTO DE SERVICIOS GENERALES Y MANTENIMIENTO,MORELOS
193,AA-10-LAU-010LAU001-N-174-2025,NACIONAL,MANTENIMIENTO PREVENTIVO A UPS Y ADQUISICIÓN DE BATERÍAS PARA EL CEO,SGM,ADJUDICADO,,,ADJUDICACIÓN DIRECTA,SERVICIOS,E-2025-00083756,010LAU001 - SUBGERENCIA DE ADQUISICIONES,OAXACA
194,AA-08-VSS-008VSS008-N-589-2025,NACIONAL,ABARROTES COMESTIBLES,APB,ADJUDICADO,,,ADJUDICACIÓN DIRECTA,ADQUISICIONES,E-2025-00085719,008VSS008 - SUBGERENCIA OPERACIONES REGIONAL NORTE CENTRO,CHIHUAHUA
195,AA-08-VSS-008VSS005-N-81-2025,NACIONAL,RED PRIVADA VIRTUAL,APB,ADJUDICADO,,,ADJUDICACIÓN DIRECTA,SERVICIOS,E-2025-00078639,008VSS005 - GERENCIA DE RECURSOS MATERIALES Y SERVICIOS GENERALES,CIUDAD DE MÉXICO
196,AA-08-VSS-008VSS008-N-615-2025,NACIONAL,ABARROTES COMESTIBLES,APB,ADJUDICADO,,,ADJUDICACIÓN DIRECTA,ADQUISICIONES,E-2025-00086133,008VSS008 - SUBGERENCIA OPERACIONES REGIONAL NORTE CENTRO,CHIHUAHUA
197,AA-15-B00-015B00971-N-1-2025,NACIONAL,CONTRATO DE ESTACIONAMIENTO,RAN,ADJUDICADO,,,ADJUDICACIÓN DIRECTA,SERVICIOS,E-2025-00083305,015B00971 - REPRESENTACIÓN GUERRERO,GUERRERO
198,AA-08-VSS-008VSS013-N-363-2025,NACIONAL,ABARROTES NO COMESTIBLES,APB,ADJUDICADO,,,ADJUDICACIÓN DIRECTA,ADQUISICIONES,E-2026-00013596,008VSS013 - GERENCIA REGIONAL OAXACA,OAXACA
199,AA-48-E00-048E00995-N-687-2026,NACIONAL,ASISTENCIA CURATORIALGESTIÓN DE PROYECTOS Y PROCEDIMIENTOS OPERATIVOS,INBAL,ADJUDICADO,,,ADJUDICACIÓN DIRECTA,SERVICIOS,E-2026-00014994,048E00995 - DIRECCION DE RECURSOS MATERIALES,CIUDAD DE MÉXICO
200,AA-48-410-048410003-N-252-2026,NACIONAL,SERVICIOS PROFESIONALES CORRESPONDIENTES EN COADYUVAR CON LA ELABORACIÓN Y SEGUI,CULTURA,ADJUDICADO,,,ADJUDICACIÓN DIRECTA,SERVICIOS,E-2026-00014559,048410003 - DEPARTAMENTO DE COMITE,CIUDAD DE MÉXICO
201,AA-48-410-048410003-N-913-2025,NACIONAL,SERVICIOS PROFESIONALES CONSISTENTES EN COADYUVAR EN LA EJECUCIÓN DEL PROYECTO D,CULTURA,ADJUDICADO,,,ADJUDICACIÓN DIRECTA,SERVICIOS,E-2025-00030482,048410003 - DEPARTAMENTO DE COMITE,CIUDAD DE MÉXICO
202,AA-11-B00-011B00001-N-5081-2023,NACIONAL,CIDIM-CCA-SP-0087-2023,IPN,ADJUDICADO,,,ADJUDICACIÓN DIRECTA,SERVICIOS,E-2023-00093788,011B00001 - DIRECCION DE RECURSOS MATERIALES E INFRAESTRUCTURA,CIUDAD DE MÉXICO
203,AA-11-L6W-011L6W001-N-271-2023,NACIONAL,SERVICIO DE MANTENIMIENTO A LOS AIRES ACONDICIONADOS DE LA COT CHIAPAS,CONAFE,ADJUDICADO,,,ADJUDICACIÓN DIRECTA,SERVICIOS,E-2023-00094513,"011L6W001 - DIRECCION DE ADMINISTRACION Y FINANZAS, SUBDIRECCION DE RECURSOS MATERIALES",CHIAPAS
204,AA-09-J0U-009J0U001-N-3-2024,NACIONAL,CONTRATACIÓN DEL SEGURO DEL USUARIO PARA CAMINOS Y PUENTES FEDERALES DE INGRESOS,CAPUFE,ADJUDICADO,,,ADJUDICACIÓN DIRECTA,SERVICIOS,E-2023-00094322,009J0U001 - GERENCIA DE RECURSOS MATERIALES,MORELOS
205,AA-11-L8G-011L8G001-N-23-2025,NACIONAL,LICENCIA DE DERECHOS DE USO DE SOFTWARE ANTIVIRUS CON DEFENSA DINÁMICA CONTRA AM,EDUCAL,ADJUDICADO,,,ADJUDICACIÓN DIRECTA,ARRENDAMIENTOS,E-2025-00077755,011L8G001 - GERENCIA TÉCNICA ADMINISTRATIVA,CIUDAD DE MÉXICO
206,AA-08-VSS-008VSS995-N-289-2025,NACIONAL,ABARROTES COMESTIBLES,APB,ADJUDICADO,,,ADJUDICACIÓN DIRECTA,ADQUISICIONES,E-2025-00078254,"008VSS995 - UNIDAD OPERATIVA QUERETARO, ABASTO",QUERÉTARO
207,AA-11-L4J-011L4J999-N-683-2025,NACIONAL,REFACCIONES Y CONSUMIBLES DE EQUIPO DE COMPUTO,CINVESTAV,ADJUDICADO,,,ADJUDICACIÓN DIRECTA,ADQUISICIONES,E-2025-00078305,011L4J999 - SUBDIRECCION DE RECURSOS MATERIALES,CIUDAD DE MÉXICO
208,AA-13-J3B-013J3B001-N-94-2025,NACIONAL,SERVICIO DE RECOLECCION Y DISPOSICION DE LLANTAS PARA LA ADMINISTRACION DEL SIST,	ASIPONA-MANZANILLO,ADJUDICADO,,,ADJUDICACIÓN DIRECTA,SERVICIOS,E-2025-00077836,013J3B001 - MANZANILLO-GERENCIA DE ADMINISTRACION Y FINANZAS,COLIMA
209,AA-12-E00-012E00996-N-30-2024,NACIONAL,DICTAMINACIÓN DE LOS ESTADOS FINANCIEROS PRESUPUESTARIOS DEL EJERCICIO 2024,APBP,ADJUDICADO,,,ADJUDICACIÓN DIRECTA,SERVICIOS,E-2025-00081649,012E00996 - ADMINISTRACION DEL PATRIMONIO DE LA BENEFICENCIA PUBLICA,CIUDAD DE MÉXICO
210,AA-47-AYO-047AYO934-N-52-2025,NACIONAL,66-ADJ-IMSS-BIENESTAR/PUEBLA/2025,IMSS-BIENESTAR,ADJUDICADO,,,ADJUDICACIÓN DIRECTA,SERVICIOS,E-2025-00081519,056AYO934 - DEPARTAMENTO DE CONSERVACIÓN DE LOS SERVICIOS DE SALUD IMSS-BIENESTAR PUEBLA,PUEBLA
211,AA-08-VSS-008VSS981-N-54-2026,NACIONAL,ATUN EL DORADO,APB,ADJUDICADO,,,ADJUDICACIÓN DIRECTA,ADQUISICIONES,E-2026-00014683,008VSS981 - DICONSA UNIDAD OPERATIVA MICHOCAN - ABASTO,MICHOACÁN DE OCAMPO
212,AA-08-VSS-008VSS985-N-30-2026,NACIONAL,HARINA DE TRIGO SELECTA,APB,ADJUDICADO,,,ADJUDICACIÓN DIRECTA,ADQUISICIONES,E-2026-00013698,008VSS985 - GERENCIA REGIONAL PENINSULAR,YUCATÁN
213,AA-51-GYN-051GYN074-N-100-2026,NACIONAL,"SERVICIOS DE APOYO A PROCESOS, ACTIVIDADES EXTRAORDINARIAS Y OTROS",ISSSTE,ADJUDICADO,,,ADJUDICACIÓN DIRECTA,SERVICIOS,E-2026-00016532,"051GYN074 - DELEGACIÓN ESTATAL MICHOACÁN, SUBDELEGACIÓN DE ADMINISTRACIÓN",MICHOACÁN DE OCAMPO
214,EP-48-L8P-048L8P001-N-14-2026,NACIONAL,SERVICIOS DE VIGILANCIA DE LOS BIENES E INMUEBLES DE LOS ESTUDIOS CHURUBUSCO AZT,ECHASA,ADJUDICADO,,,ADJUDICACIÓN DIRECTA,SERVICIOS,E-2026-00016414,048L8P001 - GERENCIA DE RECURSOS MATERIALES Y SERVICIOS GENERALES,CIUDAD DE MÉXICO
215,AA-48-MHL-048MHL001-N-36-2026,NACIONAL,VERIFICACIÓN PROCESOS Y EXPEDIENTES DE ADJUDICACIÓN,TVMETRO,ADJUDICADO,,,ADJUDICACIÓN DIRECTA,SERVICIOS,E-2026-00016434,048MHL001 - DIRECCION DE ADMINISTRACION,CIUDAD DE MÉXICO
216,AA-06-A00-006A00997-N-3707-2023,NACIONAL,03-23-438            SERVICIOS PROFESIONALES PARA LA ELABORACIÓN  DE AVALÚOS,INDAABIN,ADJUDICADO,,,ADJUDICACIÓN DIRECTA,SERVICIOS,E-2023-00084560,006A00997 - DIRECCIÓN GENERAL DE AVALÚOS Y OBRAS,CIUDAD DE MÉXICO
217,AA-50-GYR-050GYR041-I-344-2023,INTERNACIONAL ABIERTO,ADJ-MED-307-2023,IMSS,ADJUDICADO PARCIAL,,,ADJUDICACIÓN DIRECTA,ADQUISICIONES,E-2023-00084186,"050GYR041 - DELEGACION TLAXCALA, COORDINACION DE ABASTECIMIENTO Y EQUIPAMIENTO",TLAXCALA
218,AA-50-GYR-050GYR016-N-279-2023,NACIONAL,MATERIAL DE ASEO,IMSS,ADJUDICADO,,,ADJUDICACIÓN DIRECTA,ADQUISICIONES,E-2023-00084566,"050GYR016 - COORDINACION DE ABASTECIMIENTO Y EQUIPAMIENTO, DELEGACION NORTE DEL DISTRITO FEDERAL",CIUDAD DE MÉXICO
219,AA-06-A00-006A00997-N-3682-2023,NACIONAL,01-23-786   SERVICIOS PROFESIONALES PARA LA ELABORACIÓN DE AVALÚOS,INDAABIN,ADJUDICADO,,,ADJUDICACIÓN DIRECTA,SERVICIOS,E-2023-00084168,006A00997 - DIRECCIÓN GENERAL DE AVALÚOS Y OBRAS,CIUDAD DE MÉXICO
220,AA-08-VSS-008VSS008-N-928-2025,NACIONAL,ABARROTES COMESTIBLES,APB,ADJUDICADO,,,ADJUDICACIÓN DIRECTA,ADQUISICIONES,E-2025-00104109,008VSS008 - SUBGERENCIA OPERACIONES REGIONAL NORTE CENTRO,CHIHUAHUA
221,AA-06-A00-006A00997-N-3650-2025,NACIONAL,2025-5474-  SERVICIOS PROFESIONALES PARA LA ELABORACION DEL AVALUO,INDAABIN,ADJUDICADO,,,ADJUDICACIÓN DIRECTA,SERVICIOS,E-2025-00109508,006A00997 - DIRECCIÓN GENERAL DE AVALÚOS Y OBRAS,CIUDAD DE MÉXICO
222,AA-50-GYR-050GYR013-N-173-2025,NACIONAL,INVMER-197-2025 SERVICIO DE MANTENIMIENTO PREVENTIVO-CORRECTIVO A GENERADORES DE,IMSS,ADJUDICADO,,,ADJUDICACIÓN DIRECTA,SERVICIOS,E-2025-00104917,050GYR013 - COORDINACION DE ABASTECIMIENTO Y EQUIPAMIENTO,OAXACA
223,AA-09-313-009000072-N-13-2025,NACIONAL,SERVICIO CORRECTIVO A AUTOCLAVE CAISA,SICT,ADJUDICADO,,,ADJUDICACIÓN DIRECTA,ADQUISICIONES,E-2025-00066488,009000072 - DIRECCIÓN GENERAL DE PROTECCIÓN Y MEDICINA PREVENTIVA EN EL TRANSPORTE,CIUDAD DE MÉXICO
224,AA-50-GYR-050GYR043-I-9-2023,INTERNACIONAL ABIERTO,"ADQUISICION DE MEDICAMENTOS , MATERIAL DE CURACION Y LABORATORIO",IMSS,ADJUDICADO,,,ADJUDICACIÓN DIRECTA,ADQUISICIONES,E-2023-00047915,"050GYR043 - UMAE DR. GAUDENCIO GONZALEZ GARZA DEL CMN LA RAZA, DEPARTAMENTO DE ABASTECIMIENTO",CIUDAD DE MÉXICO
225,AA-27-514-027000002-N-116-2023,NACIONAL,CINCO AL MILLAR UACP DC-1060-2023 AL DC-1064-2023,SABG,ADJUDICADO,,,ADJUDICACIÓN DIRECTA,SERVICIOS,E-2023-00048931,027000002 - DIRECCION GENERAL DE RECURSOS MATERIALES Y SERVICIOS GENERALES,CIUDAD DE MÉXICO
226,AA-51-GYN-051GYN036-I-23-2023,INTERNACIONAL ABIERTO,"MATERILA DE CURACIÓN (JERINGA TRIPACK, TUBO DE CONECTOR EN ""T"")",ISSSTE,ADJUDICADO,,,ADJUDICACIÓN DIRECTA,ADQUISICIONES,E-2023-00049100,"051GYN036 - DELEGACION ESTADO DE MEXICO, SUBDELEGACION DE ADMINISTRACION",MÉXICO
227,AA-15-QEZ-015QEZ987-N-3-2023,NACIONAL,CONTRATO DEL SERVICIO DE LIMPIEZA 2023,PA,ADJUDICADO,,,ADJUDICACIÓN DIRECTA,SERVICIOS,E-2023-00082468,015QEZ987 - DELEGACION FEDERAL EN BAJA CALIFORNIA,BAJA CALIFORNIA
228,AA-38-90Q-03890Q010-N-56-2023,NACIONAL,SERVICIO CORRECTIVO A EQUIPO ORBITRAP MARCA THERMO SCIENTIFIC,CICY,ADJUDICADO,,,ADJUDICACIÓN DIRECTA,SERVICIOS,E-2023-00082004,03890Q010 - DIRECCION ADMINISTRATIVA,YUCATÁN
229,AA-08-VSS-008VSS980-N-299-2024,NACIONAL,PRODUCTOS DIVERSOS,APB,ADJUDICADO,,,ADJUDICACIÓN DIRECTA,ADQUISICIONES,E-2024-00087681,008VSS980 - UNIDAD OPERATIVA GUERRERO - ABASTO,GUERRERO
230,AA-11-B01-011B01001-N-3591-2024,NACIONAL,CONDUCTOR DIRECCIÓN DE PRODUCCIÓN / LARGO ALIENTO,ONCETV,ADJUDICADO,,,ADJUDICACIÓN DIRECTA,SERVICIOS,E-2024-00102921,011B01001 - DIRECCION DE ADMINISTRACION Y FINANZAS,CIUDAD DE MÉXICO
231,AA-09-313-009000072-N-9-2025,NACIONAL,SERVICIO CORRECTIVO A OPTO-RAITER Y ANALIZADOR CORPORAL,SICT,ADJUDICADO,,,ADJUDICACIÓN DIRECTA,SERVICIOS,E-2025-00051999,009000072 - DIRECCIÓN GENERAL DE PROTECCIÓN Y MEDICINA PREVENTIVA EN EL TRANSPORTE,CIUDAD DE MÉXICO
232,AA-50-GYR-050GYR037-T-69-2025,INTERNACIONAL BAJO LA COBERTURA DE TRATADOS,CONSUMIBLES ESTERILIZADOR DE PLASMA GRUPO 379,IMSS,ADJUDICADO,,,ADJUDICACIÓN DIRECTA,ADQUISICIONES,E-2025-00043587,050GYR037 - UMAE HOSPITAL DE ESPECIALIDADES NO. 2 DEL CMN LUIS DONALDO MURRIETA,SONORA
233,AA-06-A00-006A00997-N-94-2025,NACIONAL,03-24-738   SERVICIOS PROFESIONALES PARA LA ELABORACION DEL AVALUO,INDAABIN,ADJUDICADO,,,ADJUDICACIÓN DIRECTA,SERVICIOS,E-2025-00039730,006A00997 - DIRECCIÓN GENERAL DE AVALÚOS Y OBRAS,CIUDAD DE MÉXICO
234,AA-50-GYR-050GYR058-N-132-2023,NACIONAL,N132 ADJUDICACION PARA MANTENIMIENTO A EQUIPOS DE OFTALMICA,IMSS,ADJUDICADO,,,ADJUDICACIÓN DIRECTA,SERVICIOS,E-2023-00024682,"050GYR058 - UMAE HOSPITAL DE ESPECIALIDADES NO. 1 CMN BAJIO, DEPARTAMENTO DE ABASTECIMIENTO",GUANAJUATO
235,AA-11-B01-011B01001-N-819-2023,NACIONAL,REPORTERO DIRECCIÓN DE NOTICIARIOS,ONCETV,ADJUDICADO,,,ADJUDICACIÓN DIRECTA,SERVICIOS,E-2023-00025598,011B01001 - DIRECCION DE ADMINISTRACION Y FINANZAS,CIUDAD DE MÉXICO
236,AA-11-712-011000999-N-5-2023,NACIONAL,SERVICIOS DIGITALES DE TELEFONÍA 2023,SEP,ADJUDICADO,,,ADJUDICACIÓN DIRECTA,SERVICIOS,E-2023-00024520,011000999 - DIRECCION DE ADQUISICIONES,CIUDAD DE MÉXICO
237,AA-11-B00-011B00001-N-1682-2023,NACIONAL,IMPARTIR CLASES DE IDIOMAS CELEX ESIQIE,IPN,ADJUDICADO,,,ADJUDICACIÓN DIRECTA,SERVICIOS,E-2023-00024866,011B00001 - DIRECCION DE RECURSOS MATERIALES E INFRAESTRUCTURA,CIUDAD DE MÉXICO
238,AA-48-E00-048E00995-N-757-2023,NACIONAL,REALIZACIÓN DE GUIONES E IMPARTICIÓN DE VISITAS GUIADAS,INBAL,ADJUDICADO,,,ADJUDICACIÓN DIRECTA,SERVICIOS,E-2023-00024410,048E00995 - DIRECCION DE RECURSOS MATERIALES,CIUDAD DE MÉXICO
239,AA-08-VSS-008VSS989-N-34-2023,NACIONAL,PAPEL HIGIENICO,APB,ADJUDICADO,,,ADJUDICACIÓN DIRECTA,ADQUISICIONES,E-2023-00024347,008VSS989 - SUCURSAL CENTRO-NORTE SUBGERENCIA DE ABASTO,ZACATECAS
240,AA-47-AYL-006AYL998-N-325-2023,NACIONAL,"SERVICIO DE SEGUIMIENTO A PROCESOS ADMINISTRATIVOS DE CANAL CATORCE ""B""",SPR,ADJUDICADO,,,ADJUDICACIÓN DIRECTA,SERVICIOS,E-2023-00025871,006AYL998 - UNIDAD DE ADMINISTRACIÓN Y FINANZAS,CIUDAD DE MÉXICO
241,AA-08-VSS-008VSS997-N-9-2023,NACIONAL,SERVICIO DE VIGILANCIA,APB,ADJUDICADO,,,ADJUDICACIÓN DIRECTA,SERVICIOS,E-2023-00024277,008VSS997 - GERENCIA REGIÓN CENTRO NORTE,ZACATECAS
242,AA-51-GYN-051GYN053-N-69-2025,NACIONAL,SERVICIOS MÉDICOS SUBROGADOS DE ESPECIALIZACIÓN EN PROCEDIMIENTOS ESPECIALES,ISSSTE,ADJUDICADO,,,ADJUDICACIÓN DIRECTA,SERVICIOS,E-2025-00079446,051GYN053 - REPRESENTACIÓN DEL ISSSTE EN GUERRERO,GUERRERO
243,AO-13-J3C-013J3C002-N-16-2025,NACIONAL,SUPERVISIÓN EXTERNA REHABILITACIÓN  DE MUELLE DE CRUCEROS Y MUELLE DE USOS MULTI,ASIPONA-PUERTO CHIAPAS,ADJUDICADO,,,ADJUDICACIÓN DIRECTA,SERVICIOS RELACIONADOS CON LA OBRA,E-2025-00087340,013J3C002 - PUERTO CHIAPAS-GERENCIA DE OPERACIONES E INGENIERIA,CHIAPAS
244,AA-13-J2Z-013J2Z001-N-46-2025,NACIONAL,SERVICIO Y REPARACIONES A LA UNIDAD PIPA 1,ASIPONAGUAYMAS,ADJUDICADO,,,ADJUDICACIÓN DIRECTA,SERVICIOS,E-2025-00086383,013J2Z001 - GUAYMAS-GERENCIA DE ADMINISTRACION Y FINANZAS,SONORA
245,AA-38-90U-03890U001-N-109-2025,NACIONAL,OC2537135 VIALES DE VIDRIO,CIQA,ADJUDICADO,,,ADJUDICACIÓN DIRECTA,ADQUISICIONES,E-2025-00081272,03890U001 - DIRECCION ADMINISTRATIVA,COAHUILA DE ZARAGOZA
246,AA-48-E00-048E00995-N-192-2026,NACIONAL,SERVICIOS PARA COADYUVAR A LA ATENCIÓN DEL PÚBLICO Y VISITANTES DEL CCLXV,INBAL,ADJUDICADO,,,ADJUDICACIÓN DIRECTA,SERVICIOS,E-2026-00006372,048E00995 - DIRECCION DE RECURSOS MATERIALES,CIUDAD DE MÉXICO
247,AA-11-L3P-011L3P001-N-92-2024,NACIONAL,CURSO - TALLER DE FORTALECIMIENTO DE CAPACIDADES PARA SEGURIDAD EN EL CETI,CETI,ADJUDICADO,,,ADJUDICACIÓN DIRECTA,SERVICIOS,E-2024-00065020,011L3P001 - RECURSOS MATERIALES,JALISCO
248,AA-09-C00-009C00001-N-64-2024,NACIONAL,ADQUISICIÓN DE MATERIAL Y MANTENIMIENTO PREVENTIVO Y CORRECTIVO DE LAS MÁQUINAS,SENEAM,ADJUDICADO,,,ADJUDICACIÓN DIRECTA,ADQUISICIONES,E-2024-00062136,009C00001 - DIRECCIÓN DE RECURSOS MATERIALES,CIUDAD DE MÉXICO
249,AA-08-VSS-008VSS968-N-122-2024,NACIONAL,HARINA DE MAIZ NIXTAMALIZADO,APB,ADJUDICADO,,,ADJUDICACIÓN DIRECTA,ADQUISICIONES,E-2024-00063047,008VSS968 - UNIDAD OPERATIVA TAPACHULA ABASTO,CHIAPAS
250,AA-89-Y52-930087056-N-6-2024,NACIONAL,CONGRESOS Y CONVENCIONES,SEV,ADJUDICADO,,,ADJUDICACIÓN DIRECTA,SERVICIOS,E-2024-00065069,930087056 - DIRECCIÓN DE ADQUISICIONES Y ARRENDAMIENTO DE INMUEBLES,VERACRUZ
251,AA-13-J4V-013J4V001-N-238-2024,NACIONAL,PEDAGOGA ESCOLAR,FIDENA,ADJUDICADO,,,ADJUDICACIÓN DIRECTA,SERVICIOS,E-2024-00055097,013J4V001 - DIRECCION DE ADMINISTRACION Y FINANZAS,CIUDAD DE MÉXICO
252,AA-38-91Q-03891Q001-N-62-2024,NACIONAL,ADMINISTRACIÓN Y SEGUIMIENTO DE PERSONAL PARA EJECUCIÓN DE PROYECTO DE REFOR,INECOL,ADJUDICADO,,,ADJUDICACIÓN DIRECTA,SERVICIOS,E-2024-00065123,03891Q001 - SUBDIRECCION DE BIENES Y SERVICIOS,VERACRUZ
253,AA-50-GYR-050GYR075-N-86-2024,NACIONAL,SERVICIO MÉDICO INTEGRAL DE BANCO DE SANGRE PAQUETE IV HASTA EL 30 JUNIO 2024,IMSS,ADJUDICADO,,,ADJUDICACIÓN DIRECTA,SERVICIOS,E-2024-00061988,050GYR075 - COORDINACION DE ABASTECIMIENTO Y EQUIPAMIENTO DELEGACION QUERETARO,QUERÉTARO
254,AA-11-B01-011B01001-N-2365-2024,NACIONAL,MICROFONISTA (OPERACIONES TÉCNICAS),ONCETV,ADJUDICADO,,,ADJUDICACIÓN DIRECTA,SERVICIOS,E-2024-00071246,011B01001 - DIRECCION DE ADMINISTRACION Y FINANZAS,CIUDAD DE MÉXICO
255,AA-32-412-032000001-N-194-2024,NACIONAL,SERVICIO INTEGRAL DE LIMPIEZA DE LOS INMUEBLES Y MUEBLES DE LAS SALAS REGIONALES,TFJA,ADJUDICADO,,,ADJUDICACIÓN DIRECTA,SERVICIOS,E-2024-00078231,032000001 - DIRECCION GENERAL DE RECURSOS MATERIALES Y SERVICIOS GENERALES,YUCATÁN
256,AA-08-VSS-008VSS967-N-37-2024,NACIONAL,"MARINDUSTRIAS, S.A. DE C.V.",APB,ADJUDICADO,,,ADJUDICACIÓN DIRECTA,ADQUISICIONES,E-2024-00069407,008VSS967 - UNIDAD OPERATIVA QUINTANA ROO-ABASTO,QUINTANA ROO
257,AA-11-B01-011B01001-N-2494-2024,NACIONAL,COORDINADOR DE PRODUCCION/INVESTIGADOR,ONCETV,ADJUDICADO,,,ADJUDICACIÓN DIRECTA,SERVICIOS,E-2024-00070739,011B01001 - DIRECCION DE ADMINISTRACION Y FINANZAS,CIUDAD DE MÉXICO
258,AA-51-GYN-051GYN085-N-361-2024,NACIONAL,OSTEOSINTESIS,ISSSTE,ADJUDICADO,,,ADJUDICACIÓN DIRECTA,ADQUISICIONES,E-2024-00079268,"051GYN085 - HOSPITAL REGIONAL GRAL. IGNACIO ZARAGOZA, COORDINACION DE RECURSOS MATERIALES",CIUDAD DE MÉXICO
259,AA-08-VSS-008VSS013-N-444-2024,NACIONAL,ABARROTES COMESTIBLES,APB,ADJUDICADO,,,ADJUDICACIÓN DIRECTA,ADQUISICIONES,E-2024-00076192,008VSS013 - GERENCIA REGIONAL OAXACA,OAXACA
260,AA-12-NCH-012NCH001-N-141-2024,NACIONAL,PRESTACION DE SERVICIO DE CLAIBRACIÓN A INSTRUMENTOS DE MEDICIÓN DEL INMEGEN,INMEGEN,ADJUDICADO,,,ADJUDICACIÓN DIRECTA,SERVICIOS,E-2024-00068848,012NCH001 - DIRECCION GENERAL,CIUDAD DE MÉXICO
261,AA-38-90E-03890E999-N-114-2024,NACIONAL,MANTENIMIENTO Y CONSERVACION DE MAQUINARIA Y EQUIPO,CIMAV,ADJUDICADO,,,ADJUDICACIÓN DIRECTA,SERVICIOS,E-2024-00068081,03890E999 - DIRECCION DE ADMINISTRACION Y FINANZAS,CHIHUAHUA
262,AA-13-J3F-013J3F001-N-36-2024,NACIONAL,"LICENCIAMIENTO, POLIZA DE MANTENIMIENTO DEL SISTEMA SOP",	ASIPONA-COATZACOALCOS,ADJUDICADO,,,ADJUDICACIÓN DIRECTA,SERVICIOS,E-2024-00075233,013J3F001 - JEFATURA DE RECURSOS MATERIALES,VERACRUZ
263,AA-51-GYN-051GYN041-N-66-2024,NACIONAL,MEDICAMENTO DE ALTA ESPECIALIDAD,ISSSTE,ADJUDICADO,,,ADJUDICACIÓN DIRECTA,ADQUISICIONES,E-2024-00079384,051GYN041 - CENTRO MEDICO NACIONAL 20 DE NOVIEMBRE,CIUDAD DE MÉXICO
264,AA-08-VSS-008VSS968-N-231-2024,NACIONAL,CHOCOLATE EN POLVO SEGALMEX,APB,ADJUDICADO,,,ADJUDICACIÓN DIRECTA,ADQUISICIONES,E-2024-00080049,008VSS968 - UNIDAD OPERATIVA TAPACHULA ABASTO,CHIAPAS
265,AA-12-NDY-012NDY001-N-451-2025,NACIONAL,SE REQUIERE CONTRATAR A UN LICENCIADO EN PEDAGOGÍA PARA RECABAR INFORMACIÓN,INSP,ADJUDICADO,,,ADJUDICACIÓN DIRECTA,SERVICIOS,E-2025-00061342,012NDY001 - DEPARTAMENTO DE SERVICIOS GENERALES Y MANTENIMIENTO,MORELOS
266,AA-13-KDN-013KDN001-N-26-2025,NACIONAL,SERVICIO DE AUDITORÍA EXTERNA PARA DICTAMINAR LOS ESTADOS FINANCIEROS CONTABLES,AICM,ADJUDICADO,,,ADJUDICACIÓN DIRECTA,SERVICIOS,E-2025-00063695,013KDN001 - DIRECCIÓN DE ADMINISTRACIÓN,CIUDAD DE MÉXICO
267,AA-50-GYR-050GYR998-T-289-2025,INTERNACIONAL BAJO LA COBERTURA DE TRATADOS,ABTA25ES10190496 L.N.H.,IMSS,ADJUDICADO,,,ADJUDICACIÓN DIRECTA,ADQUISICIONES,E-2025-00057423,"050GYR998 - UMAE, HOSPITAL DE ESPECIALIDADES, C.M.N. SIGLO XXI",CIUDAD DE MÉXICO
268,AA-12-512-012000991-N-71-2025,NACIONAL,"SERVICIO DE DIFUSIÓN DE LA CAMPAÑA: VIDA SALUDABLE, VERSIÓN: VARIAS.",SSA,ADJUDICADO,,,ADJUDICACIÓN DIRECTA,SERVICIOS,E-2025-00063537,012000991 - DIRECCION GENERAL DE RECURSOS MATERIALES Y SERVICIOS GENERALES,CIUDAD DE MÉXICO
269,AO-50-GYR-050GYR062-N-15-2025,NACIONAL,MANTENIMIENTO Y MEJORA IMAGEN DE ELEMENTOS DE ACCESIBILIDAD (RAMPAS) OOAD CHIH.,IMSS,ADJUDICADO,,,ADJUDICACIÓN DIRECTA,OBRA PÚBLICA,E-2025-00058091,050GYR062 - DEPARTAMENTO DE CONSTRUCCION Y PLANEACION INMOBILIARIA,CHIHUAHUA
270,AA-55-J9E-055J9E997-N-24-2025,NACIONAL,SERVICIOS DE MANTENIMIENTO PREVENTIVO Y CORRECTIVO DEL PARQUE VEHICULAR DE MOTOC,SEPOMEX,ADJUDICADO,,,ADJUDICACIÓN DIRECTA,SERVICIOS,E-2025-00059828,055J9E997 - DIRECCIÓN REGIONAL SUR,VERACRUZ
271,AA-50-GYR-050GYR998-T-579-2025,INTERNACIONAL BAJO LA COBERTURA DE TRATADOS,ABTA25ES10190957 Z.C.E.,IMSS,ADJUDICADO,,,ADJUDICACIÓN DIRECTA,ADQUISICIONES,E-2025-00088997,"050GYR998 - UMAE, HOSPITAL DE ESPECIALIDADES, C.M.N. SIGLO XXI",CIUDAD DE MÉXICO
272,AA-05-613-005000999-N-85-2025,NACIONAL,TESTIGO SOCIAL QUE ACOMPAÑE EN EL PROCESO DE CONTRATACIÓN(EMISIÓN DEL PASAPORTE),SRE,ADJUDICADO,,,ADJUDICACIÓN DIRECTA,SERVICIOS,E-2025-00088635,005000999 - DIRECCIÓN GENERAL DE BIENES INMUEBLES Y RECURSOS MATERIALES,CIUDAD DE MÉXICO
273,AA-48-410-048410003-N-1303-2023,NACIONAL,PRESTAR SERVICIOS PROFESIONALES EN LA COORDINACIÓN DEL SISTEMA NACIONAL DE FOMEN,CULTURA,ADJUDICADO,,,ADJUDICACIÓN DIRECTA,SERVICIOS,E-2023-00034421,048410003 - DEPARTAMENTO DE COMITE,CIUDAD DE MÉXICO
274,AA-11-B00-011B00001-N-2412-2023,NACIONAL,SERVICIOS PROFESIONALES EN CECYT 7 CUAUHTÉMOC,IPN,ADJUDICADO,,,ADJUDICACIÓN DIRECTA,SERVICIOS,E-2023-00035449,011B00001 - DIRECCION DE RECURSOS MATERIALES E INFRAESTRUCTURA,CIUDAD DE MÉXICO
275,AA-08-VSS-008VSS980-N-92-2023,NACIONAL,PRODUCTOS DIVERSOS,APB,ADJUDICADO,,,ADJUDICACIÓN DIRECTA,ADQUISICIONES,E-2023-00035670,008VSS980 - UNIDAD OPERATIVA GUERRERO - ABASTO,GUERRERO
276,AA-16-E00-016E00992-N-2-2023,NACIONAL,SERVICIO DE VIGILANCIA,PROFEPA,ADJUDICADO,,,ADJUDICACIÓN DIRECTA,SERVICIOS,E-2023-00034909,"016E00992 - DELEGACION QUINTANA ROO, SUBDIRECCION ADMINISTRATIVA",QUINTANA ROO
277,AA-08-VSS-008VSS989-N-91-2023,NACIONAL,SUAVIZANTE DE TELAS,APB,ADJUDICADO,,,ADJUDICACIÓN DIRECTA,ADQUISICIONES,E-2023-00034914,008VSS989 - SUCURSAL CENTRO-NORTE SUBGERENCIA DE ABASTO,ZACATECAS
278,AA-08-VST-008VST981-N-31-2024,NACIONAL,ARRENDAMIENTO  A ESTACIONAMIENTO,LECHEPARAELBIENESTAR,ADJUDICADO,,,ADJUDICACIÓN DIRECTA,SERVICIOS,E-2024-00036037,008VST981 - GERENCIA ESTATAL-LICONSA JALISCO,JALISCO
279,AA-11-B00-011B00001-N-2874-2024,NACIONAL,PRESTACION DE SERVICIOS PROFESIONALES QUE REQUIERE LA ENCB,IPN,ADJUDICADO,,,ADJUDICACIÓN DIRECTA,SERVICIOS,E-2024-00037842,011B00001 - DIRECCION DE RECURSOS MATERIALES E INFRAESTRUCTURA,CIUDAD DE MÉXICO
280,AA-11-L4J-011L4J997-N-37-2024,NACIONAL,"ARTÍCULOS PARA DIFUSIÓN (MOCHILAS, PLAYERAS, TERMO, PARAGÜAS, BOLÍGRAFOS, BLUSA)",CINVESTAV,ADJUDICADO,,,ADJUDICACIÓN DIRECTA,ADQUISICIONES,E-2024-00036823,"011L4J997 - UNIDAD GUADALAJARA, JALISCO",JALISCO
281,AA-11-B00-011B00001-N-2964-2024,NACIONAL,PRESTACIÓN DE SERVICIOS PROFESIONALES,IPN,ADJUDICADO,,,ADJUDICACIÓN DIRECTA,SERVICIOS,E-2024-00038562,011B00001 - DIRECCION DE RECURSOS MATERIALES E INFRAESTRUCTURA,CIUDAD DE MÉXICO
282,AA-11-B01-011B01001-N-1320-2024,NACIONAL,INTERPRETE DE LENGUAJE DE SEÑAS MEXICANAS,ONCETV,ADJUDICADO,,,ADJUDICACIÓN DIRECTA,SERVICIOS,E-2024-00033466,011B01001 - DIRECCION DE ADMINISTRACION Y FINANZAS,CIUDAD DE MÉXICO
283,AA-15-412-015000999-N-751-2024,NACIONAL,PRESTADOR DE SERVICIOS,SEDATU,ADJUDICADO,,,ADJUDICACIÓN DIRECTA,SERVICIOS,E-2024-00038516,015000999 - DIRECCION GENERAL DE RECURSOS MATERIALES Y SERVICIOS GENERALES,CIUDAD DE MÉXICO
284,AA-08-VSS-008VSS016-N-283-2023,NACIONAL,116187/PURE DE TOMATE CONDIMEN.,APB,ADJUDICADO,,,ADJUDICACIÓN DIRECTA,ADQUISICIONES,E-2023-00117313,008VSS016 - GERENCIA REGIONAL GOLFO,TAMAULIPAS
285,AA-08-VSS-008VSS974-N-758-2023,NACIONAL,SUAV TELAS ENSUENO,APB,ADJUDICADO,,,ADJUDICACIÓN DIRECTA,ADQUISICIONES,E-2023-00126672,008VSS974 - UNIDAD OPERATIVA COAHUILA,COAHUILA DE ZARAGOZA
286,AA-08-VSS-008VSS978-N-175-2024,NACIONAL,ABARROTES NO COMESTIBLES,APB,ADJUDICADO,,,ADJUDICACIÓN DIRECTA,ADQUISICIONES,E-2024-00080172,"008VSS978 - UNIDAD OPERATIVA POZA RICA, ABASTO",VERACRUZ
287,AA-18-T0Q-018T0Q002-N-73-2024,NACIONAL,IMPLEMENTACIÓN DEL CEPARIO EN EL DEPTO. DE M.R.,ININ,ADJUDICADO,,,ADJUDICACIÓN DIRECTA,SERVICIOS,E-2024-00080242,018T0Q002 - SERVICIOS GENERALES,MÉXICO
288,AA-51-GYN-051GYN005-N-396-2024,NACIONAL,SERVICIO DE TRANSMISIÓN DE SPOTS RADIOFÓNICOS DE 30 SEGUNDOS DE DURACIÓN PARA LA,ISSSTE,ADJUDICADO,,,ADJUDICACIÓN DIRECTA,SERVICIOS,E-2024-00075354,051GYN005 - SUBDIRECCION DE RECURSOS MATERIALES Y SERVICIOS,CIUDAD DE MÉXICO
289,AA-51-GYN-051GYN005-N-428-2024,NACIONAL,SERVICIO DE TRANSMISIÓN DE SPOTS TELEVISIVOS DE 30 SEGUNDOS DE DURACIÓN PARA LA,ISSSTE,ADJUDICADO,,,ADJUDICACIÓN DIRECTA,SERVICIOS,E-2024-00075918,051GYN005 - SUBDIRECCION DE RECURSOS MATERIALES Y SERVICIOS,CIUDAD DE MÉXICO
290,AA-12-NDE-012NDE001-N-272-2024,NACIONAL,SERVICIOS PROFESIONALES PARA SOPORTE EN EL CUMPLIMIENTO NORMATIVO DEL PLAN INSTI,INPER,ADJUDICADO,,,ADJUDICACIÓN DIRECTA,SERVICIOS,E-2024-00069457,012NDE001 - SUBDIRECCION DE RECURSOS MATERIALES Y CONSERVACION,CIUDAD DE MÉXICO
291,AA-08-VSS-008VSS967-N-35-2024,NACIONAL,BRAND AND PUSH S.A. DE C.V.,APB,ADJUDICADO,,,ADJUDICACIÓN DIRECTA,ADQUISICIONES,E-2024-00069302,008VSS967 - UNIDAD OPERATIVA QUINTANA ROO-ABASTO,QUINTANA ROO
292,AA-51-GYN-051GYN004-N-42-2026,NACIONAL,PRODUCTOS ALIMENTICIOS PARA EL PERSONAL RMYO/127/2026,ISSSTE,ADJUDICADO,,,ADJUDICACIÓN DIRECTA,ADQUISICIONES,E-2026-00018611,051GYN004 - DEPARTAMENTO DE ADQUISICIONES EN SUBDELEGACION DE ADMINISTRACION EN DELEGACION CHIHUAHUA,CHIHUAHUA
293,AA-08-VSS-008VSS980-N-297-2024,NACIONAL,PRODUCTOS DIVERSOS,APB,ADJUDICADO,,,ADJUDICACIÓN DIRECTA,ADQUISICIONES,E-2024-00087646,008VSS980 - UNIDAD OPERATIVA GUERRERO - ABASTO,GUERRERO
294,AA-12-NBB-012NBB002-N-1-2025,NACIONAL,ALIMENTOS PERECEDEROS,HG,ADJUDICADO,,,ADJUDICACIÓN DIRECTA,ADQUISICIONES,E-2025-00010307,012NBB002 - SUBDIRECCION DE RECURSOS MATERIALES,CIUDAD DE MÉXICO
295,AO-84-W47-925006998-N-41-2024,NACIONAL,MODIFICACION Y ADECUACION DE INFRAESTRUCTURA AO-N-41,SALUDSINALOA,ADJUDICADO,,,ADJUDICACIÓN DIRECTA,OBRA PÚBLICA,E-2024-00103507,925006998 - SERVICIOS DE SALUD DE SINALOA,SINALOA
296,AA-13-J2U-013J2U001-N-60-2025,NACIONAL,SERVICIOS PROFESIONALES DE OPERADOR RADARISTA EN EL CCTM,ASIPONA-Progreso,ADJUDICADO,,,ADJUDICACIÓN DIRECTA,SERVICIOS,E-2025-00013020,013J2U001 - PROGRESO-GERENCIA DE ADMINISTRACION Y FINANZAS,YUCATÁN
297,AA-12-NBG-012NBG003-I-448-2024,INTERNACIONAL ABIERTO,RM-AF-0950/24,HIM,ADJUDICADO,,,ADJUDICACIÓN DIRECTA,ADQUISICIONES,E-2024-00081610,012NBG003 - SUBDIRECCION DE RECURSOS MATERIALES,CIUDAD DE MÉXICO
298,AA-08-VSS-008VSS008-N-609-2024,NACIONAL,MERCANCIAS GENERALES,APB,ADJUDICADO,,,ADJUDICACIÓN DIRECTA,ADQUISICIONES,E-2024-00086891,008VSS008 - SUBGERENCIA OPERACIONES REGIONAL NORTE CENTRO,CHIHUAHUA
299,AA-06-A00-006A00997-N-2065-2024,NACIONAL,03-24-345                SERVICIOS PROFESIONALES PARA LA ELABORACIÓN  DE AVALÚOS,INDAABIN,ADJUDICADO,,,ADJUDICACIÓN DIRECTA,SERVICIOS,E-2024-00085812,006A00997 - DIRECCIÓN GENERAL DE AVALÚOS Y OBRAS,CIUDAD DE MÉXICO
300,AA-12-NEF-012NEF001-T-133-2024,INTERNACIONAL BAJO LA COBERTURA DE TRATADOS,"133, ADQUISICIÓN DE MEDICAMENTOS E INSUMOS PARA LA SALUD 2024 (INSUMOS).",BIRMEX,ADJUDICADO,,,ADJUDICACIÓN DIRECTA,ADQUISICIONES,E-2024-00085987,012NEF001 - DIRECCION GENERAL,MÉXICO
301,AA-11-B00-011B00001-N-4265-2023,NACIONAL,CONTRATACIÓN DE SERVICIOS PROFESIONALES PARA LA ESIME AZCAPOTZALCO,IPN,ADJUDICADO,,,ADJUDICACIÓN DIRECTA,SERVICIOS,E-2023-00078402,011B00001 - DIRECCION DE RECURSOS MATERIALES E INFRAESTRUCTURA,CIUDAD DE MÉXICO
302,AA-38-9ZU-0389ZU001-N-227-2023,NACIONAL,"ESTIMACIÓN ÚNICA  DEL CONTRATO RM2020/040 ""CONSTRUCCIÓN  DE LABORATOR",CIDESI,ADJUDICADO,,,ADJUDICACIÓN DIRECTA,SERVICIOS,E-2023-00074901,0389ZU001 - SUBDIRECCION DE RECURSOS MTERIALES Y SERVICIOS GENERALES,QUERÉTARO
303,AA-51-GYN-051GYN029-N-82-2023,NACIONAL,SERVICIO DE MANETENIMIENTO Y RECARGA DE EXTINTORES EN LOS DIFERENTES CENTROS DE,ISSSTE,ADJUDICADO,,,ADJUDICACIÓN DIRECTA,SERVICIOS,E-2023-00077384,051GYN029 - DEPARTAMENTO DE RECURSOS MATERIALES Y OBRAS,CAMPECHE
304,AA-08-VSS-008VSS980-N-270-2023,NACIONAL,PRODUCTOS DIVERSOS,APB,ADJUDICADO,,,ADJUDICACIÓN DIRECTA,ADQUISICIONES,E-2023-00078010,008VSS980 - UNIDAD OPERATIVA GUERRERO - ABASTO,GUERRERO
305,AA-48-410-048410003-N-1691-2023,NACIONAL,SERVICIOS PROFESIONALES CONSISTENTES EN COADYUVAR EN LA COORDINACIÓN DE PROCESOS,CULTURA,ADJUDICADO,,,ADJUDICACIÓN DIRECTA,SERVICIOS,E-2023-00077724,048410003 - DEPARTAMENTO DE COMITE,CIUDAD DE MÉXICO
306,AA-12-NBT-012NBT999-N-208-2023,NACIONAL,SERVICIOS PROFESIONALES DE APOYO ADMINISTRATIVO,IMSS-BIENESTAR,ADJUDICADO,,,ADJUDICACIÓN DIRECTA,SERVICIOS,E-2023-00032108,"056AYO936 - DIRECCION DE ADMINISTRACION Y FINANZAS, SUBDIRECCION DE RECURSOS MATERIALES",TAMAULIPAS
307,AO-72-017-913041994-N-29-2023,NACIONAL,"REHABILITACIÓN GENERAL DE AULAS Y REHABILITACIÓN GENERAL DE SANITARIOS, EN EL  P",INHIFE,ADJUDICADO,,,ADJUDICACIÓN DIRECTA,OBRA PÚBLICA,E-2023-00032710,"913041994 - DIRECCIÓN DE PRESUPUESTOS, PROYECTOS Y COSTOS",HIDALGO
308,AA-11-L5N-011L5N002-N-28-2023,NACIONAL,PRESTACIÓN DEL SERVICIO DE ARBITRAJE DE BÁSQUETBOL,COLBACH,ADJUDICADO,,,ADJUDICACIÓN DIRECTA,SERVICIOS,E-2023-00032482,011L5N002 - UNIDAD DE ADMINISTRACION Y FINANZAS,CIUDAD DE MÉXICO
309,AA-51-GYN-051GYN013-T-29-2023,INTERNACIONAL BAJO LA COBERTURA DE TRATADOS,AA-51-GYN-051GYN013-T-29-2023 ADJ. DIRECTA BIOPSIA 10 CLAV. SPPS ART.41 FRAC.II,ISSSTE,ADJUDICADO,,,ADJUDICACIÓN DIRECTA,ADQUISICIONES,E-2023-00099623,051GYN013 - JEFATURA DE SERVICIOS DE ADQUISICION DE MATERIAL DE CURACION,CIUDAD DE MÉXICO
310,AA-08-VSS-008VSS983-N-505-2023,NACIONAL,ABARROTES COMESTIBLES,APB,ADJUDICADO,,,ADJUDICACIÓN DIRECTA,ADQUISICIONES,E-2023-00111440,008VSS983 - DIRECCIÓN DE COMERCIALIZACIÓN,MÉXICO
311,AA-12-M7F-012M7F002-N-136-2025,NACIONAL,PRESTACIÓN DE SERVICIOS PROFESIONALES EN LA DIEP,INPSIQ,ADJUDICADO,,,ADJUDICACIÓN DIRECTA,SERVICIOS,E-2025-00059538,012M7F002 - SUBDIRECCION DE SERVICIOS GENERALES,CIUDAD DE MÉXICO
312,AA-20-142-020000012-N-24-2025,NACIONAL,MIGUEL ANGEL SÁNCHEZ VARGAS,BIENESTAR,ADJUDICADO,,,ADJUDICACIÓN DIRECTA,ARRENDAMIENTOS,E-2025-00061446,020000012 - DELEGACION QUERETARO,QUERÉTARO
313,AA-06-A00-006A00997-N-1834-2025,NACIONAL,03-24-1080   SERVICIOS PROFESIONALES PARA LA ELABORACION DEL AVALUO,INDAABIN,ADJUDICADO,,,ADJUDICACIÓN DIRECTA,SERVICIOS,E-2025-00053801,006A00997 - DIRECCIÓN GENERAL DE AVALÚOS Y OBRAS,CIUDAD DE MÉXICO
314,AA-12-NDY-012NDY001-N-690-2025,NACIONAL,REALIZAR LAS RUTAS DE TRABAJO Y ORGANIZAR LA LOGÍSTICA DEL TRABAJO DE CAMPO,INSP,ADJUDICADO,,,ADJUDICACIÓN DIRECTA,SERVICIOS,E-2025-00066228,012NDY001 - DEPARTAMENTO DE SERVICIOS GENERALES Y MANTENIMIENTO,MORELOS
315,AA-38-9ZU-0389ZU001-N-42-2025,NACIONAL,TAMBO DE SOLUBLE VASCO,CIDESI,ADJUDICADO,,,ADJUDICACIÓN DIRECTA,ADQUISICIONES,E-2025-00068869,0389ZU001 - SUBDIRECCION DE RECURSOS MTERIALES Y SERVICIOS GENERALES,QUERÉTARO
316,AO-87-I72-828002995-N-10-2024,NACIONAL,REHABILITACION EN TRAMOS AISLADOS DE CAMINO AL POB. SANTA JULIA,087I72,ADJUDICADO,,,ADJUDICACIÓN DIRECTA,OBRA PÚBLICA,E-2025-00069339,828002995 - DIRECCION DE OBRAS PUBLICAS,TAMAULIPAS
317,AA-51-GYN-051GYN055-N-51-2025,NACIONAL,MANTENIMIENTO Y CONSERVACIÓN DE PARA MAQUINARIA Y EQUIPO,ISSSTE,ADJUDICADO,,,ADJUDICACIÓN DIRECTA,SERVICIOS,E-2025-00066967,"051GYN055 - DELEGACION ESTATAL COLIMA, SUBDELEGACION DE ADMINISTRACION",COLIMA
318,AA-50-GYR-050GYR060-N-163-2025,NACIONAL,SERVICIO MEDICO SUBROGADO DE APLICACION DE YODO 131,IMSS,ADJUDICADO,,,ADJUDICACIÓN DIRECTA,SERVICIOS,E-2025-00065555,"050GYR060 - UMAE HOSPITAL DE PEDIATRIA DEL CMNO, DEPARTAMENTO DE ABASTECIMIENTO Y EQUIPAMIENTO",JALISCO
319,AA-12-NBG-012NBG003-I-471-2025,INTERNACIONAL ABIERTO,RM-AF-0809/25,HIM,ADJUDICADO,,,ADJUDICACIÓN DIRECTA,ADQUISICIONES,E-2025-00069429,012NBG003 - SUBDIRECCION DE RECURSOS MATERIALES,CIUDAD DE MÉXICO
320,AA-08-VSS-008VSS983-N-207-2025,NACIONAL,ABARROTES COMESTIBLES,APB,ADJUDICADO,,,ADJUDICACIÓN DIRECTA,ADQUISICIONES,E-2025-00093983,008VSS983 - DIRECCIÓN DE COMERCIALIZACIÓN,MÉXICO
321,AA-48-E00-048E00995-N-1225-2025,NACIONAL,ADQUISICIÓN Y SUMINISTRO DE PINTURAS BASE AGUA Y BASE ACEITE,INBAL,ADJUDICADO,,,ADJUDICACIÓN DIRECTA,ADQUISICIONES,E-2025-00094197,048E00995 - DIRECCION DE RECURSOS MATERIALES,CIUDAD DE MÉXICO
322,AA-08-VSS-008VSS983-N-370-2025,NACIONAL,ABARROTES COMESTIBLES,APB,ADJUDICADO,,,ADJUDICACIÓN DIRECTA,ADQUISICIONES,E-2025-00100748,008VSS983 - DIRECCIÓN DE COMERCIALIZACIÓN,MÉXICO
323,AA-08-VSS-008VSS981-N-279-2025,NACIONAL,ATUN EL DORADO,APB,ADJUDICADO,,,ADJUDICACIÓN DIRECTA,ADQUISICIONES,E-2025-00100228,008VSS981 - DICONSA UNIDAD OPERATIVA MICHOCAN - ABASTO,MICHOACÁN DE OCAMPO
324,AA-50-GYR-050GYR998-T-629-2025,INTERNACIONAL BAJO LA COBERTURA DE TRATADOS,ABTA25ES10190184 C.A.P.,IMSS,ADJUDICADO,,,ADJUDICACIÓN DIRECTA,SERVICIOS,E-2025-00091610,"050GYR998 - UMAE, HOSPITAL DE ESPECIALIDADES, C.M.N. SIGLO XXI",CIUDAD DE MÉXICO
325,AA-08-VSS-008VSS967-N-358-2025,NACIONAL,SUAVIZANTE ENSUEÑO VARIOS AROMAS,APB,ADJUDICADO,,,ADJUDICACIÓN DIRECTA,ADQUISICIONES,E-2025-00100926,008VSS967 - UNIDAD OPERATIVA QUINTANA ROO-ABASTO,QUINTANA ROO
326,AA-50-GYR-050GYR998-T-821-2025,INTERNACIONAL BAJO LA COBERTURA DE TRATADOS,ABTA25ES10190683 B.C.M.,IMSS,ADJUDICADO,,,ADJUDICACIÓN DIRECTA,SERVICIOS,E-2025-00100269,"050GYR998 - UMAE, HOSPITAL DE ESPECIALIDADES, C.M.N. SIGLO XXI",CIUDAD DE MÉXICO
327,AA-08-VSS-008VSS008-N-73-2026,NACIONAL,ABARROTES COMESTIBLES,APB,ADJUDICADO,,,ADJUDICACIÓN DIRECTA,ADQUISICIONES,E-2026-00008403,008VSS008 - SUBGERENCIA OPERACIONES REGIONAL NORTE CENTRO,CHIHUAHUA
328,AA-06-G2T-006G2T002-N-343-2025,NACIONAL,DIFUSIÓN DE MENSAJES COMERCIALES PARA PROMOVER LA VENTA DE PRODUCTOS O SERVICIOS,CMM,ADJUDICADO,,,ADJUDICACIÓN DIRECTA,SERVICIOS,E-2026-00011312,006G2T002 - DIRECCIÓN CORPORATIVA DE ADMINISTRACIÓN Y FINANZAS,SAN LUIS POTOSÍ
329,AA-09-J4Q-009J4Q999-N-8-2023,NACIONAL,SERVICIO DE IMPARTICIÓN DE 8 CURSOS PARA LA CAPACITACIÓN DEL PERSONAL,PROMTEL,ADJUDICADO,,,ADJUDICACIÓN DIRECTA,SERVICIOS,E-2023-00050625,009J4Q999 - ORGANISMO PROMOTOR DE INVERSIONES EN TELECOMUNICACIONES,CIUDAD DE MÉXICO
330,AA-11-L6W-011L6W001-N-76-2023,NACIONAL,SERVICIO DE MANTENIMIENTO VEHICULAR COT GUANAJUATO 2023,CONAFE,ADJUDICADO,,,ADJUDICACIÓN DIRECTA,SERVICIOS,E-2023-00049663,"011L6W001 - DIRECCION DE ADMINISTRACION Y FINANZAS, SUBDIRECCION DE RECURSOS MATERIALES",GUANAJUATO
331,AA-12-NBD-012NBD001-N-239-2023,NACIONAL,SERVICIO DE MANTENIMIENTO PREVENTIVO Y CORRECTIVO PARA DIFUSORAS DE CALOR,HGM,ADJUDICADO,,,ADJUDICACIÓN DIRECTA,SERVICIOS,E-2023-00049307,012NBD001 - DIRECCION DE ADMINISTRACION Y FINANZAS,CIUDAD DE MÉXICO
332,AA-16-RHQ-016RHQ001-N-632-2023,NACIONAL,PROVEEDOR DE SERVICIOS PROFESIONALES,CONAFOR,ADJUDICADO,,,ADJUDICACIÓN DIRECTA,SERVICIOS,E-2023-00050803,"016RHQ001 - GERENCIA DE RECURSOS MATERIALES, UNIDAD DE ADMINISTRACION Y FINANZAS",JALISCO
333,AA-12-NDF-012NDF999-N-402-2023,NACIONAL,SALUD/INRLGII/59/2023,INR,ADJUDICADO,,,ADJUDICACIÓN DIRECTA,SERVICIOS,E-2023-00038333,012NDF999 - SUBDIRECCION DE COMPRAS Y SUMINISTROS,CIUDAD DE MÉXICO
334,AA-06-A00-006A00997-N-857-2023,NACIONAL,04-22-604 SERVICIOS PROFESIONALES PARA LA ELABORACIÓN DE AVALÚOS,INDAABIN,ADJUDICADO,,,ADJUDICACIÓN DIRECTA,SERVICIOS,E-2023-00039361,006A00997 - DIRECCIÓN GENERAL DE AVALÚOS Y OBRAS,CIUDAD DE MÉXICO
335,AA-50-GYR-050GYR028-I-74-2023,INTERNACIONAL ABIERTO,MEDICAMENTOS,IMSS,ADJUDICADO,,,ADJUDICACIÓN DIRECTA,ADQUISICIONES,E-2023-00038036,050GYR028 - COORDINACION DE ABASTECIMIENTO Y EQUIPAMIENTO DELEGACION REGIONAL ESTADO DE MEXICO ORIENTE,MÉXICO
336,AA-08-VSS-008VSS979-N-182-2024,NACIONAL,MANTECA VEGETAL,APB,ADJUDICADO,,,ADJUDICACIÓN DIRECTA,ADQUISICIONES,E-2024-00099414,"008VSS979 - UNIDAD OPERATIVA DURANGO, ABASTO",DURANGO
337,AA-08-VSS-008VSS976-N-496-2024,NACIONAL,ABARROTES NO COMESTIBLES,APB,ADJUDICADO,,,ADJUDICACIÓN DIRECTA,ADQUISICIONES,E-2024-00100006,"008VSS976 - UNIDAD OPERATIVA MIXTECA, ABASTO",OAXACA
338,AO-48-D00-048D00004-N-113-2024,NACIONAL,"INTERVENCION DEL INMUEBLE SAN JUAN BAUTISTA, OAXACA",INAH,ADJUDICADO,,,ADJUDICACIÓN DIRECTA,OBRA PÚBLICA,E-2024-00093736,048D00004 - COORDINACION NACIONAL DE OBRAS Y PROYECTOS,CIUDAD DE MÉXICO
339,AA-08-VSS-008VSS013-N-665-2024,NACIONAL,ABARROTES COMESTIBLES,APB,ADJUDICADO,,,ADJUDICACIÓN DIRECTA,ADQUISICIONES,E-2024-00101374,008VSS013 - GERENCIA REGIONAL OAXACA,OAXACA
340,AA-85-X28-926016949-N-37-2024,NACIONAL,PRESTACIÓN DE SERVICIOS,SEMUJERES,ADJUDICADO,,,ADJUDICACIÓN DIRECTA,SERVICIOS,E-2024-00102791,926016949 - COORDINACION EJECUTIVA,SONORA
341,AA-08-VSS-008VSS991-N-533-2024,NACIONAL,HARINA DE MAIZ,APB,ADJUDICADO,,,ADJUDICACIÓN DIRECTA,ADQUISICIONES,E-2024-00099922,"008VSS991 - UNIDAD OPERATIVA SAN LUIS POTOSÍ, SUBGERENCIA DE LA UNIDAD OPERATIVA",SAN LUIS POTOSÍ
342,AA-11-B01-011B01001-N-2965-2024,NACIONAL,PRODUCTOR DE CAMPO,ONCETV,ADJUDICADO,,,ADJUDICACIÓN DIRECTA,SERVICIOS,E-2024-00102595,011B01001 - DIRECCION DE ADMINISTRACION Y FINANZAS,CIUDAD DE MÉXICO
343,AA-11-B00-011B00001-N-3100-2024,NACIONAL,PRESTACION DE SERVICIOS PROFESIONALES ESIQIE-PSP-421-2024,IPN,ADJUDICADO,,,ADJUDICACIÓN DIRECTA,SERVICIOS,E-2024-00041051,011B00001 - DIRECCION DE RECURSOS MATERIALES E INFRAESTRUCTURA,CIUDAD DE MÉXICO
344,AA-51-GYN-051GYN048-N-39-2024,NACIONAL,INSTRUCTOR DE ARTESANIAS,ISSSTE,ADJUDICADO,,,ADJUDICACIÓN DIRECTA,SERVICIOS,E-2024-00030781,"051GYN048 - REPRESENTACION ESTATAL NAYARIT, SUBDELEGACION DE ADMINISTRACION",NAYARIT
345,AA-20-124-020000027-N-13-2024,NACIONAL,MATERIAL DE LIMPIEZA,BIENESTAR,ADJUDICADO,,,ADJUDICACIÓN DIRECTA,ADQUISICIONES,E-2024-00041128,"020000027 - SUBDELEGACION DE ADMINISTRACION, DELEGACION CAMPECHE",CAMPECHE
346,AA-08-VSS-008VSS977-N-443-2024,NACIONAL,ABARROTES NO COMESTIBLES,APB,ADJUDICADO,,,ADJUDICACIÓN DIRECTA,ADQUISICIONES,E-2024-00101162,"008VSS977 - UNIDAD OPERATIVA NAYARIT, ABASTO",NAYARIT
347,AA-63-ZA1-904072973-N-31-2024,NACIONAL,SERVICIO DE HOSPEDAJE Y ALIMENTOS (CENA 14 DE OCTUBRE Y DESAYUNO 15 DE OCTUBRE),CECYTEC,ADJUDICADO,,,ADJUDICACIÓN DIRECTA,SERVICIOS,E-2024-00104057,904072973 - DIRECCION DE PLANEACION,CAMPECHE
348,AA-50-GYR-050GYR041-N-196-2024,NACIONAL,ADQUISICIÓN DE MEDICAMENTOS,IMSS,ADJUDICADO,,,ADJUDICACIÓN DIRECTA,ADQUISICIONES,E-2024-00083819,"050GYR041 - DELEGACION TLAXCALA, COORDINACION DE ABASTECIMIENTO Y EQUIPAMIENTO",TLAXCALA
349,AA-08-VSS-008VSS995-N-380-2024,NACIONAL,ABARROTES COMESTIBLES,APB,ADJUDICADO,,,ADJUDICACIÓN DIRECTA,ADQUISICIONES,E-2024-00099320,"008VSS995 - UNIDAD OPERATIVA QUERETARO, ABASTO",QUERÉTARO
350,AA-72-034-913010944-N-8-2024,NACIONAL,MANTENIMIENTO PREVENTIVO DE RED,072034,ADJUDICADO,,,ADJUDICACIÓN DIRECTA,SERVICIOS,E-2024-00095683,913010944 - DIRECCIÓN GENERAL DE ADMINISTRACIÓN DE LA SUBSECRETARÍA DE ADMINISTRACIÓN Y FINANZAS,HIDALGO
351,AA-08-133-008000989-N-20-2025,NACIONAL,VIGILANCIA DDR PACHUCA FEB-DIC 2025,SADER,ADJUDICADO,,,ADJUDICACIÓN DIRECTA,SERVICIOS,E-2025-00013383,"008000989 - DELEGACIÓN ESTATAL EN HIDALGO, SUBDELEGACIÓN ADMINISTRATIVA",HIDALGO
352,AA-08-VSS-008VSS991-N-28-2025,NACIONAL,PRODUCTO LACTEO,APB,ADJUDICADO,,,ADJUDICACIÓN DIRECTA,ADQUISICIONES,E-2025-00014072,"008VSS991 - UNIDAD OPERATIVA SAN LUIS POTOSÍ, SUBGERENCIA DE LA UNIDAD OPERATIVA",SAN LUIS POTOSÍ
353,AA-90-Z29-931038969-N-37-2024,NACIONAL,"ADQUISICIÓN DE COMBUSTIBLE POR LA CANTIDAD DE $214,550.00  DEL RUBRO DE GASTOS D",SEMUJERES,ADJUDICADO,,,ADJUDICACIÓN DIRECTA,ADQUISICIONES,E-2024-00114068,931038969 - DIRECCIÓN DE ADMINISTRACION Y FINANZAS,YUCATÁN
354,AA-08-VSS-008VSS007-N-51-2026,NACIONAL,ABARROTES COMESTIBLES,APB,ADJUDICADO,,,ADJUDICACIÓN DIRECTA,ADQUISICIONES,E-2026-00022815,"008VSS007 - SUBGERENCIA REGIONAL NOROESTE, UNIDAD OPERATIVA CULIACÁN",SINALOA
355,AA-51-GYN-051GYN905-N-59-2026,NACIONAL,APOYO PARA REALIZAR EL MANTENIMIENTO DE LOS APLICATIVOS .NET Y LOS PROCESOS DE B,ISSSTE,ADJUDICADO,,,ADJUDICACIÓN DIRECTA,SERVICIOS,E-2026-00022636,051GYN905 - SUBDIRECCION DE ADMINISTRACION,CIUDAD DE MÉXICO
356,AA-51-GYN-051GYN060-N-19-2026,NACIONAL,SUMINISTRO DE MEDICAMENTOS ONCOLOGICOS  (0015),ISSSTE,ADJUDICADO,,,ADJUDICACIÓN DIRECTA,ADQUISICIONES,E-2026-00030110,051GYN060 - DEPARTAMENTO DE RECURSOS MATERIALES Y OBRAS,DURANGO
357,AA-72-034-913010944-N-107-2023,NACIONAL,MATERIAL BIBLIOGRÁFICO PARA EL FOMENTO DE LA LECTURA Y LA INTERNALIZACIÓN DE LA,072034,ADJUDICADO,,,ADJUDICACIÓN DIRECTA,ADQUISICIONES,E-2023-00133901,913010944 - DIRECCIÓN GENERAL DE ADMINISTRACIÓN DE LA SUBSECRETARÍA DE ADMINISTRACIÓN Y FINANZAS,HIDALGO
358,AO-68-021-909004999-N-187-2023,NACIONAL,CONSTRUCCIÓN DE CÁRCAMO DE BOMBEO Y COLECTOR LAUREL EN LA COLONIA AGUA CALIENTE,SEDEMA,ADJUDICADO,,,ADJUDICACIÓN DIRECTA,OBRA PÚBLICA,E-2023-00133721,909004999 - SISTEMA DE AGUAS DE LA CIUDAD DE MÉXICO,CIUDAD DE MÉXICO
359,AA-10-K2H-010K2H001-N-37-2023,NACIONAL,SUMINISTRO DE GAS LP,CENAM,ADJUDICADO,,,ADJUDICACIÓN DIRECTA,SERVICIOS,E-2023-00000140,010K2H001 - DIRECCION GENERAL DE ADMINISTRACION Y FINANZAS,QUERÉTARO
360,AA-48-E00-048E00995-N-318-2023,NACIONAL,"DESARROLLO DE ACTIVIDADES DEL PROGRAMA PÚBLICO, PROG. VOLUNTARIOS Y SERV SOC.",INBAL,ADJUDICADO,,,ADJUDICACIÓN DIRECTA,SERVICIOS,E-2023-00002397,048E00995 - DIRECCION DE RECURSOS MATERIALES,CIUDAD DE MÉXICO
361,AA-15-412-015000999-N-50-2023,NACIONAL,PRESTADOR DE SERVICIOS,SEDATU,ADJUDICADO,,,ADJUDICACIÓN DIRECTA,SERVICIOS,E-2023-00002555,015000999 - DIRECCION GENERAL DE RECURSOS MATERIALES Y SERVICIOS GENERALES,CIUDAD DE MÉXICO
362,AA-48-E00-048E00995-N-336-2023,NACIONAL,"DIFUSIÓN DE MEDIDAS DE SEGURIDAD, CONCIENTIZACIÓN Y CULTURA DE AUTO PROTECCIÓN.",INBAL,ADJUDICADO,,,ADJUDICACIÓN DIRECTA,SERVICIOS,E-2023-00002474,048E00995 - DIRECCION DE RECURSOS MATERIALES,CIUDAD DE MÉXICO
363,AA-51-GYN-051GYN905-N-116-2023,NACIONAL,APOYO EN DOCUMENTAR LOS SUBPROCESOS DEL FOVISSSTE CONFORMA A LAS GUÍAS TÉCNICAS,ISSSTE,ADJUDICADO,,,ADJUDICACIÓN DIRECTA,SERVICIOS,E-2023-00002663,051GYN905 - SUBDIRECCION DE ADMINISTRACION,CIUDAD DE MÉXICO
364,AA-50-GYR-050GYR998-T-382-2024,INTERNACIONAL BAJO LA COBERTURA DE TRATADOS,ABTA24ES04060900 O.A.C.,IMSS,ADJUDICADO,,,ADJUDICACIÓN DIRECTA,SERVICIOS,E-2024-00093153,"050GYR998 - UMAE, HOSPITAL DE ESPECIALIDADES, C.M.N. SIGLO XXI",CIUDAD DE MÉXICO
365,AA-06-HJY-006HJY001-N-262-2024,NACIONAL,SERVICIO DE AUDITORÍA EXTERNA PARA DICTAMINAR LOS ESTADOS FINANCIEROS CONTABLES,PRONOSTICOS,ADJUDICADO,,,ADJUDICACIÓN DIRECTA,SERVICIOS,E-2024-00105721,006HJY001 - GERENCIA DE RECURSOS MATERIALES,CIUDAD DE MÉXICO
366,AA-50-GYR-050GYR043-N-84-2024,NACIONAL,"MANTENIMIENTO A CIRCUITO CERRADO, SONIDO Y PULIDORAS",IMSS,ADJUDICADO,,,ADJUDICACIÓN DIRECTA,SERVICIOS,E-2024-00105455,"050GYR043 - UMAE DR. GAUDENCIO GONZALEZ GARZA DEL CMN LA RAZA, DEPARTAMENTO DE ABASTECIMIENTO",CIUDAD DE MÉXICO
367,AA-11-B00-011B00001-N-1572-2024,NACIONAL,CONTRATACIÓN DE SERVICIOS PROFESIONALES PARA LA SUB. ACADÉMICA DEL CICS-ST,IPN,ADJUDICADO,,,ADJUDICACIÓN DIRECTA,SERVICIOS,E-2024-00025619,011B00001 - DIRECCION DE RECURSOS MATERIALES E INFRAESTRUCTURA,CIUDAD DE MÉXICO
368,AA-08-VSS-008VSS998-N-281-2024,NACIONAL,MAIZ BLANCO,APB,ADJUDICADO,,,ADJUDICACIÓN DIRECTA,ADQUISICIONES,E-2024-00029026,008VSS998 - DIRECCIÓN COMERCIAL,CIUDAD DE MÉXICO
369,AA-12-NDY-012NDY001-N-432-2024,NACIONAL,REALIZAR EL LEVANTAMIENTO DEL NÚMERO DE CUESTIONARIOS REQUERIDOS,INSP,ADJUDICADO,,,ADJUDICACIÓN DIRECTA,SERVICIOS,E-2024-00058396,012NDY001 - DEPARTAMENTO DE SERVICIOS GENERALES Y MANTENIMIENTO,MORELOS
370,AA-48-D00-048D00001-N-336-2024,NACIONAL,SERVICIOS DE MANTENIMIENTO PREVENTIVO Y CORRECTIVO A LOS EQUIPOS DE SEGURIDAD,INAH,ADJUDICADO,,,ADJUDICACIÓN DIRECTA,SERVICIOS,E-2024-00062199,048D00001 - COORDINACION NACIONAL DE RECURSOS MATERIALES Y SERVICIOS,CIUDAD DE MÉXICO
371,AA-50-GYR-050GYR045-T-112-2024,INTERNACIONAL BAJO LA COBERTURA DE TRATADOS,ADQUISICION DE MATERIAL DE CURCION (DESIERTA T91),IMSS,ADJUDICADO,,,ADJUDICACIÓN DIRECTA,ADQUISICIONES,E-2024-00062971,050GYR045 - UMAE HOSPITAL DE ESPECILIDADES NO.71 DEPTO DE ABASTECIMIENTO,COAHUILA DE ZARAGOZA
372,AA-13-J2X-013J2X001-N-67-2024,NACIONAL,SERVICIOS DE COMUNICACIÓN SOCIAL 21-2024,ASIPONA-Tuxpan,ADJUDICADO,,,ADJUDICACIÓN DIRECTA,SERVICIOS,E-2024-00081687,013J2X001 - TUXPAN-GERENCIA DE ADMINISTRACION Y FINANZAS,VERACRUZ
373,AA-06-A00-006A00997-N-2057-2024,NACIONAL,01-24-96   SERVICIOS PROFESIONALES PARA LA ELABORACIÓN DEL AVALÚO,INDAABIN,ADJUDICADO,,,ADJUDICACIÓN DIRECTA,SERVICIOS,E-2024-00085745,006A00997 - DIRECCIÓN GENERAL DE AVALÚOS Y OBRAS,CIUDAD DE MÉXICO
374,AA-50-GYR-050GYR049-T-156-2024,INTERNACIONAL BAJO LA COBERTURA DE TRATADOS,MEDICAMENTOS Y MATERIAL DE CURACIÓN,IMSS,ADJUDICADO,,,ADJUDICACIÓN DIRECTA,ADQUISICIONES,E-2024-00086078,"050GYR049 - UMAE DR. VICTORIO DE LA FUENTE NARVAEZ CIUDAD DE MEXICO, DIRECCION",CIUDAD DE MÉXICO
375,AA-06-A00-006A00997-N-2063-2024,NACIONAL,01-24-300   SERVICIOS PROFESIONALES PARA LA ELABORACIÓN DEL AVALÚO,INDAABIN,ADJUDICADO,,,ADJUDICACIÓN DIRECTA,SERVICIOS,E-2024-00085821,006A00997 - DIRECCIÓN GENERAL DE AVALÚOS Y OBRAS,CIUDAD DE MÉXICO
376,AA-15-412-015000999-N-1310-2024,NACIONAL,PRESTADOR DE SERVICIOS,SEDATU,ADJUDICADO,,,ADJUDICACIÓN DIRECTA,SERVICIOS,E-2024-00084838,015000999 - DIRECCION GENERAL DE RECURSOS MATERIALES Y SERVICIOS GENERALES,CIUDAD DE MÉXICO
377,AA-06-A00-006A00997-N-1907-2024,NACIONAL,04-23-2532 SERVICIOS PROFESIONALES PARA LA ELABORACION DEL AVALUO,INDAABIN,ADJUDICADO,,,ADJUDICACIÓN DIRECTA,SERVICIOS,E-2024-00082846,006A00997 - DIRECCIÓN GENERAL DE AVALÚOS Y OBRAS,CIUDAD DE MÉXICO
378,AA-04-E2D-004E2D001-N-298-2024,NACIONAL,PAPELERIA TGM,TGM,ADJUDICADO,,,ADJUDICACIÓN DIRECTA,ADQUISICIONES,E-2024-00083566,004E2D001 - GERENCIA DE ABASTECIMIENTOS,CIUDAD DE MÉXICO
379,AA-86-002-927023929-N-12-2024,NACIONAL,SERVICIO DE MANTENIMIENTO A EXTINTORES,CECYTAB,ADJUDICADO,,,ADJUDICACIÓN DIRECTA,SERVICIOS,E-2024-00080702,927023929 - DIRECCIÓN FINANCIERA,TABASCO
380,AA-50-GYR-050GYR024-I-15-2023,INTERNACIONAL ABIERTO,MEDICAMENTO Y PSICOTROPICO REQ. 010 Y 012  1ER REGISTRO,IMSS,ADJUDICADO,,,ADJUDICACIÓN DIRECTA,ADQUISICIONES,E-2023-00005886,"050GYR024 - OOAD, ESTADO DE MEXICO PONIENTE, COORDINACION DE ABASTECIMIENTO Y EQUIPAMIENTO",MÉXICO
381,AA-16-RHQ-016RHQ001-N-367-2023,NACIONAL,PROVEEDOR DE SERVICIOS PROFESIONALES,CONAFOR,ADJUDICADO,,,ADJUDICACIÓN DIRECTA,SERVICIOS,E-2023-00006491,"016RHQ001 - GERENCIA DE RECURSOS MATERIALES, UNIDAD DE ADMINISTRACION Y FINANZAS",JALISCO
382,AA-48-410-048410003-N-183-2023,NACIONAL,"""SERVICIOS PROFESIONALES CONSISTENTES EN COADYUVAR CON LA DIRECCIÓN GENERAL DE P",CULTURA,ADJUDICADO,,,ADJUDICACIÓN DIRECTA,SERVICIOS,E-2023-00006791,048410003 - DEPARTAMENTO DE COMITE,CIUDAD DE MÉXICO
383,AA-20-400-020000884-N-72-2024,NACIONAL,"CONTRATO DE ARRENDAMIENTO DE MOBILIARIO DEL MES DE OCTUBRE DE 2024 , PAM S176 I",BIENESTAR,ADJUDICADO,,,ADJUDICACIÓN DIRECTA,ARRENDAMIENTOS,E-2024-00100274,020000884 - SUBDELEGACION DE ADMINISTRACION,MÉXICO
384,AA-08-VSS-008VSS974-N-318-2025,NACIONAL,SALVADILLO Y ALIMENTO PARA GANADO,APB,ADJUDICADO,,,ADJUDICACIÓN DIRECTA,ADQUISICIONES,E-2025-00094599,008VSS974 - UNIDAD OPERATIVA COAHUILA,COAHUILA DE ZARAGOZA
385,AA-48-410-048410003-N-1324-2025,NACIONAL,PRESTACIÓN DE SERVICIOS PROFESIONALES CONSISTENTES EN COADYUVAR EN LA UNIDAD DE,CULTURA,ADJUDICADO,,,ADJUDICACIÓN DIRECTA,SERVICIOS,E-2025-00095071,048410003 - DEPARTAMENTO DE COMITE,CIUDAD DE MÉXICO
386,AA-86-X75-927006974-N-58-2025,NACIONAL,"25401.-MATERIALES, ACCESORIOS Y SUMINISTROS MEDICOS",SSALUDTAB,ADJUDICADO,,,ADJUDICACIÓN DIRECTA,ADQUISICIONES,E-2025-00087040,927006974 - DIRECCIÓN DE RECURSOS MATERIALES,TABASCO
387,AO-12-NCZ-012NCZ002-N-103-2025,NACIONAL,IMPERMEABILIZACIÓN EN PISO DEL ÁREA DE JUEGOS EN PLANTA BAJA DEL EDIFICIO DE CON,INP,ADJUDICADO,,,ADJUDICACIÓN DIRECTA,OBRA PÚBLICA,E-2025-00086770,012NCZ002 - SUBDIRECCIÓN DE SERVICIOS GENERALES,CIUDAD DE MÉXICO
388,AA-18-T0O-018T0O004-N-268-2025,NACIONAL,SERVICIOS RELACIONADOS CON CERTIFICACIÓN,IMP,ADJUDICADO,,,ADJUDICACIÓN DIRECTA,SERVICIOS,E-2025-00084221,018T0O004 - GERENCIA DE RECURSOS MATERIALES,CIUDAD DE MÉXICO
389,AA-08-VSS-008VSS008-N-611-2025,NACIONAL,ABARROTES COMESTIBLES,APB,ADJUDICADO,,,ADJUDICACIÓN DIRECTA,ADQUISICIONES,E-2025-00086095,008VSS008 - SUBGERENCIA OPERACIONES REGIONAL NORTE CENTRO,CHIHUAHUA
390,AA-10-LAU-010LAU001-N-143-2025,NACIONAL,CURSO FORTALECIMIENTO DE TÉCNICAS Y CRITERIOS UTILIZADOS EN EXPLORACIÓN MINERA.,SGM,ADJUDICADO,,,ADJUDICACIÓN DIRECTA,SERVICIOS,E-2025-00079042,010LAU001 - SUBGERENCIA DE ADQUISICIONES,HIDALGO
391,AA-48-L9Y-048L9Y001-N-96-2025,NACIONAL,SERVICIO DE APOYO EN ACTIVIDADES DE ADQUISICIONES Y OPERACIONES DE PLATAFORMAS,FICINE,ADJUDICADO,,,ADJUDICACIÓN DIRECTA,SERVICIOS,E-2025-00022984,048L9Y001 - DIRECCION DE ADMINISTRACION Y FINANZAS,CIUDAD DE MÉXICO
392,AA-15-412-015000999-N-306-2025,NACIONAL,PRESTADOR DE SERVICIOS,SEDATU,ADJUDICADO,,,ADJUDICACIÓN DIRECTA,SERVICIOS,E-2025-00018659,015000999 - DIRECCION GENERAL DE RECURSOS MATERIALES Y SERVICIOS GENERALES,CIUDAD DE MÉXICO
393,AO-16-B00-016B00985-N-4-2025,NACIONAL,ACCIONES DE REHABILITACIÓN DE CAUCES Y SISTEMA DE DRENAJE EN CHALCO,CONAGUA,ADJUDICADO,,,ADJUDICACIÓN DIRECTA,OBRA PÚBLICA,E-2025-00016771,016B00985 - GERENCIA DE RECURSOS MATERIALES,CIUDAD DE MÉXICO
394,AA-13-J4V-013J4V001-N-131-2025,NACIONAL,ESPECIALISTA EN DERECHOS HUMANOS,FIDENA,ADJUDICADO,,,ADJUDICACIÓN DIRECTA,SERVICIOS,E-2025-00024635,013J4V001 - DIRECCION DE ADMINISTRACION Y FINANZAS,CIUDAD DE MÉXICO
395,AA-51-GYN-051GYN905-N-163-2024,NACIONAL,APOYO ADMINISTIVA EN LOS DIFERENTES PROCESOS Y TRAMITES JURIDICOS QUE REALIZA EL,ISSSTE,ADJUDICADO,,,ADJUDICACIÓN DIRECTA,SERVICIOS,E-2024-00003883,051GYN905 - SUBDIRECCION DE ADMINISTRACION,CIUDAD DE MÉXICO
396,AA-76-T41-917014999-N-27-2023,NACIONAL,SERVICIO DE MANTENIMIENTO A INFRAESTRUCTURA DE RED,UPEMOR,ADJUDICADO,,,ADJUDICACIÓN DIRECTA,SERVICIOS,E-2023-00134240,"917014999 - DIRECCIÓN DE RECURSOS MATERIALES, PATRIMONIO Y SERVICIOS GENERALES",MORELOS
397,AA-08-VSS-008VSS992-N-12-2024,NACIONAL,ABARROTES COMESTIBLES,APB,ADJUDICADO,,,ADJUDICACIÓN DIRECTA,ADQUISICIONES,E-2024-00002073,"008VSS992 - GERENCIA REGIONAL OCCIDENTAL, ABASTO",JALISCO
398,AA-06-A00-006A00997-N-151-2024,NACIONAL,01-23-1114   SERVICIOS PROFESIONALES PARA LA ELABORACIÓN DE AVALÚOS,INDAABIN,ADJUDICADO,,,ADJUDICACIÓN DIRECTA,SERVICIOS,E-2024-00004988,006A00997 - DIRECCIÓN GENERAL DE AVALÚOS Y OBRAS,CIUDAD DE MÉXICO
399,AA-15-412-015000999-N-246-2026,NACIONAL,PRESTADOR DE SERVICIOS,SEDATU,ADJUDICADO,,,ADJUDICACIÓN DIRECTA,SERVICIOS,E-2026-00013265,015000999 - DIRECCION GENERAL DE RECURSOS MATERIALES Y SERVICIOS GENERALES,CIUDAD DE MÉXICO
400,AA-15-412-015000999-N-29-2026,NACIONAL,PRESTADOR DE SERVICIOS,SEDATU,ADJUDICADO,,,ADJUDICACIÓN DIRECTA,SERVICIOS,E-2026-00011214,015000999 - DIRECCION GENERAL DE RECURSOS MATERIALES Y SERVICIOS GENERALES,CIUDAD DE MÉXICO
401,AA-48-E00-048E00995-N-598-2026,NACIONAL,APOYAR EN EL REGISTRO Y ANÁLISIS DE INDICADORES DEL PÚBLICO VISITANTE A LAS EXPO,INBAL,ADJUDICADO,,,ADJUDICACIÓN DIRECTA,SERVICIOS,E-2026-00013194,048E00995 - DIRECCION DE RECURSOS MATERIALES,CIUDAD DE MÉXICO
402,EP-16-G00-016G00999-N-14-2026,NACIONAL,SERVICIO DE SEGURIDAD Y VIGILANCIA,ASEA,ADJUDICADO,,,ADJUDICACIÓN DIRECTA,SERVICIOS,E-2026-00012517,016G00999 - DIRECCION GENERAL DE RECURSOS MATERIALES Y SERVICIOS,CIUDAD DE MÉXICO
403,AA-08-VSS-008VSS980-N-31-2026,NACIONAL,ABARROTES NO COMESTIBLES,APB,ADJUDICADO,,,ADJUDICACIÓN DIRECTA,ADQUISICIONES,E-2026-00012054,008VSS980 - UNIDAD OPERATIVA GUERRERO - ABASTO,GUERRERO
404,AA-07-138-007000995-N-43-2026,NACIONAL,037 SERVICIO DE DIFUSIÓN DE MENSAJE INSTITUCIONAL EN DESKTOP Y WEB MOBILE/SECCIO,SEDENA,ADJUDICADO,,,ADJUDICACIÓN DIRECTA,SERVICIOS,E-2026-00008272,007000995 - COMUNICACIÓN SOCIAL,CIUDAD DE MÉXICO
405,AA-08-VSS-008VSS016-N-1715-2023,NACIONAL,PRODUCTOS DIVERSOS,APB,ADJUDICADO,,,ADJUDICACIÓN DIRECTA,ADQUISICIONES,E-2023-00127853,008VSS016 - GERENCIA REGIONAL GOLFO,TAMAULIPAS
406,AA-16-RHQ-016RHQ001-N-240-2024,NACIONAL,PROVEEDOR DE SERVICIOS PROFESIONALES DE COMPENSACIÓN,CONAFOR,ADJUDICADO,,,ADJUDICACIÓN DIRECTA,SERVICIOS,E-2024-00004471,"016RHQ001 - GERENCIA DE RECURSOS MATERIALES, UNIDAD DE ADMINISTRACION Y FINANZAS",JALISCO
407,AA-08-VSS-008VSS977-N-520-2024,NACIONAL,ABARROTES COMESTIBLES,APB,ADJUDICADO,,,ADJUDICACIÓN DIRECTA,ADQUISICIONES,E-2024-00109698,"008VSS977 - UNIDAD OPERATIVA NAYARIT, ABASTO",NAYARIT
408,AA-11-MAX-011MAX001-N-553-2024,NACIONAL,ADQUISICIÓN DE PAPEL,IEPSA,ADJUDICADO,,,ADJUDICACIÓN DIRECTA,ADQUISICIONES,E-2024-00107811,011MAX001 - SUBGERENCIA DE ADQUISICIONES Y CONTRATACION DE SERVICIOS,CIUDAD DE MÉXICO
409,AA-51-GYN-051GYN061-N-124-2024,NACIONAL,"INSTALACIÓN, REPARACIÓN Y MANTENIMIENTO DE EQUIPO E INSTRUMENTAL MÉDICO Y DE LAB",ISSSTE,ADJUDICADO,,,ADJUDICACIÓN DIRECTA,SERVICIOS,E-2024-00109394,"051GYN061 - DELEGACION ESTATAL HIDALGO, DEPARTAMENTO DE RECURSOS MATERIALES Y OBRAS",HIDALGO
410,AA-50-GYR-050GYR069-N-179-2024,NACIONAL,SERVICIOS DE MANTENIMIENTO Y CONSERVACIÓN DE SUBESTACIÓN ELÉCTRICA PARA OFICINAS,IMSS,ADJUDICADO,,,ADJUDICACIÓN DIRECTA,SERVICIOS,E-2024-00109755,"050GYR069 - DEPARTAMENTO DE ADQUISICIONES, BIENES Y EQUIPAMIENTO",CAMPECHE
411,AA-48-D00-048D00001-N-489-2024,NACIONAL,SERVICIOS PARA LA REALIZACIÓN DE AUDITORÍAS EXTERNAS,INAH,ADJUDICADO,,,ADJUDICACIÓN DIRECTA,SERVICIOS,E-2024-00109233,048D00001 - COORDINACION NACIONAL DE RECURSOS MATERIALES Y SERVICIOS,CIUDAD DE MÉXICO
412,AA-13-312-013000999-N-1303-2024,NACIONAL,NAC 13-1341/24 REQ 1889 INFO202/24 MATERIAL ELECTRICO Y ELECTRONICO,SEMAR,ADJUDICADO,,,ADJUDICACIÓN DIRECTA,ADQUISICIONES,E-2024-00110537,013000999 - DIRECCION GENERAL ADJUNTA DE ADQUISICIONES,CIUDAD DE MÉXICO
413,AA-13-312-013000999-N-1317-2024,NACIONAL,NAC 13-1368-24 REQ 1913 FAVE0126OR INSUMOS TEXTILES ADQUIRIDOS COMO MATERIA PRIM,SEMAR,ADJUDICADO,,,ADJUDICACIÓN DIRECTA,ADQUISICIONES,E-2024-00111082,013000999 - DIRECCION GENERAL ADJUNTA DE ADQUISICIONES,CIUDAD DE MÉXICO
414,AA-11-MAR-011MAR001-N-18-2023,NACIONAL,SERVICIOS DE APOYO EN ACTIVIDADES ADMINISTRATIVAS.,FCE,ADJUDICADO,,,ADJUDICACIÓN DIRECTA,SERVICIOS,E-2023-00005099,011MAR001 - SUBGERENCIA DE RECURSOS MATERIALES,CIUDAD DE MÉXICO
415,AA-50-GYR-050GYR005-I-24-2023,INTERNACIONAL ABIERTO,"ADQUISICIÓN DE MATERIAL DE CURACIÓN, RADIOLÓGICO Y LABORATORIO",IMSS,ADJUDICADO PARCIAL,,,ADJUDICACIÓN DIRECTA,ADQUISICIONES,E-2023-00004053,050GYR005 - DEPARTAMENTO DE ADQUISICION DE BIENES Y CONTRATACION DE SERVICIOS,NAYARIT
416,AA-08-VSS-008VSS985-N-184-2024,NACIONAL,BRAND AND PUSH,APB,ADJUDICADO,,,ADJUDICACIÓN DIRECTA,ADQUISICIONES,E-2024-00033741,008VSS985 - GERENCIA REGIONAL PENINSULAR,QUINTANA ROO
417,AA-11-L4J-011L4J993-N-43-2024,NACIONAL,REFACCIONES PARA EQUIPO DE DIFRACCIÓN DE RAYOS X D8 ADVANCE - BRUKER,CINVESTAV,ADJUDICADO,,,ADJUDICACIÓN DIRECTA,ADQUISICIONES,E-2024-00034526,011L4J993 - UNIDAD MERIDA,YUCATÁN
418,AA-08-VSS-008VSS989-I-59-2024,INTERNACIONAL ABIERTO,SUAVIZANTES DE TELA,APB,ADJUDICADO,,,ADJUDICACIÓN DIRECTA,ADQUISICIONES,E-2024-00035583,008VSS989 - SUCURSAL CENTRO-NORTE SUBGERENCIA DE ABASTO,ZACATECAS
419,AA-06-712-006000998-N-141-2024,NACIONAL,"SERVICIOS DE PUBLICIDAD EN MEDIOS DIGITALES, EN SUS DIFERENTES FORMATOS",SHCP,ADJUDICADO,,,ADJUDICACIÓN DIRECTA,SERVICIOS,E-2024-00035021,006000998 - COORDINACIÓN DE ADQUISICIONES Y CONTRATACIÓN DE SERVICIOS,CIUDAD DE MÉXICO
420,AA-08-VSS-008VSS969-N-101-2024,NACIONAL,ABARROTES COMESTIBLES,APB,ADJUDICADO,,,ADJUDICACIÓN DIRECTA,ADQUISICIONES,E-2024-00071734,008VSS969 - UNIDAD OPERATIVA ORIZABA,VERACRUZ
421,AA-11-B01-011B01001-N-2520-2024,NACIONAL,DOCUMENTALISTA (VTK STOCK),ONCETV,ADJUDICADO,,,ADJUDICACIÓN DIRECTA,SERVICIOS,E-2024-00071182,011B01001 - DIRECCION DE ADMINISTRACION Y FINANZAS,CIUDAD DE MÉXICO
422,AA-86-X74-927006955-N-45-2024,NACIONAL,ADQUISICIÓN DE OTROS BIENES MUEBLES,SSA-HRAEDJGC,ADJUDICADO,,,ADJUDICACIÓN DIRECTA,ADQUISICIONES,E-2024-00071353,"927006955 - HOSPITAL REGIONAL DE ALTA ESPECIALIDAD DR. JUAN GRAHAM CASASUS, SUBDIRECCIÓN DE ADMON.",TABASCO
423,AA-72-034-913010944-N-4-2025,NACIONAL,ADQUISICIÓN DE UNIFORMES PARA LA ASISTENCIA AL FESTIVAL NACIONAL DE NORMALISMO,072034,ADJUDICADO,,,ADJUDICACIÓN DIRECTA,ADQUISICIONES,E-2025-00089108,913010944 - DIRECCIÓN GENERAL DE ADMINISTRACIÓN DE LA SUBSECRETARÍA DE ADMINISTRACIÓN Y FINANZAS,HIDALGO
424,AA-08-VSS-008VSS008-N-379-2025,NACIONAL,MERCANCIAS GENERALES,APB,ADJUDICADO,,,ADJUDICACIÓN DIRECTA,ADQUISICIONES,E-2025-00081270,008VSS008 - SUBGERENCIA OPERACIONES REGIONAL NORTE CENTRO,CHIHUAHUA
425,AA-51-GYN-051GYN085-N-385-2025,NACIONAL,MEDICAMENTOS DE ALTA ESPECIALIDAD,ISSSTE,ADJUDICADO,,,ADJUDICACIÓN DIRECTA,ADQUISICIONES,E-2025-00089971,"051GYN085 - HOSPITAL REGIONAL GRAL. IGNACIO ZARAGOZA, COORDINACION DE RECURSOS MATERIALES",CIUDAD DE MÉXICO
426,AA-06-A00-006A00997-N-3152-2025,NACIONAL,03-25-203  SERVICIOS PROFESIONALES PARA LA ELABORACIÓN DEL AVALÚO,INDAABIN,ADJUDICADO,,,ADJUDICACIÓN DIRECTA,SERVICIOS,E-2025-00090284,006A00997 - DIRECCIÓN GENERAL DE AVALÚOS Y OBRAS,CIUDAD DE MÉXICO
427,AA-50-GYR-050GYR013-N-165-2025,NACIONAL,ADJDIR-096-2025 ADQUISICION DE LIBROS PARA CONTROL DE MEDICAMENTOS PSICOTROPICOS,IMSS,ADJUDICADO,,,ADJUDICACIÓN DIRECTA,ADQUISICIONES,E-2025-00095232,050GYR013 - COORDINACION DE ABASTECIMIENTO Y EQUIPAMIENTO,OAXACA
428,AA-18-T0Q-018T0Q002-N-24-2026,NACIONAL,"DEFINIR Y CONSTRUIR LOS MODELOS, MALLAS Y CASOS BASE DE OPENFOAM11",ININ,ADJUDICADO,,,ADJUDICACIÓN DIRECTA,SERVICIOS,E-2026-00030931,018T0Q002 - DEPARTAMENTO DE SERVICIOS GENERALES Y MANTENIMIENTO,MÉXICO
429,AA-48-L9Y-048L9Y001-N-206-2025,NACIONAL,SERVICIO DE RECOLECCIÓN Y TRASLADO DE VALORES PARA CINETECA XOCO,FICINE,ADJUDICADO,,,ADJUDICACIÓN DIRECTA,SERVICIOS,E-2025-00031349,048L9Y001 - DIRECCION DE ADMINISTRACION Y FINANZAS,CIUDAD DE MÉXICO
430,AA-12-NCD-012NCD001-I-46-2025,INTERNACIONAL ABIERTO,REACTIVOS Y MATERIALES DE LABORATORIO PARA PRUEBAS EN LABORATORIO DE HLA,INER,ADJUDICADO,,,ADJUDICACIÓN DIRECTA,ADQUISICIONES,E-2025-00029917,012NCD001 - DEPARTAMENTO DE ADQUISICIONES,CIUDAD DE MÉXICO
431,AA-11-B00-011B00001-N-1835-2025,NACIONAL,PRESTACIÓN DE SERVICIOS PROFESIONALES,IPN,ADJUDICADO,,,ADJUDICACIÓN DIRECTA,SERVICIOS,E-2025-00030345,011B00001 - DIRECCION DE RECURSOS MATERIALES E INFRAESTRUCTURA,CIUDAD DE MÉXICO
432,AA-50-GYR-050GYR979-N-63-2025,NACIONAL,ADJUDICACIÓN DIRECTA,IMSS,ADJUDICADO,,,ADJUDICACIÓN DIRECTA,SERVICIOS,E-2025-00113777,050GYR979 - DEPARTAMENTO DE CONSERVACION Y SERVICIOS GENERALES,NUEVO LEÓN
433,AA-12-NCG-012NCG001-N-5-2023,NACIONAL,SERVICIO DE ELABORACIÓN DE PLACAS PARA IMPRESIÓN LÁMINA DIGITAL CALIBRE 30 TAMA,INCMNSZ,ADJUDICADO,,,ADJUDICACIÓN DIRECTA,SERVICIOS,E-2023-00003496,012NCG001 - SUBDIRECCION DE RECURSOS MATERIALES Y SERVICIOS GENERALES,CIUDAD DE MÉXICO
434,AA-11-B00-011B00001-N-66-2023,NACIONAL,SEVICIOS PROFESIONALES RELACIONADOS A ACTIVIDADES DE CORRECCIÓN DE ESTILO,IPN,ADJUDICADO,,,ADJUDICACIÓN DIRECTA,SERVICIOS,E-2023-00003680,011B00001 - DIRECCION DE RECURSOS MATERIALES E INFRAESTRUCTURA,CIUDAD DE MÉXICO
435,AA-11-L3P-011L3P001-N-20-2023,NACIONAL,SERVICIO DE IMPARTICIÓN DEL CURSO DE ESTRUCTURA DE LA LENGUA EN EL CURSO PROPEDÉ,CETI,ADJUDICADO,,,ADJUDICACIÓN DIRECTA,SERVICIOS,E-2023-00003463,011L3P001 - RECURSOS MATERIALES,JALISCO
436,AA-12-NCG-012NCG001-N-144-2023,NACIONAL,ELABORAR Y COLOCAR PUERTA CORREDIZA CON CHAPA EN EL ALMACEN DE VIVERES DEL DEPAR,INCMNSZ,ADJUDICADO,,,ADJUDICACIÓN DIRECTA,SERVICIOS,E-2023-00024074,012NCG001 - SUBDIRECCION DE RECURSOS MATERIALES Y SERVICIOS GENERALES,CIUDAD DE MÉXICO
437,AA-12-NDE-012NDE001-N-86-2023,NACIONAL,SERVICIO DE TRATAMIENTO QUÍMICO PARA LOS SISTEMAS DE GENERACIÓN DE VAPOR Y CISTE,INPER,ADJUDICADO,,,ADJUDICACIÓN DIRECTA,SERVICIOS,E-2023-00022814,012NDE001 - SUBDIRECCION DE RECURSOS MATERIALES Y CONSERVACION,CIUDAD DE MÉXICO
438,AA-20-134-020000025-N-5-2026,NACIONAL,SERVICIO DE IMPRESIÓN,BIENESTAR,ADJUDICADO,,,ADJUDICACIÓN DIRECTA,SERVICIOS,E-2026-00035171,020000025 - DELEGACION JALISCO,JALISCO
439,AA-12-NBG-012NBG003-N-81-2026,NACIONAL,RM-MT-0110/26,HIM,ADJUDICADO,,,ADJUDICACIÓN DIRECTA,SERVICIOS,E-2026-00034575,012NBG003 - SUBDIRECCION DE RECURSOS MATERIALES,CIUDAD DE MÉXICO
440,AA-16-B00-016B00015-N-27-2026,NACIONAL,SERVICIO DE MANTENIMIENTO A ELEVADORES OTIS DE LA COMISIÓN NACIONAL DEL AGUA,CONAGUA,ADJUDICADO,,,ADJUDICACIÓN DIRECTA,SERVICIOS,E-2026-00032177,016B00015 - SUBDIRECCION GENERAL DE ADMINISTRACION,CIUDAD DE MÉXICO
441,AA-08-VSS-008VSS001-N-103-2023,NACIONAL,ABARROTES COMESTIBLES,APB,ADJUDICADO,,,ADJUDICACIÓN DIRECTA,ADQUISICIONES,E-2023-00043708,008VSS001 - GERENCIA REGIONAL SURESTE,TABASCO
442,AA-15-412-015000999-N-810-2023,NACIONAL,PRESTADOR DE SERVICIOS,SEDATU,ADJUDICADO,,,ADJUDICACIÓN DIRECTA,SERVICIOS,E-2023-00043820,015000999 - DIRECCION GENERAL DE RECURSOS MATERIALES Y SERVICIOS GENERALES,CIUDAD DE MÉXICO
443,AA-11-L4J-011L4J993-N-41-2023,NACIONAL,SERVICIOS PROFESIONALES COMO APOYO EN COORDINACIÓN DE PROYECTOS DE RESTAURACION,CINVESTAV,ADJUDICADO,,,ADJUDICACIÓN DIRECTA,SERVICIOS,E-2023-00044109,011L4J993 - UNIDAD MERIDA,YUCATÁN
444,AA-48-MDC-048MDC001-N-118-2023,NACIONAL,PRESTADOR DE SERVICIOS PROFESIONALES,IMCINE,ADJUDICADO,,,ADJUDICACIÓN DIRECTA,SERVICIOS,E-2023-00042906,048MDC001 - DIRECCION DE ADMINISTRACION Y FINANZAS,CIUDAD DE MÉXICO
445,AA-08-D00-008D00001-N-69-2023,NACIONAL,SERVICIO DE MANTENIMIENTO DE LOS INMUEBLES DEL CSAEGRO,CSAEGRO,ADJUDICADO,,,ADJUDICACIÓN DIRECTA,SERVICIOS,E-2023-00043552,008D00001 - DIRECCIÓN GENERAL,GUERRERO
446,AA-15-412-015000999-N-281-2025,NACIONAL,PRESTADOR DE SERVICIOS,SEDATU,ADJUDICADO,,,ADJUDICACIÓN DIRECTA,SERVICIOS,E-2025-00018249,015000999 - DIRECCION GENERAL DE RECURSOS MATERIALES Y SERVICIOS GENERALES,CIUDAD DE MÉXICO
447,AA-11-B00-011B00001-N-1402-2025,NACIONAL,"MATERIALES, ACCESORIOS Y SUMINISTROS DE LABORATORIO DEL CECYT 16 ""HIDALGO""",IPN,ADJUDICADO,,,ADJUDICACIÓN DIRECTA,ADQUISICIONES,E-2025-00027872,011B00001 - DIRECCION DE RECURSOS MATERIALES E INFRAESTRUCTURA,CIUDAD DE MÉXICO
448,AA-11-B00-011B00001-N-1457-2025,NACIONAL,PSP FÁTIMA DEL ROSARIO AMBRIZ GONZÁLEZ,IPN,ADJUDICADO,,,ADJUDICACIÓN DIRECTA,SERVICIOS,E-2025-00028060,011B00001 - DIRECCION DE RECURSOS MATERIALES E INFRAESTRUCTURA,ZACATECAS
449,AA-51-GYN-051GYN029-N-27-2023,NACIONAL,PRESTACIÓN DEL SERVICIO DE LIMPIEZA Y JARDINERIA EN LOS DIVERSOS CENTROS DE TRAB,ISSSTE,ADJUDICADO,,,ADJUDICACIÓN DIRECTA,SERVICIOS,E-2023-00013842,051GYN029 - DEPARTAMENTO DE RECURSOS MATERIALES Y OBRAS,CAMPECHE
450,AA-11-B00-011B00001-N-649-2023,NACIONAL,PRESTACIÓN DE SERVICIOS PROFESIONALES,IPN,ADJUDICADO,,,ADJUDICACIÓN DIRECTA,SERVICIOS,E-2023-00014042,011B00001 - DIRECCION DE RECURSOS MATERIALES E INFRAESTRUCTURA,CIUDAD DE MÉXICO
451,AA-12-NDF-012NDF999-I-73-2023,INTERNACIONAL ABIERTO,INR/2023/38,INR,ADJUDICADO,,,ADJUDICACIÓN DIRECTA,ADQUISICIONES,E-2023-00015533,012NDF999 - SUBDIRECCION DE COMPRAS Y SUMINISTROS,CIUDAD DE MÉXICO
452,AO-77-003-918020999-N-29-2023,NACIONAL,PERF. EXPLORATORIA Y CONSTR.DE POZO PROF. EN LOMA BONITA MPIO. DE SANTIAGO IXC.,CEA,ADJUDICADO,,,ADJUDICACIÓN DIRECTA,OBRA PÚBLICA,E-2023-00062175,918020999 - DIRECCION DE INFRAESTRUCTURA,NAYARIT
453,AA-09-KDN-009KDN001-N-72-2023,NACIONAL,DIFUSIÓN DE CAMPAÑA INSTITUCIONAL EN PAGINA WEB DE PERIODICO 1,AICM,ADJUDICADO,,,ADJUDICACIÓN DIRECTA,SERVICIOS,E-2023-00063246,013KDN001 - DIRECCIÓN DE ADMINISTRACIÓN,CIUDAD DE MÉXICO
454,AA-47-AYH-047AYH999-N-15-2023,NACIONAL,SERVICIO PROFESIONAL DE REVISIÓN TÉCNICA EN MATERIA MEDIAMBIENTAL,CIIT,ADJUDICADO,,,ADJUDICACIÓN DIRECTA,SERVICIOS,E-2023-00062917,"013AYH999 - UNIDAD DE ADMON, FINANZAS Y TECNOLOGIAS DE LA INFORMACION",CIUDAD DE MÉXICO
455,AA-38-9ZU-0389ZU001-N-139-2023,NACIONAL,"CAJA DE ROLLO DE TUBO CORRUGADO, SOPORTE DE MONTAJE PARA TANQUE DE OXÍGENO",CIDESI,ADJUDICADO,,,ADJUDICACIÓN DIRECTA,ADQUISICIONES,E-2023-00061918,0389ZU001 - SUBDIRECCION DE RECURSOS MTERIALES Y SERVICIOS GENERALES,QUERÉTARO
456,AA-11-B01-011B01001-N-1880-2023,NACIONAL,RESPONSABLE DE VERIFICACIÓN Y ENLACE DE ESTRATEGIA ONCE DIGITAL NOTICIAS,ONCETV,ADJUDICADO,,,ADJUDICACIÓN DIRECTA,SERVICIOS,E-2023-00062806,011B01001 - DIRECCION DE ADMINISTRACION Y FINANZAS,CIUDAD DE MÉXICO
457,AA-47-AYO-047AYO934-N-49-2025,NACIONAL,64-ADJ-IMSS-BIENESTAR/PUEBLA,IMSS-BIENESTAR,ADJUDICADO,,,ADJUDICACIÓN DIRECTA,SERVICIOS,E-2025-00080831,056AYO934 - DEPARTAMENTO DE CONSERVACIÓN DE LOS SERVICIOS DE SALUD IMSS-BIENESTAR PUEBLA,PUEBLA
458,AA-08-VSS-008VSS008-N-434-2025,NACIONAL,MERCANCIAS GENERALES,APB,ADJUDICADO,,,ADJUDICACIÓN DIRECTA,ADQUISICIONES,E-2025-00082538,008VSS008 - SUBGERENCIA OPERACIONES REGIONAL NORTE CENTRO,CHIHUAHUA
459,AA-08-VSS-008VSS979-N-354-2025,NACIONAL,PRODUCTOS DIVERSOS,APB,ADJUDICADO,,,ADJUDICACIÓN DIRECTA,ADQUISICIONES,E-2025-00083249,"008VSS979 - UNIDAD OPERATIVA DURANGO, ABASTO",DURANGO
460,AA-08-VSS-008VSS974-N-60-2025,NACIONAL,HARINA EL GLOBO BULTO,APB,ADJUDICADO,,,ADJUDICACIÓN DIRECTA,ADQUISICIONES,E-2025-00083336,008VSS974 - UNIDAD OPERATIVA COAHUILA,COAHUILA DE ZARAGOZA
461,AA-06-A00-006A00997-N-2047-2025,NACIONAL,01-24-1511   SERVICIOS PROFESIONALES PARA LA ELABORACIÓN DEL AVALÚO,INDAABIN,ADJUDICADO,,,ADJUDICACIÓN DIRECTA,SERVICIOS,E-2025-00054329,006A00997 - DIRECCIÓN GENERAL DE AVALÚOS Y OBRAS,CIUDAD DE MÉXICO
462,AO-50-GYR-050GYR110-N-31-2025,NACIONAL,MANTENIMIENTO DE PINTURA Y HERRERIA,IMSS,ADJUDICADO,,,ADJUDICACIÓN DIRECTA,OBRA PÚBLICA,E-2025-00058670,050GYR110 - JEFATURA DE SERVICIOS ADMINISTRATIVOS DELEGACION QUERETARO,QUERÉTARO
463,AA-06-A00-006A00997-N-1459-2025,NACIONAL,02-24-362   SERVICIOS PROFESIONALES PARA LA ELABORACION DEL AVALÚO,INDAABIN,ADJUDICADO,,,ADJUDICACIÓN DIRECTA,SERVICIOS,E-2025-00052783,006A00997 - DIRECCIÓN GENERAL DE AVALÚOS Y OBRAS,CIUDAD DE MÉXICO
464,AA-11-L9T-011L9T999-N-24-2023,NACIONAL,SUMINISTRO DE COMBUSTIBLE PARA VEHÍCULOS AUTOMOTORES TERRESTRES,CONOCER,ADJUDICADO,,,ADJUDICACIÓN DIRECTA,SERVICIOS,E-2023-00041041,011L9T999 - DIRECCION GENERAL ADJUNTA DE ADMINISTRACION Y FINANZAS,CIUDAD DE MÉXICO
465,AA-11-MAX-011MAX001-N-50-2023,NACIONAL,PELICULA TERMOENCOGIBLE,IEPSA,ADJUDICADO,,,ADJUDICACIÓN DIRECTA,ADQUISICIONES,E-2023-00039700,011MAX001 - SUBGERENCIA DE ADQUISICIONES Y CONTRATACION DE SERVICIOS,CIUDAD DE MÉXICO
466,AA-12-NBG-012NBG001-N-69-2023,NACIONAL,ARRENDAMIENTO DE 90 DOSÍMETROS Y 44 DOSÍMETROS DE ANILLOS,HIM,ADJUDICADO,,,ADJUDICACIÓN DIRECTA,SERVICIOS,E-2023-00041265,012NBG001 - DEPARTAMENTO DE ADQUISICIONES GENERALES,CIUDAD DE MÉXICO
467,AA-06-A00-006A00997-N-1955-2025,NACIONAL,03-24-1032  SERVICIOS PROFESIONALES PARA LA ELABORACION DEL AVALUO,INDAABIN,ADJUDICADO,,,ADJUDICACIÓN DIRECTA,SERVICIOS,E-2025-00054142,006A00997 - DIRECCIÓN GENERAL DE AVALÚOS Y OBRAS,CIUDAD DE MÉXICO
468,AA-11-L6W-011L6W973-N-9-2025,NACIONAL,MATERIALES COMPLEMENTARIOS,CONAFE,ADJUDICADO,,,ADJUDICACIÓN DIRECTA,SERVICIOS,E-2025-00062129,011L6W973 - COORDINACIÓN TERRITORIAL PARA EL SERVICIO EDUCATIVO DEL CONAFE EN CHIHUAHUA,CHIHUAHUA
469,AA-51-GYN-051GYN029-N-55-2025,NACIONAL,ADQUISICION DE MEDICAMENTOS DENTRO DE CUADRO BASICO CERO EN CENADI PARA LAS CLIN,ISSSTE,ADJUDICADO,,,ADJUDICACIÓN DIRECTA,ADQUISICIONES,E-2025-00062408,051GYN029 - DEPARTAMENTO DE RECURSOS MATERIALES Y OBRAS,CAMPECHE
470,AA-48-D00-048D00001-N-155-2024,NACIONAL,SERVICIO TÉCNICO ESPECIALIZADO PARA LA SISTEMATIZACIÓN DE LAS CAJAS DE ARCHIVO D,INAH,ADJUDICADO,,,ADJUDICACIÓN DIRECTA,SERVICIOS,E-2024-00050907,048D00001 - COORDINACION NACIONAL DE RECURSOS MATERIALES Y SERVICIOS,CIUDAD DE MÉXICO
471,AA-11-B00-011B00001-N-3278-2024,NACIONAL,PRESTACION DE SERVICIOS PROFESIONALES QUE REQUIERE LA ENCB,IPN,ADJUDICADO,,,ADJUDICACIÓN DIRECTA,SERVICIOS,E-2024-00043282,011B00001 - DIRECCION DE RECURSOS MATERIALES E INFRAESTRUCTURA,CIUDAD DE MÉXICO
472,AA-50-GYR-050GYR082-N-63-2024,NACIONAL,MATERIAL DE CURACION SUSTANTIVO,IMSS,ADJUDICADO,,,ADJUDICACIÓN DIRECTA,ADQUISICIONES,E-2024-00002556,050GYR082 - HOSPITAL DE TRAUMATOLOGIA Y ORTOPEDIA NO. 21,NUEVO LEÓN
473,AA-11-B01-011B01001-N-262-2024,NACIONAL,CONDUCTOR.,ONCETV,ADJUDICADO,,,ADJUDICACIÓN DIRECTA,SERVICIOS,E-2024-00000325,011B01001 - DIRECCION DE ADMINISTRACION Y FINANZAS,CIUDAD DE MÉXICO
474,AA-86-X69-927065976-N-21-2023,NACIONAL,ADQUISICION DE REFACCIONES Y ACCESORIOS MENORES DE EDIFICIO,UTTAB,ADJUDICADO,,,ADJUDICACIÓN DIRECTA,ADQUISICIONES,E-2023-00132909,927065976 - DIRECCIÓN DE ADMINISTRACIÓN Y FINANZAS,TABASCO
475,AA-50-GYR-050GYR025-I-246-2023,INTERNACIONAL ABIERTO,"GRUPOS “060, 070 Y 080 MATERIAL DE CURACIÓN, RADIOLÓGICO Y LABORATORIO",IMSS,ADJUDICADO,,,ADJUDICACIÓN DIRECTA,ADQUISICIONES,E-2023-00130624,050GYR025 - COORDINACION DE ABASTECIMIENTO Y EQUIPAMIENTO DE LA DELEGACION SUR DEL DISTRITO FEDERAL,CIUDAD DE MÉXICO
476,AA-06-A00-006A00997-N-2155-2023,NACIONAL,01-23-328 SERVICIOS PROFESIONALES PARA LA ELABORACIÓN DE AVALÚOS,INDAABIN,ADJUDICADO,,,ADJUDICACIÓN DIRECTA,SERVICIOS,E-2023-00064245,006A00997 - DIRECCIÓN GENERAL DE AVALÚOS Y OBRAS,CIUDAD DE MÉXICO
477,AA-08-VSS-008VSS018-N-55-2023,NACIONAL,"FRIJOL DE LA SIERRA, BAYO, CAFE SOLUBLE, SALSA CATSUP",APB,ADJUDICADO,,,ADJUDICACIÓN DIRECTA,ADQUISICIONES,E-2023-00063205,008VSS018 - SUBGERENCIA DE UNIDAD OPERATIVA TAPACHULA,CHIAPAS
478,AA-07-138-007000995-N-54-2023,NACIONAL,SERVICIO DE DIFUSIÓN DE MENSAJE INSTITUCIONAL A TRAVÉS RADIO.,SEDENA,ADJUDICADO,,,ADJUDICACIÓN DIRECTA,SERVICIOS,E-2023-00063797,007000995 - COMUNICACIÓN SOCIAL,CIUDAD DE MÉXICO
479,AA-06-A00-006A00997-N-3975-2025,NACIONAL,2025-6683    SERVICIOS PROFESIONALES PARA LA ELABORACION DEL AVALUO,INDAABIN,ADJUDICADO,,,ADJUDICACIÓN DIRECTA,SERVICIOS,E-2025-00111086,006A00997 - DIRECCIÓN GENERAL DE AVALÚOS Y OBRAS,CIUDAD DE MÉXICO
480,AA-11-B01-011B01001-N-628-2026,NACIONAL,CONDUCTOR_,ONCETV,ADJUDICADO,,,ADJUDICACIÓN DIRECTA,SERVICIOS,E-2025-00108367,011B01001 - DIRECCION DE ADMINISTRACION Y FINANZAS,CIUDAD DE MÉXICO
481,AA-11-MAR-011MAR001-N-69-2025,NACIONAL,SERVICIO PROFESIONAL CONSISTENTE EN COADYUVAR EN EL SEGUIMIENTO DE PARTICIPANTES,FCE,ADJUDICADO,,,ADJUDICACIÓN DIRECTA,SERVICIOS,E-2025-00033988,011MAR001 - SUBGERENCIA DE RECURSOS MATERIALES,CIUDAD DE MÉXICO
482,AA-08-VSS-008VSS985-N-38-2025,NACIONAL,TOALLA DE COCINA HOGAR,APB,ADJUDICADO,,,ADJUDICACIÓN DIRECTA,ADQUISICIONES,E-2025-00035856,008VSS985 - GERENCIA REGIONAL PENINSULAR,YUCATÁN
483,AA-51-GYN-051GYN883-N-8-2024,NACIONAL,SERVICIO DE FUMIGACIÓN DE FAUNA NOCIVA,ISSSTE,ADJUDICADO,,,ADJUDICACIÓN DIRECTA,SERVICIOS,E-2024-00022121,"051GYN883 - HOSPITAL REGIONAL GENERAL IGNACIO ZARAGOZA, COORDINACION DE SERVICIOS GENERALES",CIUDAD DE MÉXICO
484,AA-11-B00-011B00001-N-1237-2024,NACIONAL,PRESTACIÓN DE SERVICIOS PROFESIONALES PARA LA SECRETARIA ACADÉMICA,IPN,ADJUDICADO,,,ADJUDICACIÓN DIRECTA,SERVICIOS,E-2024-00017408,011B00001 - DIRECCION DE RECURSOS MATERIALES E INFRAESTRUCTURA,CIUDAD DE MÉXICO
485,AA-48-410-048410003-N-800-2024,NACIONAL,PRESTACIÓN DE SERVICIOS ARTÍSTICOS CONSISTENTES EN LA REALIZACIÓN DE 4 PRESENTA-,CULTURA,ADJUDICADO,,,ADJUDICACIÓN DIRECTA,SERVICIOS,E-2024-00018628,048410003 - DEPARTAMENTO DE COMITE,CIUDAD DE MÉXICO
486,AA-11-B00-011B00001-N-1028-2024,NACIONAL,CONTRATACIÓN DE PERSONAL PARA LA PRESTACIÓN DE SERVICIOS PROFESIONALES,IPN,ADJUDICADO,,,ADJUDICACIÓN DIRECTA,SERVICIOS,E-2024-00021233,011B00001 - DIRECCION DE RECURSOS MATERIALES E INFRAESTRUCTURA,CIUDAD DE MÉXICO
487,AA-11-B01-011B01001-N-221-2023,NACIONAL,AUXILIAR JURÍDICO C DE SEGUIMIENTO Y CONSOLIDACIÓN CONTRACTUAL Y COMERCIAL,ONCETV,ADJUDICADO,,,ADJUDICACIÓN DIRECTA,SERVICIOS,E-2023-00021865,011B01001 - DIRECCION DE ADMINISTRACION Y FINANZAS,CIUDAD DE MÉXICO
488,AA-11-B01-011B01001-N-224-2023,NACIONAL,AUXILIAR JURÍDICO PARA EL CUMPLIMIENTO Y PUBLICACIÓN DE LAS OBLIGACIONES EN MATE,ONCETV,ADJUDICADO,,,ADJUDICACIÓN DIRECTA,SERVICIOS,E-2023-00021891,011B01001 - DIRECCION DE ADMINISTRACION Y FINANZAS,CIUDAD DE MÉXICO
489,AA-15-412-015000999-N-643-2023,NACIONAL,PRESTADOR DE SERVICIOS,SEDATU,ADJUDICADO,,,ADJUDICACIÓN DIRECTA,SERVICIOS,E-2023-00021830,015000999 - DIRECCION GENERAL DE RECURSOS MATERIALES Y SERVICIOS GENERALES,CIUDAD DE MÉXICO
490,AA-13-KDH-013KDH998-N-69-2025,NACIONAL,SERVICIO DE AUDITORIA PARA DICTAMINAR LOS ESTADOS FINANCIEROS CONTABLES,AICM,ADJUDICADO,,,ADJUDICACIÓN DIRECTA,SERVICIOS,E-2025-00050262,"013KDN001 - DIRECCIÓN CORPORATIVA DE ADMINISTRACIÓN, SUBDIRECCIÓN DE RECURSOS MATERIALES",CIUDAD DE MÉXICO
491,AA-51-GYN-051GYN029-N-2-2026,NACIONAL,SERVICIO DE RECOLECCION Y TRASLADO DE RESIDUOS PELIGROSOS BIOLOGICOS E INFECCIOS,ISSSTE,ADJUDICADO,,,ADJUDICACIÓN DIRECTA,ADQUISICIONES,E-2026-00001394,051GYN029 - DEPARTAMENTO DE RECURSOS MATERIALES Y OBRAS,CAMPECHE
492,AA-16-RHQ-016RHQ001-N-126-2026,NACIONAL,SERVICIO TÉCNICO DE COMPENSACIÓN AMBIENTAL ESTATAL DE SANIDAD FORESTAL-05,CONAFOR,ADJUDICADO,,,ADJUDICACIÓN DIRECTA,SERVICIOS,E-2026-00001992,"016RHQ001 - GERENCIA DE RECURSOS MATERIALES, UNIDAD DE ADMINISTRACION Y FINANZAS",JALISCO
493,AA-16-RHQ-016RHQ001-N-120-2026,NACIONAL,FACILITADOR TÉCNICO PLDF PROYECTO GREENMEX-01,CONAFOR,ADJUDICADO,,,ADJUDICACIÓN DIRECTA,SERVICIOS,E-2026-00001702,"016RHQ001 - GERENCIA DE RECURSOS MATERIALES, UNIDAD DE ADMINISTRACION Y FINANZAS",JALISCO
494,AA-08-VSS-008VSS972-N-87-2026,NACIONAL,ABARROTES COMESTIBLES,APB,ADJUDICADO,,,ADJUDICACIÓN DIRECTA,ADQUISICIONES,E-2026-00001559,008VSS972 - UNIDAD OPERATIVA ACAYUCAN,VERACRUZ
495,AA-16-RHQ-016RHQ001-N-150-2026,NACIONAL,SERVICIO TÉCNICO ESPECIALIZADO 68,CONAFOR,ADJUDICADO,,,ADJUDICACIÓN DIRECTA,SERVICIOS,E-2026-00002021,"016RHQ001 - GERENCIA DE RECURSOS MATERIALES, UNIDAD DE ADMINISTRACION Y FINANZAS",JALISCO
496,AA-75-T31-916018974-N-10-2024,NACIONAL,"SERVICIO MAYOR VW JETTA PHN883C SERIE 3VWRV09M49M652500, 2 LLANTAS Y FRENOS",075T31,ADJUDICADO,,,ADJUDICACIÓN DIRECTA,SERVICIOS,E-2024-00095125,916018974 - DELEGACIÓN ADMINISTRATIVA,MICHOACÁN DE OCAMPO
497,AA-08-VSS-008VSS979-N-169-2024,NACIONAL,LECHE SUBSIDIADA,APB,ADJUDICADO,,,ADJUDICACIÓN DIRECTA,ADQUISICIONES,E-2024-00098187,"008VSS979 - UNIDAD OPERATIVA DURANGO, ABASTO",DURANGO
498,AA-12-NDF-012NDF999-N-547-2023,NACIONAL,PEDIDO MENOR 706,INR,ADJUDICADO,,,ADJUDICACIÓN DIRECTA,ADQUISICIONES,E-2023-00069893,012NDF999 - SUBDIRECCION DE COMPRAS Y SUMINISTROS,CIUDAD DE MÉXICO
499,AA-06-A00-006A00997-N-2683-2023,NACIONAL,04-23-854  SERVICIOS PROFESIONALES PARA LA ELABORACIÓN DEL AVALÚO,INDAABIN,ADJUDICADO,,,ADJUDICACIÓN DIRECTA,SERVICIOS,E-2023-00069693,006A00997 - DIRECCIÓN GENERAL DE AVALÚOS Y OBRAS,CIUDAD DE MÉXICO
500,AA-11-L6W-011L6W001-N-146-2023,NACIONAL,REFACCIONES DE MECÁNICA AUTOMOTRIZ PARA EL PARQUE VEHICULAR DE COT COLIMA,CONAFE,ADJUDICADO,,,ADJUDICACIÓN DIRECTA,ADQUISICIONES,E-2023-00070016,"011L6W001 - DIRECCION DE ADMINISTRACION Y FINANZAS, SUBDIRECCION DE RECURSOS MATERIALES",COLIMA
501,AA-12-NDF-012NDF999-I-11-2024,INTERNACIONAL ABIERTO,CONSOLIDADO/INRLGII/08/2024  BOEHRINGER INGELHEIM MEXICO,INR,ADJUDICADO,,,ADJUDICACIÓN DIRECTA,ADQUISICIONES,E-2023-00132249,012NDF999 - SUBDIRECCION DE COMPRAS Y SUMINISTROS,CIUDAD DE MÉXICO
502,AA-81-028-922055992-N-10-2023,NACIONAL,SERVICIO DE ADECUACIONES EN LA RECTORIA DE LA UTEQ,UTEQ,ADJUDICADO,,,ADJUDICACIÓN DIRECTA,SERVICIOS,E-2023-00131785,922055992 - DEPTO. DE RECURSOS MATERIALES Y CONTRATACION DE SERVICIOS,QUERÉTARO
503,AO-87-I71-828022997-N-42-2023,NACIONAL,CONSTRUCCION DE BANQUETA EN CARRETERA SENDERO NACIONAL KM.4,087I71,ADJUDICADO,,,ADJUDICACIÓN DIRECTA,OBRA PÚBLICA,E-2023-00127659,828022997 - SECRETARIA DE DESARROLLO URBANO Y ECOLOGÍA,TAMAULIPAS
504,AA-50-GYR-050GYR058-I-577-2023,INTERNACIONAL ABIERTO,I577 ADJUDICACIÓN DIRECTA DE MATERIALES ACCESORIOS Y SUMINISTROS MÉDICOS MATERIA,IMSS,ADJUDICADO,,,ADJUDICACIÓN DIRECTA,ADQUISICIONES,E-2023-00130832,"050GYR058 - UMAE HOSPITAL DE ESPECIALIDADES NO. 1 CMN BAJIO, DEPARTAMENTO DE ABASTECIMIENTO",GUANAJUATO
505,AA-76-T41-917014999-N-18-2023,NACIONAL,SERVICIO DE MANTENIMIENTO CORRECTIVO A CARPAS DE LA UNIVERSIDAD,UPEMOR,ADJUDICADO,,,ADJUDICACIÓN DIRECTA,SERVICIOS,E-2023-00128978,"917014999 - DIRECCIÓN DE RECURSOS MATERIALES, PATRIMONIO Y SERVICIOS GENERALES",MORELOS
506,AA-72-065-913082945-N-20-2023,NACIONAL,CAMIONETA PARA TRASLADO DE CUERPOS,SECGOB,ADJUDICADO,,,ADJUDICACIÓN DIRECTA,ADQUISICIONES,E-2023-00132902,913082945 - COMISIÓN DE BÚSQUEDA DE PERSONAS DEL ESTADO DE HIDALGO,HIDALGO
507,AA-38-9ZW-0389ZW002-N-87-2025,NACIONAL,SERVICIOS PROFESIONALES EN MATERIA DE ACUICULTURA OC20250052,CICESE,ADJUDICADO,,,ADJUDICACIÓN DIRECTA,SERVICIOS,E-2025-00067483,0389ZW002 - AREA DE SERVICIOS GENERALES,BAJA CALIFORNIA
508,AA-11-L4J-011L4J995-N-336-2025,NACIONAL,SUSCRIPCIÓN A LAS HERRAMIENTAS ANTIPLAGIO: TURNITIN SIMILARITY & ITHENTICATE,CINVESTAV,ADJUDICADO,,,ADJUDICACIÓN DIRECTA,SERVICIOS,E-2025-00074199,011L4J995 - SUBDIRECCION DE RECURSOS MATERIALES,CIUDAD DE MÉXICO
509,AA-18-T0Q-018T0Q001-I-71-2025,INTERNACIONAL ABIERTO,ADQUISICIÓN DE REACTIVOS (PEPTIDOS) PARA REALIZAR DETERMINACIONES,ININ,ADJUDICADO,,,ADJUDICACIÓN DIRECTA,ADQUISICIONES,E-2025-00072241,018T0Q001 - DEPARTAMENTO DE ADQUISICIONES,MÉXICO
510,AA-08-VSS-008VSS979-N-262-2023,NACIONAL,AZUCAR ESTANDAR ENVASADA,APB,ADJUDICADO,,,ADJUDICACIÓN DIRECTA,ADQUISICIONES,E-2023-00065007,"008VSS979 - UNIDAD OPERATIVA DURANGO, ABASTO",DURANGO
511,AA-10-LAU-010LAU001-N-112-2023,NACIONAL,SERVICIO DEL AGENTE ADUANAL PARA LAS MUESTRAS DE APTITUD EXTRANJERAS,SGM,ADJUDICADO,,,ADJUDICACIÓN DIRECTA,SERVICIOS,E-2023-00065071,010LAU001 - SUBGERENCIA DE ADQUISICIONES,CHIHUAHUA
512,AA-08-VSS-008VSS991-N-62-2025,NACIONAL,MERCANCIAS GENERALES,APB,ADJUDICADO,,,ADJUDICACIÓN DIRECTA,ADQUISICIONES,E-2025-00034803,"008VSS991 - UNIDAD OPERATIVA SAN LUIS POTOSÍ, SUBGERENCIA DE LA UNIDAD OPERATIVA",SAN LUIS POTOSÍ
513,AA-11-MAX-011MAX001-N-182-2025,NACIONAL,ADQUISICIÓN DE PAPEL,IEPSA,ADJUDICADO,,,ADJUDICACIÓN DIRECTA,ADQUISICIONES,E-2025-00035551,011MAX001 - SUBGERENCIA DE ADQUISICIONES Y CONTRATACION DE SERVICIOS,CIUDAD DE MÉXICO
514,AA-12-NDE-012NDE001-N-42-2025,NACIONAL,SERVICIOS PROFESIONALES DE INVESTIGACIÓN EN ENFERMERÍA ESPECIALISTA EN ATENCIÓN,INPER,ADJUDICADO,,,ADJUDICACIÓN DIRECTA,SERVICIOS,E-2025-00030728,012NDE001 - SUBDIRECCION DE RECURSOS MATERIALES Y CONSERVACION,CIUDAD DE MÉXICO
515,AA-38-91E-03891E996-N-20-2025,NACIONAL,CONTRATACION DE SERVICIOS PROFESIONALES,ECOSUR,ADJUDICADO,,,ADJUDICACIÓN DIRECTA,SERVICIOS,E-2025-00049921,03891E996 - DEPARTAMENTO ADMINISTRATIVO DE LA UNIDAD REGIONAL SAN CRISTOBAL DE LAS CASAS,CHIAPAS
516,AA-12-NCZ-012NCZ001-N-235-2025,NACIONAL,ADQUISICION DE TRAMPAS SPECIMEN 40CC PARA EL SERVICIO DE ENDOSCOPIA DEL INSTITUT,INP,ADJUDICADO,,,ADJUDICACIÓN DIRECTA,ADQUISICIONES,E-2025-00047666,012NCZ001 - DIRECCIÓN DE ADMINISTRACIÓN,CIUDAD DE MÉXICO
517,AA-06-A00-006A00997-N-613-2025,NACIONAL,02-24-237   SERVICIOS PROFESIONALES PARA LA ELABORACION DEL AVALÚO,INDAABIN,ADJUDICADO,,,ADJUDICACIÓN DIRECTA,SERVICIOS,E-2025-00041069,006A00997 - DIRECCIÓN GENERAL DE AVALÚOS Y OBRAS,CIUDAD DE MÉXICO
518,AA-18-T0O-018T0O004-N-139-2025,NACIONAL,SERVICIO DE MANTENIMIENTO A EQUIPOS DE ELEVADORES OTIS Y KONE,IMP,ADJUDICADO,,,ADJUDICACIÓN DIRECTA,SERVICIOS,E-2025-00049836,018T0O004 - GERENCIA DE RECURSOS MATERIALES,CIUDAD DE MÉXICO
519,AA-08-VSS-008VSS998-N-149-2025,NACIONAL,GRANOS DE CAMPO,APB,ADJUDICADO,,,ADJUDICACIÓN DIRECTA,ADQUISICIONES,E-2025-00024195,008VSS998 - DIRECCIÓN COMERCIAL,CIUDAD DE MÉXICO
520,AA-20-129-020000017-N-10-2025,NACIONAL,SERVICIO DE ESTACIONAMIENTO Y PENSION VEHICULAR,BIENESTAR,ADJUDICADO,,,ADJUDICACIÓN DIRECTA,SERVICIOS,E-2025-00026867,"020000017 - DELEGACION ESTATAL CIUDAD DE MEXICO, RECURSOS MATERIALES",CIUDAD DE MÉXICO
521,AA-08-D00-008D00001-N-10-2025,NACIONAL,SERVICIOS PROFESIONALES PARA ASISTENTE EN EL SEGUIMIENTO DE PROCESOS Y PROCED.,CSAEGRO,ADJUDICADO,,,ADJUDICACIÓN DIRECTA,SERVICIOS,E-2025-00015465,008D00001 - DIRECCIÓN GENERAL,GUERRERO
522,AA-83-W22-924016995-N-7-2025,NACIONAL,"ADQUISICIÓN DE INSUMOS DE LABORATORIO, REACTIVOS Y CONSUMIBLES",SSASLP,ADJUDICADO,,,ADJUDICACIÓN DIRECTA,ADQUISICIONES,E-2025-00028327,924016995 - DEPARTAMENTO DE ADQUISICIONES DE LOS SERVICIOS DE SALUD,SAN LUIS POTOSÍ
523,AA-12-NDY-012NDY001-N-533-2025,NACIONAL,REALIZACIÓN DE ACTIVIDADES DE LOGÍSTICA PARA EL DESARROLLO DEL TRABAJO DE CAMPO,INSP,ADJUDICADO,,,ADJUDICACIÓN DIRECTA,SERVICIOS,E-2025-00065864,012NDY001 - DEPARTAMENTO DE SERVICIOS GENERALES Y MANTENIMIENTO,MORELOS
524,AA-08-VSS-008VSS998-N-417-2025,NACIONAL,GRANOS A GRANEL,APB,ADJUDICADO,,,ADJUDICACIÓN DIRECTA,ADQUISICIONES,E-2025-00066255,008VSS998 - DIRECCIÓN COMERCIAL,CIUDAD DE MÉXICO
525,AA-08-RJL-008RJL001-N-20-2024,NACIONAL,IMIPAS-DA-SRM-AD-11-2024,IMIPAS,ADJUDICADO,,,ADJUDICACIÓN DIRECTA,SERVICIOS,E-2024-00006695,008RJL001 - DIRECCIÓN GENERAL ADJUNTA DE ADMINISTRACIÓN - SUBDIRECCIÓN DE RECURSOS MATERIALES,CIUDAD DE MÉXICO
526,AA-11-MAR-011MAR001-N-23-2024,NACIONAL,SERVICIO DE COBERTURA DE PRESENTACIONES EN LAS QUE PARTICIPA EL FCE.,FCE,ADJUDICADO,,,ADJUDICACIÓN DIRECTA,SERVICIOS,E-2024-00014750,011MAR001 - SUBGERENCIA DE RECURSOS MATERIALES,CIUDAD DE MÉXICO
527,AA-15-412-015000999-N-268-2024,NACIONAL,PRESTADOR DE SERVICIOS,SEDATU,ADJUDICADO,,,ADJUDICACIÓN DIRECTA,SERVICIOS,E-2024-00007421,015000999 - DIRECCION GENERAL DE RECURSOS MATERIALES Y SERVICIOS GENERALES,CIUDAD DE MÉXICO
528,AA-11-L6J-011L6J001-N-13-2024,NACIONAL,"ADQUISICIÓN DE PINTURA VINILICA, ESMALTE Y MATERIAL PARA PINTAR",CONALITEG,ADJUDICADO,,,ADJUDICACIÓN DIRECTA,ADQUISICIONES,E-2024-00013856,011L6J001 - DIRECCION DE RECURSOS MATERIALES Y SERVICIOS GENERALES,MÉXICO
529,AA-48-E00-048E00995-N-190-2024,NACIONAL,"APOYAR EN LA RECOPILACIÓN, INTEGRACIÓN, ANÁLISIS Y DOCUMENTACIÓN",INBAL,ADJUDICADO,,,ADJUDICACIÓN DIRECTA,SERVICIOS,E-2024-00009931,048E00995 - DIRECCION DE RECURSOS MATERIALES,CIUDAD DE MÉXICO
530,AA-11-B00-011B00001-N-5949-2023,NACIONAL,CIDIM-I3-SP-0044-2023,IPN,ADJUDICADO,,,ADJUDICACIÓN DIRECTA,SERVICIOS,E-2023-00100504,011B00001 - DIRECCION DE RECURSOS MATERIALES E INFRAESTRUCTURA,CIUDAD DE MÉXICO
531,AA-06-A00-006A00997-N-4230-2023,NACIONAL,02-23-391  SERVICIOS PROFESIONALES PARA LA ELABORACIÓN DEL AVALÚO,INDAABIN,ADJUDICADO,,,ADJUDICACIÓN DIRECTA,SERVICIOS,E-2023-00098383,006A00997 - DIRECCIÓN GENERAL DE AVALÚOS Y OBRAS,CIUDAD DE MÉXICO
532,AA-18-TON-018TON999-N-137-2023,NACIONAL,"CURSO DENOMINADO “ANÁLISIS E INVESTIGACIÓN DE MERCADO""",CENAGAS,ADJUDICADO,,,ADJUDICACIÓN DIRECTA,SERVICIOS,E-2023-00100008,"018TON999 - UNIDAD DE ADMINISTRACION Y FINANZAS, DIRECCION EJECUTIVA DE RECURSOS MATERIALES",CIUDAD DE MÉXICO
533,AA-13-J2X-013J2X001-N-42-2023,NACIONAL,SERVICIO DE APOYO PARA ATENCIÓN Y SEGUIMIENTO A TODO LO RELACIONADO CON EL CÓDIG,ASIPONA-Tuxpan,ADJUDICADO,,,ADJUDICACIÓN DIRECTA,SERVICIOS,E-2023-00098043,013J2X001 - TUXPAN-GERENCIA DE ADMINISTRACION Y FINANZAS,VERACRUZ
534,AA-49-812-049000975-N-22-2023,NACIONAL,ADQUISICIÓN DEL OBSEQUIO DEL DÍA DE LA MADRE 2023,FGR,ADJUDICADO,,,ADJUDICACIÓN DIRECTA,ADQUISICIONES,E-2023-00020860,049000975 - DIRECCION DE ADQUISICIONES,CIUDAD DE MÉXICO
535,AA-15-412-015000999-N-501-2023,NACIONAL,PRESTADOR DE SERVICIOS,SEDATU,ADJUDICADO,,,ADJUDICACIÓN DIRECTA,SERVICIOS,E-2023-00020149,015000999 - DIRECCION GENERAL DE RECURSOS MATERIALES Y SERVICIOS GENERALES,CIUDAD DE MÉXICO
536,AA-50-GYR-050GYR016-I-79-2023,INTERNACIONAL ABIERTO,MATERIAL DE CURACION,IMSS,ADJUDICADO,,,ADJUDICACIÓN DIRECTA,ADQUISICIONES,E-2023-00020403,"050GYR016 - COORDINACION DE ABASTECIMIENTO Y EQUIPAMIENTO, DELEGACION NORTE DEL DISTRITO FEDERAL",CIUDAD DE MÉXICO
537,AA-11-B00-011B00001-N-1169-2023,NACIONAL,CONTRATACIÓN DE SERVICIOS PROFESIONALES QUE REQUIERE LA SECRETARÍA GENERAL,IPN,ADJUDICADO,,,ADJUDICACIÓN DIRECTA,SERVICIOS,E-2023-00020191,011B00001 - DIRECCION DE RECURSOS MATERIALES E INFRAESTRUCTURA,CIUDAD DE MÉXICO
538,AA-50-GYR-050GYR045-N-15-2025,NACIONAL,CONTRAT. SERV. MEDICO SUBROGADO DE TRATAMIENTO RADIOTERAPIA EN ACELERADOR LINEAL,IMSS,ADJUDICADO,,,ADJUDICACIÓN DIRECTA,SERVICIOS,E-2025-00011629,050GYR045 - UMAE HOSPITAL DE ESPECILIDADES NO.71 DEPTO DE ABASTECIMIENTO,COAHUILA DE ZARAGOZA
539,AA-51-GYN-051GYN032-N-125-2024,NACIONAL,MEDICINA NUCLEAR,ISSSTE,ADJUDICADO,,,ADJUDICACIÓN DIRECTA,ADQUISICIONES,E-2024-00115102,"051GYN032 - HOSPITAL REGIONAL PUEBLA, COORDINACION DE RECURSOS MATERIALES",PUEBLA
540,AA-51-GYN-051GYN005-N-473-2024,NACIONAL,"SUMINISTRO Y DISTRIBUCIÓN DE PRODUCTOS ALIMENTICIOS EN LA CIUDAD DE MÉXICO, MEGA",ISSSTE,ADJUDICADO,,,ADJUDICACIÓN DIRECTA,SERVICIOS,E-2024-00110895,051GYN005 - SUBDIRECCION DE RECURSOS MATERIALES Y SERVICIOS,CIUDAD DE MÉXICO
541,AA-12-NDF-012NDF999-N-346-2024,NACIONAL,"PEDIDO MAYOR 559 BIOADVANCED SYSTEMS, S.A. DE C.V.",INR,ADJUDICADO,,,ADJUDICACIÓN DIRECTA,ADQUISICIONES,E-2024-00066274,012NDF999 - SUBDIRECCION DE COMPRAS Y SUMINISTROS,CIUDAD DE MÉXICO
542,AA-12-O00-012O00999-N-11-2024,NACIONAL,ADQUISICIÓN DE PLATA COLOIDAL AL 0.36% EN FRASCO GOTERO DE 30 ML,SSA,ADJUDICADO,,,ADJUDICACIÓN DIRECTA,ADQUISICIONES,E-2024-00064139,012O00999 - CENTRO NACIONAL DE PROGRAMAS PREVENTIVOS Y CONTROL DE ENFERMEDADES,CIUDAD DE MÉXICO
543,AA-12-NDY-012NDY002-N-45-2024,NACIONAL,ADQUISICIÓN DE PRODUCTOS QUIMICOS,INSP,ADJUDICADO,,,ADJUDICACIÓN DIRECTA,ADQUISICIONES,E-2024-00066621,012NDY002 - DEPARTAMENTO DE ABASTECIMIENTO,MORELOS
544,AA-47-AYO-047AYO939-N-23-2024,NACIONAL,SERVICIO INTEGRAL DE HEMODINAMIA PEDIATRICA,IMSS-BIENESTAR,ADJUDICADO,,,ADJUDICACIÓN DIRECTA,SERVICIOS,E-2024-00067048,056AYO939 - HOSPITAL DE ESPECIALIDADES PEDIATRICAS,CHIAPAS
545,AA-50-GYR-050GYR024-I-96-2024,INTERNACIONAL ABIERTO,MEDICAMENTOS REQ. 71-72-73,IMSS,ADJUDICADO,,,ADJUDICACIÓN DIRECTA,ADQUISICIONES,E-2024-00047298,"050GYR024 - OOAD, ESTADO DE MEXICO PONIENTE, COORDINACION DE ABASTECIMIENTO Y EQUIPAMIENTO",MÉXICO
546,AA-11-B00-011B00001-N-4798-2024,NACIONAL,"MANTENIMIENTOS DE CISTERNAS DE LOS EDIFICIOS A, B, C, GOBIERNO, ÁREAS DEPORTIVAS",IPN,ADJUDICADO,,,ADJUDICACIÓN DIRECTA,SERVICIOS,E-2024-00044727,011B00001 - DIRECCION DE RECURSOS MATERIALES E INFRAESTRUCTURA,CIUDAD DE MÉXICO
547,AA-51-GYN-051GYN016-N-216-2023,NACIONAL,MEDICAMENTO DE ALTA ESPECIALIDAD,ISSSTE,ADJUDICADO,,,ADJUDICACIÓN DIRECTA,ADQUISICIONES,E-2024-00044851,051GYN016 - HOSPITAL REGIONAL MERIDA,YUCATÁN
548,AA-11-B00-011B00001-N-3153-2024,NACIONAL,PRESTACIÓN DE SERVICIOS PROFESIONALES,IPN,ADJUDICADO,,,ADJUDICACIÓN DIRECTA,SERVICIOS,E-2024-00042116,011B00001 - DIRECCION DE RECURSOS MATERIALES E INFRAESTRUCTURA,CIUDAD DE MÉXICO
549,AA-12-NBG-012NBG001-N-54-2024,NACIONAL,ADQUISICIÓN DE PAPEL MULTIPROPÓSITO BLANCO TAMAÑO CARTA,HIM,ADJUDICADO,,,ADJUDICACIÓN DIRECTA,ADQUISICIONES,E-2024-00042199,012NBG001 - DEPARTAMENTO DE ADQUISICIONES GENERALES,CIUDAD DE MÉXICO
550,AA-08-VSS-008VSS975-N-507-2023,NACIONAL,ABARROTES COMESTIBLES,APB,ADJUDICADO,,,ADJUDICACIÓN DIRECTA,ADQUISICIONES,E-2023-00126684,"008VSS975 - UNIDAD OPERATIVA CAMPECHE, OPERACIONES Y ABASTO",CAMPECHE
551,AA-06-HAT-006HAT001-N-27-2023,NACIONAL,SERVICIOS DE TRANSMISIÓN DE MENSAJES EN RADIO (SPOT 30”) PARA LA DIFUSIÓN DE LA,FOCIR,ADJUDICADO,,,ADJUDICACIÓN DIRECTA,SERVICIOS,E-2023-00118464,006HAT001 - UNIDAD DE ADMINISTRACIÓN Y FINANZAS,CIUDAD DE MÉXICO
552,AA-08-VSS-008VSS975-N-187-2023,NACIONAL,ABARROTES COMESTIBLES,APB,ADJUDICADO,,,ADJUDICACIÓN DIRECTA,ADQUISICIONES,E-2023-00115016,"008VSS975 - UNIDAD OPERATIVA CAMPECHE, OPERACIONES Y ABASTO",CAMPECHE
553,AA-08-VSS-008VSS975-N-251-2023,NACIONAL,ABARROTES COMESTIBLES,APB,ADJUDICADO,,,ADJUDICACIÓN DIRECTA,ADQUISICIONES,E-2023-00115703,"008VSS975 - UNIDAD OPERATIVA CAMPECHE, OPERACIONES Y ABASTO",CAMPECHE
554,AA-08-VSS-008VSS974-N-579-2023,NACIONAL,PRODUCTOS DIVERSOS,APB,ADJUDICADO,,,ADJUDICACIÓN DIRECTA,ADQUISICIONES,E-2023-00115506,008VSS974 - UNIDAD OPERATIVA COAHUILA,COAHUILA DE ZARAGOZA
555,AA-08-VSS-008VSS968-N-330-2024,NACIONAL,"ROSA VENUS ANTIBACTERIAL, SUAVIZANTE CARISMA, DETERGENTE LAVATRASTES BRILOZA",APB,ADJUDICADO,,,ADJUDICACIÓN DIRECTA,ADQUISICIONES,E-2024-00094272,008VSS968 - UNIDAD OPERATIVA TAPACHULA ABASTO,CHIAPAS
556,AA-08-VSS-008VSS013-N-638-2024,NACIONAL,ABARROTES NO COMESTIBLES,APB,ADJUDICADO,,,ADJUDICACIÓN DIRECTA,ADQUISICIONES,E-2024-00095446,008VSS013 - GERENCIA REGIONAL OAXACA,OAXACA
557,AA-15-412-015000999-N-84-2024,NACIONAL,PRESTADOR DE SERVICIOS,SEDATU,ADJUDICADO,,,ADJUDICACIÓN DIRECTA,SERVICIOS,E-2024-00003787,015000999 - DIRECCION GENERAL DE RECURSOS MATERIALES Y SERVICIOS GENERALES,CIUDAD DE MÉXICO
558,AA-08-VSS-008VSS977-N-492-2023,NACIONAL,ABARROTES COMESTIBLES,APB,ADJUDICADO,,,ADJUDICACIÓN DIRECTA,ADQUISICIONES,E-2023-00131804,"008VSS977 - UNIDAD OPERATIVA NAYARIT, ABASTO",NAYARIT
559,AA-51-GYN-051GYN016-N-66-2023,NACIONAL,EQUIPO PARA TERAPIA DE REMPLAZO RENAL,ISSSTE,ADJUDICADO,,,ADJUDICACIÓN DIRECTA,SERVICIOS,E-2024-00004340,051GYN016 - HOSPITAL REGIONAL MERIDA,YUCATÁN
560,AA-08-VSS-008VSS016-N-1879-2023,NACIONAL,PRODUCTOS DIVERSOS,APB,ADJUDICADO,,,ADJUDICACIÓN DIRECTA,ADQUISICIONES,E-2023-00129181,008VSS016 - GERENCIA REGIONAL GOLFO,VERACRUZ
561,AA-50-GYR-050GYR998-N-1200-2023,NACIONAL,AA-50-GYR-050GYR998-N-1200-2023,IMSS,ADJUDICADO,,,ADJUDICACIÓN DIRECTA,ADQUISICIONES,E-2023-00134560,"050GYR998 - UMAE, HOSPITAL DE ESPECIALIDADES, C.M.N. SIGLO XXI",CIUDAD DE MÉXICO
562,AO-51-GYN-051GYN052-N-41-2023,NACIONAL,TRABAJOS DESASOLVE TUBERIAS DE AGUA SANITARIA,ISSSTE,ADJUDICADO,,,ADJUDICACIÓN DIRECTA,SERVICIOS RELACIONADOS CON LA OBRA,E-2023-00131488,051GYN052 - DELEGACION ESTATAL DEL ISSSTE EN BAJA CALIFORNIA SUR,BAJA CALIFORNIA SUR
563,AA-18-TON-018TON999-N-16-2024,NACIONAL,SUMINISTRO DE AGUA POTABLE ESTACIÓN DE COMPRESIÓN ZAPATA,CENAGAS,ADJUDICADO,,,ADJUDICACIÓN DIRECTA,SERVICIOS,E-2024-00019744,"018TON999 - UNIDAD DE ADMINISTRACION Y FINANZAS, DIRECCION EJECUTIVA DE RECURSOS MATERIALES",CIUDAD DE MÉXICO
564,AA-51-GYN-051GYN021-N-23-2024,NACIONAL,NUTRIÓLOGA Y TALLER DE ELABORACIÓN DE ALIMENTOS,ISSSTE,ADJUDICADO,,,ADJUDICACIÓN DIRECTA,SERVICIOS,E-2024-00027695,051GYN021 - DEPARTAMENTO DE OBRAS Y SERVICIOS GENERALES,CIUDAD DE MÉXICO
565,AA-50-GYR-050GYR989-N-25-2024,NACIONAL,SERVICIO DE FOTOCOPIADO,IMSS,ADJUDICADO,,,ADJUDICACIÓN DIRECTA,SERVICIOS,E-2024-00020399,050GYR989 - DEPARTAMENTO DE CONSERVACION Y SERVICIOS GENERALES,MÉXICO
566,AA-51-GYN-051GYN041-T-195-2023,INTERNACIONAL BAJO LA COBERTURA DE TRATADOS,CINTA PARA CERCLAJE DEL CUELLO DEL ÚTERO DIM 50 CM.,ISSSTE,ADJUDICADO,,,ADJUDICACIÓN DIRECTA,ADQUISICIONES,E-2023-00091504,051GYN041 - CENTRO MEDICO NACIONAL 20 DE NOVIEMBRE,CIUDAD DE MÉXICO
567,AA-06-A00-006A00997-N-4043-2023,NACIONAL,04-22-1750   SERVICIOS PROFESIONALES PARA LA ELABORACIÓN DEL AVALÚO,INDAABIN,ADJUDICADO,,,ADJUDICACIÓN DIRECTA,SERVICIOS,E-2023-00091261,006A00997 - DIRECCIÓN GENERAL DE AVALÚOS Y OBRAS,CIUDAD DE MÉXICO
568,AA-50-GYR-050GYR010-T-68-2025,INTERNACIONAL BAJO LA COBERTURA DE TRATADOS,AA-50-GYR-050GYR010-T-68-2025 ADQUISICIÓN DE MEDICAMENTO GRUPO: 010,IMSS,ADJUDICADO,,,ADJUDICACIÓN DIRECTA,ADQUISICIONES,E-2025-00048686,050GYR010 - COORDINACION DE ABASTECIMIENTO Y EQUIPAMIENTO,DURANGO
569,AA-47-AYO-047AYO954-I-247-2025,INTERNACIONAL ABIERTO,"ADQUISICIÓN EMERGENTE DE MEDICAMENTO, MATERIAL DE CURACIÓN Y OTROS INSUMOS PARA",IMSS-BIENESTAR,ADJUDICADO,,,ADJUDICACIÓN DIRECTA,ADQUISICIONES,E-2025-00046281,056AYO954 - COORDINACIÓN DE ADQUISICIONES,CIUDAD DE MÉXICO
570,AA-50-GYR-050GYR024-I-79-2023,INTERNACIONAL ABIERTO,"ADJUDICACIÓN DIRECTA PARA LA ADQUISICIÓN DE ""MEDICAMENTOS"" REQ. 74, 75 Y 78",IMSS,ADJUDICADO,,,ADJUDICACIÓN DIRECTA,ADQUISICIONES,E-2023-00026752,"050GYR024 - OOAD, ESTADO DE MEXICO PONIENTE, COORDINACION DE ABASTECIMIENTO Y EQUIPAMIENTO",MÉXICO
571,AA-06-A00-006A00997-N-4508-2025,NACIONAL,2025-4434   SERVICIOS PROFESIONALES PARA LA ELABORACIÓN DE AVALÚOS.,INDAABIN,ADJUDICADO,,,ADJUDICACIÓN DIRECTA,SERVICIOS,E-2025-00118893,006A00997 - DIRECCIÓN GENERAL DE AVALÚOS Y OBRAS,CIUDAD DE MÉXICO
572,AO-09-632-009000985-N-53-2025,NACIONAL,CAMINO: EL JILGUERO-PUERTO SAN JUAN EN GUERRERO,SICT,ADJUDICADO,,,ADJUDICACIÓN DIRECTA,OBRA PÚBLICA,E-2025-00119115,009000985 - CENTRO SCT GUERRERO,GUERRERO
573,AA-89-Y52-930087056-N-44-2025,NACIONAL,SERVICIO DE CONTRATACIÓN DEL SERVICIO DE ACERVOS (SOFTWARE) PARA DESARROLLAR Y A,SEV,ADJUDICADO,,,ADJUDICACIÓN DIRECTA,ADQUISICIONES,E-2025-00115984,930087056 - DIRECCIÓN DE ADQUISICIONES Y ARRENDAMIENTOS DE INMUEBLES,VERACRUZ
574,AO-85-X11-926003986-N-19-2025,NACIONAL,CONTRATO MIXTO DE SERVICIOS RELACIONADOS CON LA OBRA PÚBLICA,SABGSON,ADJUDICADO,,,ADJUDICACIÓN DIRECTA,SERVICIOS RELACIONADOS CON LA OBRA,E-2025-00051523,926003986 - DIRECCIÓN GENERAL DE ADMINISTRACIÓN Y CONTROL PRESUPUESTAL,SONORA
575,AA-48-L9Y-048L9Y001-N-297-2025,NACIONAL,SERVICIO DE APOYO TÉCNICO EN PROYECCIÓN EN LA CINETECA NACIONAL DE LAS ARTES,FICINE,ADJUDICADO,,,ADJUDICACIÓN DIRECTA,SERVICIOS,E-2025-00061101,048L9Y001 - DIRECCION DE ADMINISTRACION Y FINANZAS,CIUDAD DE MÉXICO
576,AA-11-L4J-011L4J993-N-53-2023,NACIONAL,SERVICIOS PROFESIONALES COMO APOYO AL ÁREA ADMINISTRATIVA DEL CINVESTAV UNIDAD M,CINVESTAV,ADJUDICADO,,,ADJUDICACIÓN DIRECTA,SERVICIOS,E-2023-00051103,011L4J993 - UNIDAD MERIDA,YUCATÁN
577,AA-47-MDL-047MDL998-N-102-2024,NACIONAL,SERVICIOS PROFESIONALES INDEPENDIENTES,IMER,ADJUDICADO,,,ADJUDICACIÓN DIRECTA,SERVICIOS,E-2024-00008228,"047MDL998 - DIRECCION DE ADMINISTRACION Y FINANZAS, SUBDIRECCION DE ADMINISTRACION",CIUDAD DE MÉXICO
578,AA-11-B01-011B01001-N-827-2024,NACIONAL,CONDUCTOR.,ONCETV,ADJUDICADO,,,ADJUDICACIÓN DIRECTA,SERVICIOS,E-2024-00014207,011B01001 - DIRECCION DE ADMINISTRACION Y FINANZAS,CIUDAD DE MÉXICO
579,AA-11-L4J-011L4J994-N-1-2024,NACIONAL,CONTRATACIÓN DE SERVICIOS PROFESIONALES PARA APOYO EN LA DIRECCIÓN DE LA UNIDAD,CINVESTAV,ADJUDICADO,,,ADJUDICACIÓN DIRECTA,SERVICIOS,E-2024-00012745,011L4J994 - RECURSOS MATERIALES,QUERÉTARO
580,AA-12-NDF-012NDF999-N-83-2024,NACIONAL,PEDIDO MAYOR 115,INR,ADJUDICADO,,,ADJUDICACIÓN DIRECTA,ADQUISICIONES,E-2024-00011408,012NDF999 - SUBDIRECCION DE COMPRAS Y SUMINISTROS,CIUDAD DE MÉXICO
581,AA-08-RJL-008RJL001-N-111-2024,NACIONAL,COADYUVAR EN EL ÁREA DE ACUACULTURA PARA REALIZAR EL DIAGNOSTICO AMBIENTAL QUE P,IMIPAS,ADJUDICADO,,,ADJUDICACIÓN DIRECTA,SERVICIOS,E-2024-00015097,008RJL001 - DIRECCIÓN GENERAL ADJUNTA DE ADMINISTRACIÓN - SUBDIRECCIÓN DE RECURSOS MATERIALES,MORELOS
582,AA-08-VSS-008VSS999-N-4-2024,NACIONAL,ABARROTES COMESTIBLES,APB,ADJUDICADO,,,ADJUDICACIÓN DIRECTA,ADQUISICIONES,E-2024-00009477,008VSS999 - SUBGERENCIA DE LA UNIDAD OPERATIVA NUEVO LEÓN,NUEVO LEÓN
583,AA-11-B00-011B00001-N-2156-2023,NACIONAL,PRESTADOR DE SERVICIOS PROFESIONALES,IPN,ADJUDICADO,,,ADJUDICACIÓN DIRECTA,SERVICIOS,E-2023-00029743,011B00001 - DIRECCION DE RECURSOS MATERIALES E INFRAESTRUCTURA,CIUDAD DE MÉXICO
584,AA-06-A00-006A00997-N-365-2023,NACIONAL,01-22-1474 SERVICIOS PROFESIONALES PARA LA ELABORACIÓN  DE AVALÚOS,INDAABIN,ADJUDICADO,,,ADJUDICACIÓN DIRECTA,SERVICIOS,E-2023-00030335,006A00997 - DIRECCIÓN GENERAL DE AVALÚOS Y OBRAS,CIUDAD DE MÉXICO
585,AA-11-B01-011B01001-N-980-2023,NACIONAL,CONDUCTOR/GUIONISTA,ONCETV,ADJUDICADO,,,ADJUDICACIÓN DIRECTA,SERVICIOS,E-2023-00030635,011B01001 - DIRECCION DE ADMINISTRACION Y FINANZAS,CIUDAD DE MÉXICO
586,AA-11-L4J-011L4J993-N-18-2023,NACIONAL,SERVICIOS PROFESIONALES COMO APOYO EN EL LABORATORIO DE QUÍMICA MARINA DEL REC M,CINVESTAV,ADJUDICADO,,,ADJUDICACIÓN DIRECTA,SERVICIOS,E-2023-00031200,011L4J993 - UNIDAD MERIDA,YUCATÁN
587,AA-50-GYR-050GYR012-I-94-2023,INTERNACIONAL ABIERTO,PARA LA ADQUISICION DE MEDICAMENTOS,IMSS,ADJUDICADO,,,ADJUDICACIÓN DIRECTA,ADQUISICIONES,E-2023-00030821,050GYR012 - COORDINACION DE ABASTECIMIENTO Y EQUIPAMIENTO,COLIMA
588,AA-12-NDF-012NDF999-N-166-2023,NACIONAL,INR/2023/197,INR,ADJUDICADO,,,ADJUDICACIÓN DIRECTA,ADQUISICIONES,E-2023-00030494,012NDF999 - SUBDIRECCION DE COMPRAS Y SUMINISTROS,CIUDAD DE MÉXICO
589,AA-86-X75-927006974-N-47-2023,NACIONAL,22102.-PRODUCTOS ALIMENTICIOS PARA PERSONAS DERIVADO DE LA PRESTACION,SSALUDTAB,ADJUDICADO,,,ADJUDICACIÓN DIRECTA,ADQUISICIONES,E-2023-00054980,927006974 - SUBDIRECCIÓN DE RECURSOS MATERIALES Y SERVICIOS GENERALES,TABASCO
590,AO-13-J2Z-013J2Z999-N-15-2023,NACIONAL,REHABILITACIÓN DE FOSA Y CONSTRUCCIÓN DE LÍNEA SANITARIA,ASIPONAGUAYMAS,ADJUDICADO,,,ADJUDICACIÓN DIRECTA,OBRA PÚBLICA,E-2023-00055158,013J2Z999 - GUAYMAS-GERENCIA DE INGENIERIA,SONORA
591,AA-11-L4J-011L4J999-N-242-2023,NACIONAL,RETIRO DE PODA,CINVESTAV,ADJUDICADO,,,ADJUDICACIÓN DIRECTA,SERVICIOS,E-2023-00055562,011L4J999 - SUBDIRECCION DE RECURSOS MATERIALES,CIUDAD DE MÉXICO
592,AA-11-B00-011B00001-N-3426-2023,NACIONAL,MANTENIMIENTO A LAS INSTALACIONES ELÉCTRICAS Y DE ILUMINACIÓN DE LA BIBLIOTECA,IPN,ADJUDICADO,,,ADJUDICACIÓN DIRECTA,SERVICIOS,E-2023-00054718,011B00001 - DIRECCION DE RECURSOS MATERIALES E INFRAESTRUCTURA,CIUDAD DE MÉXICO
593,AA-08-VSS-008VSS977-N-484-2023,NACIONAL,ABARROTES COMESTIBLES,APB,ADJUDICADO,,,ADJUDICACIÓN DIRECTA,ADQUISICIONES,E-2023-00131280,"008VSS977 - UNIDAD OPERATIVA NAYARIT, ABASTO",NAYARIT
594,AA-08-VSS-008VSS016-N-1737-2023,NACIONAL,PRODUCTOS DIVERSOS,APB,ADJUDICADO,,,ADJUDICACIÓN DIRECTA,ADQUISICIONES,E-2023-00127972,008VSS016 - GERENCIA REGIONAL GOLFO,VERACRUZ
595,AA-08-VSS-008VSS992-N-423-2023,NACIONAL,ABARROTES NO COMESTIBLES,APB,ADJUDICADO,,,ADJUDICACIÓN DIRECTA,ADQUISICIONES,E-2023-00128423,"008VSS992 - GERENCIA REGIONAL OCCIDENTAL, ABASTO",JALISCO
596,AA-13-J3A-013J3A001-N-298-2023,NACIONAL,SERVICIO DE DIFUSIÓN EN 21 ESPECTACULARES EN MICHOACÁN,	ASIPONA-LÁZARO CÁRDENAS,ADJUDICADO,,,ADJUDICACIÓN DIRECTA,SERVICIOS,E-2023-00132639,013J3A001 - LAZARO CARDENAS-GERENCIA DE ADMINISTRACION Y FINANZAS,MICHOACÁN DE OCAMPO
597,AA-50-GYR-050GYR998-N-1052-2023,NACIONAL,AA-50-GYR-050GYR998-N1052-2023,IMSS,ADJUDICADO,,,ADJUDICACIÓN DIRECTA,ADQUISICIONES,E-2023-00128435,"050GYR998 - UMAE, HOSPITAL DE ESPECIALIDADES, C.M.N. SIGLO XXI",CIUDAD DE MÉXICO
598,AA-08-VSS-008VSS986-N-167-2023,NACIONAL,MANTECA REINA DE LA TORTILLA,APB,ADJUDICADO,,,ADJUDICACIÓN DIRECTA,ADQUISICIONES,E-2023-00055829,008VSS986 - SUBGERENCIA DE U.O. SONORA ABASTO,SONORA
599,AO-79-134-820166883-N-1-2023,NACIONAL,PROYECTO EJECUTIVO DEL SISTEMA DE ALCANTARILLADO SANITARIO,079134,ADJUDICADO,,,ADJUDICACIÓN DIRECTA,SERVICIOS RELACIONADOS CON LA OBRA,E-2023-00056629,820166883 - PRESIDENCIA MUNICIPAL,OAXACA
600,AA-12-NCH-012NCH001-I-73-2023,INTERNACIONAL ABIERTO,ADQUISICIÓN DE EZ DNA METHYLATION KIT,INMEGEN,ADJUDICADO,,,ADJUDICACIÓN DIRECTA,ADQUISICIONES,E-2023-00055962,012NCH001 - DIRECCION GENERAL,CIUDAD DE MÉXICO
601,AA-08-VSS-008VSS977-N-122-2023,NACIONAL,ABARROTES COMESTIBLES,APB,ADJUDICADO,,,ADJUDICACIÓN DIRECTA,ADQUISICIONES,E-2023-00055737,"008VSS977 - UNIDAD OPERATIVA NAYARIT, ABASTO",NAYARIT
602,AA-11-B01-011B01001-N-1183-2023,NACIONAL,AUXILIAR ADMINISTRATIVO DE ALIANZAS ESTRATÉGICAS,ONCETV,ADJUDICADO,,,ADJUDICACIÓN DIRECTA,SERVICIOS,E-2023-00056029,011B01001 - DIRECCION DE ADMINISTRACION Y FINANZAS,CIUDAD DE MÉXICO
603,AA-06-A00-006A00997-N-1424-2023,NACIONAL,02-23-40  SERVICIOS PROFESIONALES PARA LA ELABORACIÓN DEL AVALÚO,INDAABIN,ADJUDICADO,,,ADJUDICACIÓN DIRECTA,SERVICIOS,E-2023-00056149,006A00997 - DIRECCIÓN GENERAL DE AVALÚOS Y OBRAS,CIUDAD DE MÉXICO
604,AA-08-VSS-008VSS978-N-133-2023,NACIONAL,PRODUCTOS DIVERSOS,APB,ADJUDICADO,,,ADJUDICACIÓN DIRECTA,ADQUISICIONES,E-2023-00056347,"008VSS978 - UNIDAD OPERATIVA POZA RICA, ABASTO",VERACRUZ
605,AA-50-GYR-050GYR001-I-214-2023,INTERNACIONAL ABIERTO,"GRUPO 010, MEDICAMENTOS",IMSS,ADJUDICADO PARCIAL,,,ADJUDICACIÓN DIRECTA,ADQUISICIONES,E-2023-00057206,"050GYR001 - DEL. GUERRERO, COORDINACION DE ABASTECIMIENTO Y EQUIPAMIENTO",GUERRERO
606,AA-06-A00-006A00997-N-1488-2023,NACIONAL,01-23-320 SERVICIOS PROFESIONALES PARA LA ELABORACIÓN  DE AVALÚOS,INDAABIN,ADJUDICADO,,,ADJUDICACIÓN DIRECTA,SERVICIOS,E-2023-00056872,006A00997 - DIRECCIÓN GENERAL DE AVALÚOS Y OBRAS,CIUDAD DE MÉXICO
607,AA-50-GYR-050GYR082-N-84-2025,NACIONAL,"ADQ DE SERVICIO MED INTEGRAL DE DIGITALIZACION, POST-PROCESAM Y DISTRIB IMAGEN",IMSS,ADJUDICADO,,,ADJUDICACIÓN DIRECTA,SERVICIOS,E-2025-00108715,050GYR082 - HOSPITAL DE TRAUMATOLOGIA Y ORTOPEDIA NO. 21,NUEVO LEÓN
608,AA-15-412-015000999-N-914-2024,NACIONAL,PRESTADOR DE SERVICIOS,SEDATU,ADJUDICADO,,,ADJUDICACIÓN DIRECTA,SERVICIOS,E-2024-00040095,015000999 - DIRECCION GENERAL DE RECURSOS MATERIALES Y SERVICIOS GENERALES,CIUDAD DE MÉXICO
609,AA-06-712-006000998-N-217-2024,NACIONAL,ADQUISICIÓN DE MOBILIARIO DE CAFETERÍA Y OFICINA PARA LEYES DE REFORMA,SHCP,ADJUDICADO,,,ADJUDICACIÓN DIRECTA,ADQUISICIONES,E-2024-00037288,006000998 - COORDINACIÓN DE ADQUISICIONES Y CONTRATACIÓN DE SERVICIOS,CIUDAD DE MÉXICO
610,AA-08-VSS-008VSS979-N-52-2024,NACIONAL,ALIMENTOS PECUARIOS,APB,ADJUDICADO,,,ADJUDICACIÓN DIRECTA,ADQUISICIONES,E-2024-00033260,"008VSS979 - UNIDAD OPERATIVA DURANGO, ABASTO",DURANGO
611,AA-08-VSS-008VSS985-N-158-2024,NACIONAL,PRODUCTOS ALIMENTICIOS LA MODERNA CHETUMAL,APB,ADJUDICADO,,,ADJUDICACIÓN DIRECTA,ADQUISICIONES,E-2024-00032526,008VSS985 - GERENCIA REGIONAL PENINSULAR,QUINTANA ROO
612,AA-08-VSS-008VSS980-N-194-2025,NACIONAL,PRODUCTOS DIVERSOS,APB,ADJUDICADO,,,ADJUDICACIÓN DIRECTA,ADQUISICIONES,E-2025-00103785,008VSS980 - UNIDAD OPERATIVA GUERRERO - ABASTO,GUERRERO
613,AA-06-A00-006A00997-N-3776-2025,NACIONAL,2025-6367 SERVICIOS PROFESIONALES PARA LA ELABORACION DEL AVALUO,INDAABIN,ADJUDICADO,,,ADJUDICACIÓN DIRECTA,SERVICIOS,E-2025-00110207,006A00997 - DIRECCIÓN GENERAL DE AVALÚOS Y OBRAS,CIUDAD DE MÉXICO
614,AA-86-X75-927006974-N-313-2024,NACIONAL,29601.-REFACCIONES Y ACCESORIOS MENORES DE EQUIPO DE TRANSPORTE,SSALUDTAB,ADJUDICADO,,,ADJUDICACIÓN DIRECTA,ADQUISICIONES,E-2025-00001189,927006974 - DIRECCIÓN DE RECURSOS MATERIALES,TABASCO
615,AA-08-VSS-008VSS995-N-17-2025,NACIONAL,ABARROTES COMESTIBLES,APB,ADJUDICADO,,,ADJUDICACIÓN DIRECTA,ADQUISICIONES,E-2025-00012857,"008VSS995 - UNIDAD OPERATIVA QUERETARO, ABASTO",QUERÉTARO
616,AA-51-GYN-051GYN005-N-355-2025,NACIONAL,SERVICIO DE TRANSMISIÓN DE SPOTS TELEVISIVOS DE 30 SEGUNDOS DE DURACIÓN PARA LA,ISSSTE,ADJUDICADO,,,ADJUDICACIÓN DIRECTA,SERVICIOS,E-2025-00065691,051GYN005 - SUBDIRECCION DE RECURSOS MATERIALES Y SERVICIOS,CIUDAD DE MÉXICO
617,AA-50-GYR-050GYR035-N-65-2025,NACIONAL,SERVICIO DE MONITOREO DE MEDIOS DE COMUNICACIÓN Y REDES SOCIALES,IMSS,ADJUDICADO,,,ADJUDICACIÓN DIRECTA,SERVICIOS,E-2025-00066962,050GYR035 - COORD DE ABAST Y EQ DELEG NUEVO LEON,NUEVO LEÓN
618,AA-38-91K-03891K999-N-12-2024,NACIONAL,SERVICIOS DE AUDITORIA EXTERNA 2024,COLSAN,ADJUDICADO,,,ADJUDICACIÓN DIRECTA,SERVICIOS,E-2025-00068299,03891K999 - DEPARTAMENTO DE RECURSOS MATERIALES Y SERVICIOS,SAN LUIS POTOSÍ
619,AA-12-NCA-012NCA001-I-397-2025,INTERNACIONAL ABIERTO,"ADQUISICION DE MATERIALES, ACCESORIOS Y SUMINISTROS MEDICOS",INCARD,ADJUDICADO,,,ADJUDICACIÓN DIRECTA,ADQUISICIONES,E-2025-00070964,012NCA001 - SUBDIRECCION DE RECURSOS MATERIALES,CIUDAD DE MÉXICO
620,AA-85-W83-926014991-N-103-2025,NACIONAL,PASAJES AEREOS,ITSON,ADJUDICADO,,,ADJUDICACIÓN DIRECTA,SERVICIOS,E-2025-00072627,926014991 - DEPARTAMENTO DE ADQUISICIONES,SONORA
621,AA-18-TOM-018TOM999-N-51-2025,NACIONAL,"""SERVICIO DE CAPACITACIÓN ESPECIALIZADA ""FUNDAMENTOS  DE OPTIMIZACIÓN",CENACE,ADJUDICADO,,,ADJUDICACIÓN DIRECTA,SERVICIOS,E-2025-00072246,018TOM999 - SUBDIERCCION DE ADMINISTRACION,CIUDAD DE MÉXICO
622,AA-64-O87-905040987-N-69-2025,NACIONAL,SERVICO DE GAS LP ACUÑA,064O87,ADJUDICADO,,,ADJUDICACIÓN DIRECTA,SERVICIOS,E-2025-00118903,905040987 - DIRECCIÓN ADMINISTRATIVA,COAHUILA DE ZARAGOZA
623,AA-51-GYN-051GYN006-N-2-2026,NACIONAL,ADQ HERRAMIENTAS Y OTROS MATERIALES,ISSSTE,ADJUDICADO,,,ADJUDICACIÓN DIRECTA,ADQUISICIONES,E-2026-00004115,051GYN006 - DIRECCION DE ADMINISTRACION-JEFATURA DE SERVICIOS DE ADQUISICIONES,CIUDAD DE MÉXICO
624,AA-50-GYR-050GYR033-N-3-2026,NACIONAL,SERVICIO MÉDICO DE CENTRAL DE MEZCLAS,IMSS,ADJUDICADO,,,ADJUDICACIÓN DIRECTA,SERVICIOS,E-2026-00003892,050GYR033 - DEPARTAMENTO DE ADQUISICION DE BIENES Y CONTRATACION DE SERVICIOS,MICHOACÁN DE OCAMPO
625,AA-16-RHQ-016RHQ001-N-8-2026,NACIONAL,SERVICIOS PARA LA IMPLEMENTACIÓN DEL PROGRAMA DE SERVICIOS AMBIENTLES -12,CONAFOR,ADJUDICADO,,,ADJUDICACIÓN DIRECTA,SERVICIOS,E-2026-00001762,"016RHQ001 - GERENCIA DE RECURSOS MATERIALES, UNIDAD DE ADMINISTRACION Y FINANZAS",JALISCO
626,AA-16-RHQ-016RHQ001-N-280-2026,NACIONAL,SERVICIO TÉCNICO ESPECIALIZADO PARA EL PROGRAMA DE COMPENSACIÓN AMBIENTAL-16,CONAFOR,ADJUDICADO,,,ADJUDICACIÓN DIRECTA,SERVICIOS,E-2026-00001968,"016RHQ001 - GERENCIA DE RECURSOS MATERIALES, UNIDAD DE ADMINISTRACION Y FINANZAS",JALISCO
627,AA-32-412-032000001-N-253-2024,NACIONAL,SERVICIO DE MANTENIMIENTO PREVENTIVO A SISTEMAS DE AIRE ACONDICIONADO,TFJA,ADJUDICADO,,,ADJUDICACIÓN DIRECTA,SERVICIOS,E-2024-00100637,032000001 - DIRECCION GENERAL DE RECURSOS MATERIALES Y SERVICIOS GENERALES,TAMAULIPAS
628,AA-50-GYR-050GYR001-N-154-2024,NACIONAL,CUOTAS PARA CAPACITACIÓN EXTERNA-SOPORTE VITAL BÁSICO Y SOPORTE VITAL CARDIOVASC,IMSS,ADJUDICADO,,,ADJUDICACIÓN DIRECTA,SERVICIOS,E-2024-00097446,"050GYR001 - DEL. GUERRERO, COORDINACION DE ABASTECIMIENTO Y EQUIPAMIENTO",GUERRERO
629,AA-08-VSS-008VSS001-N-581-2023,NACIONAL,ABARROTES COMESTIBLES,APB,ADJUDICADO,,,ADJUDICACIÓN DIRECTA,ADQUISICIONES,E-2023-00124810,008VSS001 - GERENCIA REGIONAL SURESTE,TABASCO
630,AA-50-GYR-050GYR022-I-418-2023,INTERNACIONAL ABIERTO,AA-I-418-2023 MEDICAMENTOS,IMSS,ADJUDICADO,,,ADJUDICACIÓN DIRECTA,ADQUISICIONES,E-2023-00123810,050GYR022 - COORDINACION DE ABASTECIMIENTO Y EQUIPAMIENTO VERACRUZ SUR,VERACRUZ
631,AA-08-VSS-008VSS996-N-588-2023,NACIONAL,ABARROTES NO COMESTIBLES,APB,ADJUDICADO,,,ADJUDICACIÓN DIRECTA,ADQUISICIONES,E-2023-00120447,008VSS996 - SUBGERENCIA DE U.O.TUXTLA ABASTO,CHIAPAS
632,AA-50-GYR-050GYR998-T-1094-2024,INTERNACIONAL BAJO LA COBERTURA DE TRATADOS,ABTA24ES04061346 A.S.R.,IMSS,ADJUDICADO,,,ADJUDICACIÓN DIRECTA,SERVICIOS,E-2025-00001160,"050GYR998 - UMAE, HOSPITAL DE ESPECIALIDADES, C.M.N. SIGLO XXI",CIUDAD DE MÉXICO
633,AA-89-Y52-930087056-N-17-2024,NACIONAL,"3.6 ADQUIRIR HERRAMIENTAS, UTENSILIOS, ENSERES DOMÉSTICOS Y APARATOS ELECTRONICO",SEV,ADJUDICADO,,,ADJUDICACIÓN DIRECTA,ADQUISICIONES,E-2024-00082257,930087056 - DIRECCIÓN DE ADQUISICIONES Y ARRENDAMIENTO DE INMUEBLES,VERACRUZ
634,AA-48-E00-048E00995-N-539-2025,NACIONAL,COADYUVAR EN LA LOGÍSTICA DE ORGANIZACIÓN Y REALIZACIÓN DE EXPOSICIONES TEMPORAL,INBAL,ADJUDICADO,,,ADJUDICACIÓN DIRECTA,SERVICIOS,E-2025-00012708,048E00995 - DIRECCION DE RECURSOS MATERIALES,CHIHUAHUA
635,AA-47-AYO-047AYO936-N-8-2025,NACIONAL,SERVICIO MEDICO INTEGRAL DE CIRUGIA DE MINIMA INVASION,IMSS-BIENESTAR,ADJUDICADO,,,ADJUDICACIÓN DIRECTA,SERVICIOS,E-2025-00007881,"056AYO936 - HOSPITAL REGIONAL DE ALTA ESPECIALIDAD DE CIUDAD VICTORIA ""BICENTENARIO 2010"", DIRECCIÓN DE ADMINISTRACIÓN Y FINANZAS, SUBDIRECCIÓN DE RECURSOS MATERIALES",TAMAULIPAS
636,AA-48-410-048410003-N-185-2025,NACIONAL,PRESTACIÓN DE SERVICIOS PROFESIONALES CONSISTENTES EN COADYUVAR EN LA COORDINACI,CULTURA,ADJUDICADO,,,ADJUDICACIÓN DIRECTA,SERVICIOS,E-2025-00015251,048410003 - DEPARTAMENTO DE COMITE,CIUDAD DE MÉXICO
637,AA-08-VSS-008VSS978-N-377-2024,NACIONAL,ABARROTES COMESTIBLES,APB,ADJUDICADO,,,ADJUDICACIÓN DIRECTA,ADQUISICIONES,E-2024-00111169,"008VSS978 - UNIDAD OPERATIVA POZA RICA, ABASTO",VERACRUZ
638,AA-12-NEF-012NEF001-N-41-2023,NACIONAL,"41, SERVICIO DE CALIBRACIÓN A INSTRUMENTOS Y EQUIPOS DE MEDICIÓN.",BIRMEX,ADJUDICADO,,,ADJUDICACIÓN DIRECTA,SERVICIOS,E-2023-00073711,012NEF001 - DIRECCION GENERAL,MÉXICO
639,AA-50-GYR-050GYR020-T-169-2023,INTERNACIONAL BAJO LA COBERTURA DE TRATADOS,ADQUISICIÓN DE MATERIAL DE CURACIÓN,IMSS,ADJUDICADO PARCIAL,,,ADJUDICACIÓN DIRECTA,ADQUISICIONES,E-2023-00072589,"050GYR020 - UMAE HOSPITAL DE ESPECIALIDADES, C.M.N.O. DEPARTAMENTO DE ABASTECIMIENTO",JALISCO
640,AO-75-T26-916066971-N-9-2023,NACIONAL,IMPERMEAB EDIF B - AGROBIOLOGIA,UMSNH,ADJUDICADO,,,ADJUDICACIÓN DIRECTA,OBRA PÚBLICA,E-2023-00073069,916066971 - SECRETARÍA ADMINISTRATIVA,MICHOACÁN DE OCAMPO
641,AA-06-A00-006A00997-N-2910-2023,NACIONAL,04-23-1078 SERVICIOS PROFESIONALES PARA LA ELABORACIÓN DE AVALÚOS,INDAABIN,ADJUDICADO,,,ADJUDICACIÓN DIRECTA,SERVICIOS,E-2023-00072047,006A00997 - DIRECCIÓN GENERAL DE AVALÚOS Y OBRAS,CIUDAD DE MÉXICO
642,AA-06-A00-006A00997-N-3918-2023,NACIONAL,03-23-220  SERVICIOS PROFESIONALES PARA LA ELABORACIÓN DEL AVALÚO,INDAABIN,ADJUDICADO,,,ADJUDICACIÓN DIRECTA,SERVICIOS,E-2023-00087036,006A00997 - DIRECCIÓN GENERAL DE AVALÚOS Y OBRAS,CIUDAD DE MÉXICO
643,AA-11-B00-011B00001-N-4489-2023,NACIONAL,SERVICIO DE MANTENIMIENTO DEL GIMNASIO DEL CECYT 11,IPN,ADJUDICADO,,,ADJUDICACIÓN DIRECTA,SERVICIOS,E-2023-00087001,011B00001 - DIRECCION DE RECURSOS MATERIALES E INFRAESTRUCTURA,CIUDAD DE MÉXICO
644,AA-08-VSS-008VSS983-N-456-2023,NACIONAL,ABARROTES NO COMESTIBLES,APB,ADJUDICADO,,,ADJUDICACIÓN DIRECTA,ADQUISICIONES,E-2023-00086734,008VSS983 - DIRECCIÓN DE COMERCIALIZACIÓN,MÉXICO
645,AA-70-039-911005999-N-26-2023,NACIONAL,MANTENIMIENTO PREVENTIVO A EQUIPOS HOSPITAL COMUNITARIO JARAL DEL PROGRESO,ISAPEG,ADJUDICADO,,,ADJUDICACIÓN DIRECTA,SERVICIOS,E-2023-00085667,911005999 - DIRECCIÓN DE RECURSOS MATERIALES Y SERVICIOS GENERALES,GUANAJUATO
646,AA-85-X28-926016949-N-13-2023,NACIONAL,CONTRATO DE PRESTACIÒN DE SERVICIOS,SEMUJERES,ADJUDICADO,,,ADJUDICACIÓN DIRECTA,SERVICIOS,E-2023-00087576,926016949 - COORDINACION EJECUTIVA,SONORA
647,AA-13-312-013000999-N-112-2026,NACIONAL,NAC. ADJ.DIR.AD-048. ECO. SANA013/26 REQ. 145¨MEDICINAS Y PROD. FARMACEUTICOS¨,SEMAR,ADJUDICADO,,,ADJUDICACIÓN DIRECTA,ADQUISICIONES,E-2026-00028293,013000999 - DIRECCIÓN EJECUTIVA DE ADQUISICIONES,CIUDAD DE MÉXICO
648,AA-12-NCA-012NCA001-I-113-2026,INTERNACIONAL ABIERTO,"MATERIALES, ACCESORIOS Y SUMINISTROS MEDICOS",INCARD,ADJUDICADO,,,ADJUDICACIÓN DIRECTA,ADQUISICIONES,E-2026-00032356,012NCA001 - SUBDIRECCION DE RECURSOS MATERIALES,CIUDAD DE MÉXICO
649,AA-08-VSS-008VSS986-N-47-2024,NACIONAL,ABARROTES COMESTIBLES,APB,ADJUDICADO,,,ADJUDICACIÓN DIRECTA,ADQUISICIONES,E-2024-00026452,008VSS986 - SUBGERENCIA DE U.O. SONORA ABASTO,SONORA
650,AA-38-90E-03890E999-N-54-2024,NACIONAL,SUBCONTRATACIÓN DE SERVICIOS CON TERCEROS,CIMAV,ADJUDICADO,,,ADJUDICACIÓN DIRECTA,SERVICIOS,E-2024-00024126,03890E999 - DIRECCION DE ADMINISTRACION Y FINANZAS,CHIHUAHUA
651,AA-09-111-009000069-N-32-2024,NACIONAL,SERVICIO DE DIFUSIÓN DE UNA CAMPAÑA INFORMATIVA,SICT,ADJUDICADO,,,ADJUDICACIÓN DIRECTA,SERVICIOS,E-2024-00008819,009000069 - DIRECCIÓN GENERAL DE COMUNICACIÓN SOCIAL,CIUDAD DE MÉXICO
652,AA-08-VSS-008VSS998-N-80-2024,NACIONAL,FRIJOL PINTO,APB,ADJUDICADO,,,ADJUDICACIÓN DIRECTA,ADQUISICIONES,E-2024-00006221,008VSS998 - DIRECCIÓN COMERCIAL,CIUDAD DE MÉXICO
653,AA-48-E00-048E00995-N-42-2024,NACIONAL,"VALIDACIÓN DE PÓLIZAS DE GARANTÍA, REVISIÓN DEL CUMPLIMIENTO DEL MARCO NORMATIVO",INBAL,ADJUDICADO,,,ADJUDICACIÓN DIRECTA,SERVICIOS,E-2024-00007501,048E00995 - DIRECCION DE RECURSOS MATERIALES,CIUDAD DE MÉXICO
654,AA-48-E00-048E00995-N-414-2024,NACIONAL,COADYUVAR DESARROLLO E IMPLEMENTACIÓN DE ESTRATEGIAS PARA SÍNTESIS Y MONITOREO,INBAL,ADJUDICADO,,,ADJUDICACIÓN DIRECTA,SERVICIOS,E-2024-00010195,048E00995 - DIRECCION DE RECURSOS MATERIALES,CIUDAD DE MÉXICO
655,AA-48-D00-048D00001-N-210-2023,NACIONAL,SERVICIO TÉCNICO DE ANTROPÓLOGO (A) FÍSICO (A),INAH,ADJUDICADO,,,ADJUDICACIÓN DIRECTA,SERVICIOS,E-2023-00042694,048D00001 - COORDINACION NACIONAL DE RECURSOS MATERIALES Y SERVICIOS,CIUDAD DE MÉXICO
656,AA-11-MAX-011MAX001-N-63-2023,NACIONAL,ADQUISICION DE PAPEL,IEPSA,ADJUDICADO,,,ADJUDICACIÓN DIRECTA,ADQUISICIONES,E-2023-00041751,011MAX001 - SUBGERENCIA DE ADQUISICIONES Y CONTRATACION DE SERVICIOS,CIUDAD DE MÉXICO
657,AA-50-GYR-050GYR002-T-116-2023,INTERNACIONAL BAJO LA COBERTURA DE TRATADOS,ADQUISICION DE GRUPO DE SUMINISTRO 010 Y 040,IMSS,ADJUDICADO,,,ADJUDICACIÓN DIRECTA,ADQUISICIONES,E-2023-00042154,050GYR002 - JEFATURA DE SERVICIOS ADMINISTRATIVOS,JALISCO
658,AA-11-L4J-011L4J999-N-856-2025,NACIONAL,SUMINISTROS DE LABORATORIO PARA EL DEPARTAMENTO DE FARMACOBIOLOGÍA SUR,CINVESTAV,ADJUDICADO,,,ADJUDICACIÓN DIRECTA,ADQUISICIONES,E-2025-00077231,011L4J999 - SUBDIRECCION DE RECURSOS MATERIALES,CIUDAD DE MÉXICO
659,AA-12-NCA-012NCA001-N-436-2025,NACIONAL,MATERIALES Y UTILES PARA EL PROCESAMIENTO EN EQUIPOS Y BIENES INFORMATICOS,INCARD,ADJUDICADO,,,ADJUDICACIÓN DIRECTA,ADQUISICIONES,E-2025-00077387,012NCA001 - SUBDIRECCION DE RECURSOS MATERIALES,CIUDAD DE MÉXICO
660,AA-51-GYN-051GYN074-N-108-2026,NACIONAL,"SERVICIOS DE APOYO A PROCESOS, ACTIVIDADES EXTRAORDINARIAS Y OTROS",ISSSTE,ADJUDICADO,,,ADJUDICACIÓN DIRECTA,SERVICIOS,E-2026-00016548,"051GYN074 - DELEGACIÓN ESTATAL MICHOACÁN, SUBDELEGACIÓN DE ADMINISTRACIÓN",MICHOACÁN DE OCAMPO
661,AA-48-410-048410003-N-279-2026,NACIONAL,SERVICIOS PROFESIONALES CONSISTENTES EN COADYUVAR CON EL ÁREA DE DIFUSIÓN DE LA,CULTURA,ADJUDICADO,,,ADJUDICACIÓN DIRECTA,SERVICIOS,E-2026-00014181,048410003 - DEPARTAMENTO DE COMITE,CIUDAD DE MÉXICO
662,AO-66-050-907005975-N-11-2024,NACIONAL,CONVENTO DE NUESTRA SEÑORA DE LA ASUNCIÓN-081F-N11,SEINFRA,ADJUDICADO,,,ADJUDICACIÓN DIRECTA,OBRA PÚBLICA,E-2024-00108223,907005975 - UNIDAD DE SERVICIOS TECNICOS,CHIAPAS
663,AA-11-L4J-011L4J999-N-369-2023,NACIONAL,SERVICIOS PROFESIONALES,CINVESTAV,ADJUDICADO,,,ADJUDICACIÓN DIRECTA,SERVICIOS,E-2023-00080454,011L4J999 - SUBDIRECCION DE RECURSOS MATERIALES,CIUDAD DE MÉXICO
664,AA-48-L6U-048L6U001-N-193-2023,NACIONAL,SERVICIO DE CAPACITACIÓN EN MATERIA DE PROTECCIÓN CIVIL,CECUT,ADJUDICADO,,,ADJUDICACIÓN DIRECTA,SERVICIOS,E-2023-00079523,048L6U001 - GERENCIA DE RECURSOS MATERIALES,BAJA CALIFORNIA
665,AA-51-GYN-051GYN055-N-48-2023,NACIONAL,ADQUISICIÓN DE MATERIAL DE CURACIÓN,ISSSTE,ADJUDICADO,,,ADJUDICACIÓN DIRECTA,ADQUISICIONES,E-2023-00079972,"051GYN055 - DELEGACION ESTATAL COLIMA, SUBDELEGACION DE ADMINISTRACION",COLIMA
666,AA-06-A00-006A00997-N-3313-2023,NACIONAL,04-23-365        SERVICIOS PROFESIONALES PARA LA ELABORACIÓN  DE AVALÚOS,INDAABIN,ADJUDICADO,,,ADJUDICACIÓN DIRECTA,SERVICIOS,E-2023-00079388,006A00997 - DIRECCIÓN GENERAL DE AVALÚOS Y OBRAS,CIUDAD DE MÉXICO
667,AA-51-GYN-051GYN085-N-289-2023,NACIONAL,MATERIAL DE CURACIÓN,ISSSTE,ADJUDICADO,,,ADJUDICACIÓN DIRECTA,ADQUISICIONES,E-2023-00080184,"051GYN085 - HOSPITAL REGIONAL GRAL. IGNACIO ZARAGOZA, COORDINACION DE RECURSOS MATERIALES",CIUDAD DE MÉXICO
668,AA-11-B01-011B01001-N-1953-2023,NACIONAL,DIRECTOR DE CAMARAS,ONCETV,ADJUDICADO,,,ADJUDICACIÓN DIRECTA,SERVICIOS,E-2023-00079502,011B01001 - DIRECCION DE ADMINISTRACION Y FINANZAS,CIUDAD DE MÉXICO
669,AA-06-A00-006A00997-N-5953-2023,NACIONAL,04-23-2451   SERVICIOS PROFESIONALES PARA LA ELABORACIÓN DEL AVALÚO,INDAABIN,ADJUDICADO,,,ADJUDICACIÓN DIRECTA,SERVICIOS,E-2024-00043263,006A00997 - DIRECCIÓN GENERAL DE AVALÚOS Y OBRAS,CIUDAD DE MÉXICO
670,AA-08-VSS-008VSS968-N-80-2024,NACIONAL,SAL REFINADA,APB,ADJUDICADO,,,ADJUDICACIÓN DIRECTA,ADQUISICIONES,E-2024-00054658,008VSS968 - UNIDAD OPERATIVA TAPACHULA ABASTO,CHIAPAS
671,AA-11-B00-011B00001-N-3958-2024,NACIONAL,ADQUISICION DE PRODUCTOS QUIMICOS,IPN,ADJUDICADO,,,ADJUDICACIÓN DIRECTA,ADQUISICIONES,E-2024-00052291,011B00001 - DIRECCION DE RECURSOS MATERIALES E INFRAESTRUCTURA,CIUDAD DE MÉXICO
672,AA-04-E2D-004E2D001-N-163-2024,NACIONAL,PAPELERIA TGM,TGM,ADJUDICADO,,,ADJUDICACIÓN DIRECTA,ADQUISICIONES,E-2024-00051802,004E2D001 - GERENCIA DE ABASTECIMIENTOS,CIUDAD DE MÉXICO
673,AA-11-B01-011B01001-N-1980-2024,NACIONAL,ASISTENTE DE PRODUCCION/REALIZACION,ONCETV,ADJUDICADO,,,ADJUDICACIÓN DIRECTA,SERVICIOS,E-2024-00070506,011B01001 - DIRECCION DE ADMINISTRACION Y FINANZAS,CIUDAD DE MÉXICO
674,AA-11-B01-011B01001-N-2427-2024,NACIONAL,ASISTENTE B,ONCETV,ADJUDICADO,,,ADJUDICACIÓN DIRECTA,SERVICIOS,E-2024-00071060,011B01001 - DIRECCION DE ADMINISTRACION Y FINANZAS,CIUDAD DE MÉXICO
675,AA-11-B01-011B01001-N-2122-2024,NACIONAL,REDACTOR A,ONCETV,ADJUDICADO,,,ADJUDICACIÓN DIRECTA,SERVICIOS,E-2024-00069726,011B01001 - DIRECCION DE ADMINISTRACION Y FINANZAS,CIUDAD DE MÉXICO
676,AA-12-Y00-012Y00999-N-16-2024,NACIONAL,SERVICIO DE MANTENIMIENTO CORRECTIVO CON REFACCIONES PARA EL ÓPTIMO FUNCIONAMIEN,SSA,ADJUDICADO,,,ADJUDICACIÓN DIRECTA,SERVICIOS,E-2024-00070580,012Y00999 - COMISIÓN NACIONAL DE SALUD MENTAL Y ADICCIONES,CIUDAD DE MÉXICO
677,AA-08-VSS-008VSS969-N-22-2024,NACIONAL,ABARROTES COMESTIBLES,APB,ADJUDICADO,,,ADJUDICACIÓN DIRECTA,ADQUISICIONES,E-2024-00069430,008VSS969 - UNIDAD OPERATIVA ORIZABA,VERACRUZ
678,AA-08-VSS-008VSS969-N-134-2024,NACIONAL,PRODUCTOS DIVERSOS,APB,ADJUDICADO,,,ADJUDICACIÓN DIRECTA,ADQUISICIONES,E-2024-00072197,008VSS969 - UNIDAD OPERATIVA ORIZABA,VERACRUZ
679,AA-47-AYB-047AYB001-N-93-2024,NACIONAL,DIFUSIÓN DE LA CAMPAÑA DE COMUNICACIÓN SOCIAL DEL INPI 2024,INPI,ADJUDICADO,,,ADJUDICACIÓN DIRECTA,SERVICIOS,E-2024-00072939,047AYB001 - DIRECCION DE ADQUISICIONES Y OBRA PUBLICA,CIUDAD DE MÉXICO
680,AA-07-110-007000999-N-614-2024,NACIONAL,ADQUISICIÓN DE EQUIPO NO PERMANENTE DEL SERVICIO DE INTENDENCIA PARA EL PROGRAMA,SEDENA,ADJUDICADO,,,ADJUDICACIÓN DIRECTA,ADQUISICIONES,E-2024-00073083,007000999 - SUBDIRECCIÓN DE ADQUISICIONES,CIUDAD DE MÉXICO
681,AA-51-GYN-051GYN057-N-38-2024,NACIONAL,PRODUCTOS ALIMENTICIOS PARA UNIDADES MEDICAS Y EBDIS (AGUA PURIFICADA),ISSSTE,ADJUDICADO,,,ADJUDICACIÓN DIRECTA,ADQUISICIONES,E-2024-00072383,051GYN057 - SUBDELEGACION DE ADMINISTRACION,ZACATECAS
682,AA-08-131-008000993-N-11-2023,NACIONAL,MANTENIMIENTOS PARA LA REPRESENTACION Y DISTRITOS,SADER,ADJUDICADO,,,ADJUDICACIÓN DIRECTA,SERVICIOS,E-2023-00039517,008000993 - SUBDELEGACIÓN ADMINISTRATIVA,GUANAJUATO
683,AA-06-A00-006A00997-N-619-2023,NACIONAL,01-22-779   SERVICIOS PROFESIONALES PARA LA ELABORACIÓN DEL AVALÚO,INDAABIN,ADJUDICADO,,,ADJUDICACIÓN DIRECTA,SERVICIOS,E-2023-00036621,006A00997 - DIRECCIÓN GENERAL DE AVALÚOS Y OBRAS,CIUDAD DE MÉXICO
684,AA-11-B00-011B00001-N-2569-2023,NACIONAL,PRESTACION DE SERVICIOS PROFESIONALES,IPN,ADJUDICADO,,,ADJUDICACIÓN DIRECTA,SERVICIOS,E-2023-00037922,011B00001 - DIRECCION DE RECURSOS MATERIALES E INFRAESTRUCTURA,CIUDAD DE MÉXICO
685,AA-38-90W-03890W999-N-25-2023,NACIONAL,SERVICIOS DE DIGITALIZACIÓN PARA LA REORGANIZACIÓN DEL FONDO DOCUMENTAL EN RESGU,CIESAS,ADJUDICADO,,,ADJUDICACIÓN DIRECTA,SERVICIOS,E-2023-00036410,"03890W999 - DIRECCION DE ADMINISTRACION, DEPARTAMENTO DE SERVICIOS GENERALES",CIUDAD DE MÉXICO
686,AA-47-AYL-006AYL998-N-384-2023,NACIONAL,"SERVICIO DE GRABACIÓN, EDICIÓN, POSTPRODUCCIÓN DE PROGRAMAS ESPECIALES",SPR,ADJUDICADO,,,ADJUDICACIÓN DIRECTA,SERVICIOS,E-2023-00036603,006AYL998 - UNIDAD DE ADMINISTRACIÓN Y FINANZAS,CIUDAD DE MÉXICO
687,AA-08-VSS-008VSS980-N-90-2024,NACIONAL,PRODUCTOS DIVERSOS,APB,ADJUDICADO,,,ADJUDICACIÓN DIRECTA,ADQUISICIONES,E-2024-00034055,008VSS980 - UNIDAD OPERATIVA GUERRERO - ABASTO,GUERRERO
688,AA-08-VSS-008VSS998-N-863-2023,NACIONAL,ABARROTES COMESTIBLES,APB,ADJUDICADO,,,ADJUDICACIÓN DIRECTA,ADQUISICIONES,E-2024-00039784,008VSS998 - DIRECCIÓN COMERCIAL,CIUDAD DE MÉXICO
689,AA-08-VSS-008VSS989-N-42-2024,NACIONAL,ACEITE COMESTIBLE Y MANTECA VEGETAL,APB,ADJUDICADO,,,ADJUDICACIÓN DIRECTA,ADQUISICIONES,E-2024-00031031,008VSS989 - SUCURSAL CENTRO-NORTE SUBGERENCIA DE ABASTO,ZACATECAS
690,AA-16-E00-016E00994-N-3-2024,NACIONAL,SERVICIO DE SEGURIDAD Y VIGILANCIA,PROFEPA,ADJUDICADO,,,ADJUDICACIÓN DIRECTA,SERVICIOS,E-2024-00029751,016E00994 - DELEGACION ESTADO DE MEXICO,MÉXICO
691,AA-12-NDF-012NDF999-N-183-2024,NACIONAL,"SALUD/INRLGII/27/2024	SERVICIOS ESPECIALIZADOS EN MARITIMO Y AVIACION, AGENTE DE",INR,ADJUDICADO,,,ADJUDICACIÓN DIRECTA,SERVICIOS,E-2024-00032354,012NDF999 - SUBDIRECCION DE COMPRAS Y SUMINISTROS,CIUDAD DE MÉXICO
692,AA-08-VSS-008VSS980-N-94-2026,NACIONAL,ABARROTES COMESTIBLES,APB,ADJUDICADO,,,ADJUDICACIÓN DIRECTA,ADQUISICIONES,E-2026-00031902,008VSS980 - UNIDAD OPERATIVA GUERRERO - ABASTO,GUERRERO
693,AA-12-M7F-012M7F002-N-60-2026,NACIONAL,PRESTACIÓN DE SERVICIOS PROFESIONALES EN LA SUBDIRECCIÓN DE SERVICIOS GENERALES,INPSIQ,ADJUDICADO,,,ADJUDICACIÓN DIRECTA,SERVICIOS,E-2026-00029334,012M7F002 - SUBDIRECCION DE SERVICIOS GENERALES,CIUDAD DE MÉXICO
694,AA-48-L9Y-048L9Y001-N-110-2024,NACIONAL,SERVICIO DE APOYO EN LA REVISIÓN E INGRESO DE PELÍCULAS DE ORIGEN DIGITAL,FICINE,ADJUDICADO,,,ADJUDICACIÓN DIRECTA,SERVICIOS,E-2024-00026983,048L9Y001 - DIRECCION DE ADMINISTRACION Y FINANZAS,CIUDAD DE MÉXICO
695,AA-48-D00-048D00001-N-246-2023,NACIONAL,"SERVICIO DE IMPRESIÓN, ENCUADERNACIÓN Y TERMINADO DE LA REVISTA ALQUIMIA.- REVIS",INAH,ADJUDICADO,,,ADJUDICACIÓN DIRECTA,SERVICIOS,E-2023-00047471,048D00001 - COORDINACION NACIONAL DE RECURSOS MATERIALES Y SERVICIOS,CIUDAD DE MÉXICO
696,AA-11-B00-011B00001-N-4088-2024,NACIONAL,ADQUISICIÓN DE LIBROS PARA LA ESIQIE,IPN,ADJUDICADO,,,ADJUDICACIÓN DIRECTA,ADQUISICIONES,E-2024-00051273,011B00001 - DIRECCION DE RECURSOS MATERIALES E INFRAESTRUCTURA,CIUDAD DE MÉXICO
697,AA-12-NDY-012NDY001-N-337-2024,NACIONAL,"ORGANIZAR, ELABORAR Y REVISAR RUTAS Y CRONOGRAMAS",INSP,ADJUDICADO,,,ADJUDICACIÓN DIRECTA,SERVICIOS,E-2024-00052361,012NDY001 - DEPARTAMENTO DE SERVICIOS GENERALES Y MANTENIMIENTO,MORELOS
698,AA-08-VSS-008VSS008-N-670-2025,NACIONAL,ABARROTES COMESTIBLES,APB,ADJUDICADO,,,ADJUDICACIÓN DIRECTA,ADQUISICIONES,E-2025-00095331,008VSS008 - SUBGERENCIA OPERACIONES REGIONAL NORTE CENTRO,CHIHUAHUA
699,AO-68-021-909004999-N-138-2025,NACIONAL,OBRAS Y SERVICIOS EN CASOS DE EMERGENCIAS RELACIONADOS CON EL OBJETO DEL FIDEICO,SEDEMA,ADJUDICADO,,,ADJUDICACIÓN DIRECTA,OBRA PÚBLICA,E-2025-00101368,909004999 - SISTEMA DE AGUAS DE LA CIUDAD DE MÉXICO,CIUDAD DE MÉXICO
700,AA-08-VSS-008VSS992-N-438-2025,NACIONAL,ABARROTES NO COMESTIBLES,APB,ADJUDICADO,,,ADJUDICACIÓN DIRECTA,ADQUISICIONES,E-2025-00094363,"008VSS992 - GERENCIA REGIONAL OCCIDENTAL, ABASTO",JALISCO
701,AO-68-021-909004999-N-159-2025,NACIONAL,"SUPERVISIONES DE OBRAS, ESTUDIOS Y PROYECTOS SUPERVISIÓN TÉCNICA Y ADMINISTRATIV",SEDEMA,ADJUDICADO,,,ADJUDICACIÓN DIRECTA,SERVICIOS RELACIONADOS CON LA OBRA,E-2025-00101903,909004999 - SISTEMA DE AGUAS DE LA CIUDAD DE MÉXICO,CIUDAD DE MÉXICO
702,AA-08-VSS-008VSS975-N-158-2025,NACIONAL,ABARROTES COMESTIBLES,APB,ADJUDICADO,,,ADJUDICACIÓN DIRECTA,ADQUISICIONES,E-2025-00095110,"008VSS975 - UNIDAD OPERATIVA CAMPECHE, OPERACIONES Y ABASTO",CAMPECHE
703,AA-08-VSS-008VSS013-N-201-2025,NACIONAL,ABARROTES NO COMESTIBLES,APB,ADJUDICADO,,,ADJUDICACIÓN DIRECTA,ADQUISICIONES,E-2025-00101618,008VSS013 - GERENCIA REGIONAL OAXACA,OAXACA
704,AA-06-A00-006A00997-N-3352-2025,NACIONAL,02-25-351               SERVICIOS PROFESIONALES PARA LA ELABORACIÓN DEL AVALÚO,INDAABIN,ADJUDICADO,,,ADJUDICACIÓN DIRECTA,SERVICIOS,E-2025-00090805,006A00997 - DIRECCIÓN GENERAL DE AVALÚOS Y OBRAS,CIUDAD DE MÉXICO
705,AA-08-VSS-008VSS967-N-394-2025,NACIONAL,"JABON DE TOCADOR,LIRIO AVENA Y MIEL",APB,ADJUDICADO,,,ADJUDICACIÓN DIRECTA,ADQUISICIONES,E-2025-00101658,008VSS967 - UNIDAD OPERATIVA QUINTANA ROO-ABASTO,QUINTANA ROO
706,AA-08-VSS-008VSS977-N-157-2025,NACIONAL,ABARROTES COMESTIBLES,APB,ADJUDICADO,,,ADJUDICACIÓN DIRECTA,ADQUISICIONES,E-2025-00094356,"008VSS977 - UNIDAD OPERATIVA NAYARIT, ABASTO",NAYARIT
707,AA-08-VSS-008VSS013-N-222-2025,NACIONAL,ABARROTES NO COMESTIBLES,APB,ADJUDICADO,,,ADJUDICACIÓN DIRECTA,ADQUISICIONES,E-2025-00102282,008VSS013 - GERENCIA REGIONAL OAXACA,OAXACA
708,AA-51-GYN-051GYN074-N-59-2026,NACIONAL,SERVICIOS MEDICOS SUBROGADOS,ISSSTE,ADJUDICADO,,,ADJUDICACIÓN DIRECTA,SERVICIOS,E-2026-00006257,"051GYN074 - DELEGACIÓN ESTATAL MICHOACÁN, SUBDELEGACIÓN DE ADMINISTRACIÓN",MICHOACÁN DE OCAMPO
709,AA-08-VSS-008VSS008-N-50-2026,NACIONAL,ABARROTES COMESTIBLES,APB,ADJUDICADO,,,ADJUDICACIÓN DIRECTA,ADQUISICIONES,E-2026-00007303,008VSS008 - SUBGERENCIA OPERACIONES REGIONAL NORTE CENTRO,CHIHUAHUA
710,AA-08-VSS-008VSS981-N-6-2026,NACIONAL,HARINA DE TRIGO MARCA PROPIA,APB,ADJUDICADO,,,ADJUDICACIÓN DIRECTA,ADQUISICIONES,E-2026-00009151,008VSS981 - DICONSA UNIDAD OPERATIVA MICHOCAN - ABASTO,MICHOACÁN DE OCAMPO
711,AA-38-90Q-03890Q010-N-191-2025,NACIONAL,MATERIAL DE LABORATORIO,CICY,ADJUDICADO,,,ADJUDICACIÓN DIRECTA,ADQUISICIONES,E-2026-00002501,03890Q010 - DIRECCIÓN ADMINISTRATIVA,YUCATÁN
712,AA-06-A00-006A00997-N-1257-2023,NACIONAL,01-22-1090 SERVICIOS PROFESIONALES PARA LA ELABORACIÓN  DE AVALÚOS,INDAABIN,ADJUDICADO,,,ADJUDICACIÓN DIRECTA,SERVICIOS,E-2023-00044580,006A00997 - DIRECCIÓN GENERAL DE AVALÚOS Y OBRAS,CIUDAD DE MÉXICO
713,AA-08-VSS-008VSS978-N-64-2023,NACIONAL,ABARROTES NO COMESTIBLES,APB,ADJUDICADO,,,ADJUDICACIÓN DIRECTA,ADQUISICIONES,E-2023-00046229,"008VSS978 - UNIDAD OPERATIVA POZA RICA, ABASTO",VERACRUZ
714,AA-12-NDF-012NDF999-N-323-2023,NACIONAL,PEDIDO MENOR 436,INR,ADJUDICADO,,,ADJUDICACIÓN DIRECTA,ADQUISICIONES,E-2023-00045883,012NDF999 - SUBDIRECCION DE COMPRAS Y SUMINISTROS,CIUDAD DE MÉXICO
715,AA-51-GYN-051GYN905-N-78-2025,NACIONAL,"APOYO A LOS DERECHOHABIENTES, ACREDITADOS Y PÚBLICO EN GENERAL RESPECTO A LOS TR",ISSSTE,ADJUDICADO,,,ADJUDICACIÓN DIRECTA,SERVICIOS,E-2025-00033385,051GYN905 - SUBDIRECCION DE ADMINISTRACION,CIUDAD DE MÉXICO
716,AA-08-VSS-008VSS001-N-40-2025,NACIONAL,ABARROTES NO COMESTIBLES,APB,ADJUDICADO,,,ADJUDICACIÓN DIRECTA,ADQUISICIONES,E-2025-00035694,008VSS001 - GERENCIA REGIONAL SURESTE,TABASCO
717,AA-04-812-004000998-N-14-2025,NACIONAL,"SERVICIO DE SEGURIDAD, PROTECCIÓN Y MOVILIDAD PARA PERSONAS DEFENSORAS DE DERECH",SEGOB,ADJUDICADO,,,ADJUDICACIÓN DIRECTA,SERVICIOS,E-2025-00030243,004000998 - DIRECCIÓN GENERAL DE RECURSOS MATERIALES Y SERVICIOS GENERALES,CIUDAD DE MÉXICO
718,AO-68-015-909005989-N-43-2023,NACIONAL,TEMPLO DE LA PURÍSIMA CONCEPCIÓN,SOBSECDMX,ADJUDICADO,,,ADJUDICACIÓN DIRECTA,OBRA PÚBLICA,E-2023-00111164,909005989 - DIRECCION GENERAL DE CONSTRUCCION DE OBRAS PÚBLICAS,CIUDAD DE MÉXICO
719,AA-12-N00-012N00001-N-28-2023,NACIONAL,"PRESTACIÓN DEL SERVICIO DE IMPRESIÓN DE TRÍPTICOS, SEÑALÉTICA, TARJETAS Y FORMAT",SSA,ADJUDICADO,,,ADJUDICACIÓN DIRECTA,ADQUISICIONES,E-2023-00109287,"012N00001 - SERVICIOS DE ATENCION PSQIQUIATRICA, DIR. DE GESTION DE SERVICIOS",CIUDAD DE MÉXICO
720,AA-50-GYR-050GYR037-T-220-2023,INTERNACIONAL BAJO LA COBERTURA DE TRATADOS,ADQUISICION DE BIENES TERAPEUTICOS,IMSS,ADJUDICADO PARCIAL,,,ADJUDICACIÓN DIRECTA,ADQUISICIONES,E-2023-00104248,050GYR037 - UMAE HOSPITAL DE ESPECIALIDADES NO. 2 DEL CMN LUIS DONALDO MURRIETA,SONORA
721,AA-08-VSS-008VSS006-N-578-2023,NACIONAL,ABARROTES NO COMESTIBLES,APB,ADJUDICADO,,,ADJUDICACIÓN DIRECTA,ADQUISICIONES,E-2023-00110147,008VSS006 - GERENCIA REGIONAL PUEBLA,PUEBLA
722,AA-50-GYR-050GYR003-T-186-2023,INTERNACIONAL BAJO LA COBERTURA DE TRATADOS,ADQUISICION DE 2 CLAVES DE MEDICAMENTO,IMSS,ADJUDICADO,,,ADJUDICACIÓN DIRECTA,ADQUISICIONES,E-2023-00087773,050GYR003 - JEFATURA DE SERVICIOS ADMINISTRATIVOS,BAJA CALIFORNIA
723,AA-08-VSS-008VSS990-N-361-2025,NACIONAL,ABARROTES COMESTIBLES,APB,ADJUDICADO,,,ADJUDICACIÓN DIRECTA,ADQUISICIONES,E-2026-00007971,008VSS990 - ALIMENTACIÓN PARA EL BIENESTAR - UNIDAD OPERATIVA HIDALGO ABASTO,HIDALGO
724,AA-48-L9Y-048L9Y001-N-349-2023,NACIONAL,"ADQUISICIÓN DE REFACCIÓN PARA SISTEMA DE GRABACIÓN, EN CINETECA NACIONAL MÉXICO",FICINE,ADJUDICADO,,,ADJUDICACIÓN DIRECTA,ADQUISICIONES,E-2023-00101552,048L9Y001 - DIRECCION DE ADMINISTRACION Y FINANZAS,CIUDAD DE MÉXICO
725,AA-08-VSS-008VSS990-N-540-2023,NACIONAL,ABARROTES COMESTIBLES,APB,ADJUDICADO,,,ADJUDICACIÓN DIRECTA,ADQUISICIONES,E-2023-00106119,"008VSS990 - GERENCIA REGIONAL HIDALGO, SUBGERENCIA DE ABASTO",HIDALGO
726,AA-48-D00-048D00001-N-723-2023,NACIONAL,SERVICIO TÉCNICO DE APOYO ADMINISTRATIVO PARA EL RESARCIMIENTO DE DAÑOS DE LOS B,INAH,ADJUDICADO,,,ADJUDICACIÓN DIRECTA,SERVICIOS,E-2023-00105522,048D00001 - COORDINACION NACIONAL DE RECURSOS MATERIALES Y SERVICIOS,CIUDAD DE MÉXICO
727,AA-11-MAX-011MAX001-N-204-2023,NACIONAL,SERIVICIO DE MAQUILA,IEPSA,ADJUDICADO,,,ADJUDICACIÓN DIRECTA,SERVICIOS,E-2023-00104809,011MAX001 - SUBGERENCIA DE ADQUISICIONES Y CONTRATACION DE SERVICIOS,CIUDAD DE MÉXICO
728,AA-08-VSS-008VSS981-N-13-2024,NACIONAL,PRODUCTOS DIVERSOS,APB,ADJUDICADO,,,ADJUDICACIÓN DIRECTA,ADQUISICIONES,E-2024-00011942,008VSS981 - DICONSA UNIDAD OPERATIVA MICHOCAN - ABASTO,MICHOACÁN DE OCAMPO
729,AA-06-HJO-006HJO001-N-153-2023,NACIONAL,"ASOCIACIÓN DE TELECOMUNICACIONES INDEPENDIENTE DE MÉXICO, A.C.",BANCODELBIENESTAR,ADJUDICADO,,,ADJUDICACIÓN DIRECTA,SERVICIOS,E-2024-00013882,006HJO001 - DIRECCIÓN DE RECURSOS MATERIALES,CIUDAD DE MÉXICO
730,AA-50-GYR-050GYR058-T-667-2023,INTERNACIONAL BAJO LA COBERTURA DE TRATADOS,T667 ADJUDICACIÓN DIRECTA DEL SERVICIO INTEGRAL DE MEDICINA NUCLEAR,IMSS,ADJUDICADO,,,ADJUDICACIÓN DIRECTA,SERVICIOS,E-2024-00007685,"050GYR058 - UMAE HOSPITAL DE ESPECIALIDADES NO. 1 CMN BAJIO, DEPARTAMENTO DE ABASTECIMIENTO",GUANAJUATO
731,AA-06-HJO-006HJO001-N-155-2023,NACIONAL,"STEREOREY MÉXICO, S.A.",BANCODELBIENESTAR,ADJUDICADO,,,ADJUDICACIÓN DIRECTA,SERVICIOS,E-2024-00014006,006HJO001 - DIRECCIÓN DE RECURSOS MATERIALES,CIUDAD DE MÉXICO
732,AA-50-GYR-050GYR118-N-6-2024,NACIONAL,ADQUISICION DE COLCHONES MATRIMONIALES PARA HOTEL METEPEC DEL CENTRO VACACIONAL,IMSS,ADJUDICADO,,,ADJUDICACIÓN DIRECTA,ADQUISICIONES,E-2024-00013572,050GYR118 - CENTRO VACACIONAL METEPEC,PUEBLA
733,AA-50-GYR-050GYR998-T-825-2025,INTERNACIONAL BAJO LA COBERTURA DE TRATADOS,ABTA25ES10190694 A.R.C.N.,IMSS,ADJUDICADO,,,ADJUDICACIÓN DIRECTA,SERVICIOS,E-2025-00100339,"050GYR998 - UMAE, HOSPITAL DE ESPECIALIDADES, C.M.N. SIGLO XXI",CIUDAD DE MÉXICO
734,AA-08-VSS-008VSS983-N-247-2025,NACIONAL,ABARROTES COMESTIBLES,APB,ADJUDICADO,,,ADJUDICACIÓN DIRECTA,ADQUISICIONES,E-2025-00096277,008VSS983 - DIRECCIÓN DE COMERCIALIZACIÓN,MÉXICO
735,AA-13-J4V-013J4V001-N-65-2023,NACIONAL,ENLACE DE MANTENIMIENTO INFORMÁTICO,FIDENA,ADJUDICADO,,,ADJUDICACIÓN DIRECTA,SERVICIOS,E-2023-00077034,013J4V001 - DIRECCION DE ADMINISTRACION Y FINANZAS,CIUDAD DE MÉXICO
736,AA-12-NCH-012NCH001-I-94-2023,INTERNACIONAL ABIERTO,"ADQUISICIÓN DE REACTIVOS BIOSS, BD, ABNOVA, PROMOCELL E IBIDI",INMEGEN,ADJUDICADO,,,ADJUDICACIÓN DIRECTA,ADQUISICIONES,E-2023-00075303,012NCH001 - DIRECCION GENERAL,CIUDAD DE MÉXICO
737,AA-06-A00-006A00997-N-3222-2023,NACIONAL,03-23-134 SERVICIOS PROFESIONALES PARA LA ELABORACION DEL AVALUO,INDAABIN,ADJUDICADO,,,ADJUDICACIÓN DIRECTA,SERVICIOS,E-2023-00076167,006A00997 - DIRECCIÓN GENERAL DE AVALÚOS Y OBRAS,CIUDAD DE MÉXICO
738,AA-25-C00-025C00001-N-32-2023,NACIONAL,"SERVICIO DE IMPRESIÓN, SUMINISTRO Y COLOCACIÓN DE BACK.",AEFCM,ADJUDICADO,,,ADJUDICACIÓN DIRECTA,SERVICIOS,E-2023-00074756,"025C00001 - UNIDAD DE ADMINISTRACION Y FINANZAS, DIRECCION DE RECURSOS MATERIALES Y SERVICIOS",CIUDAD DE MÉXICO
739,AA-85-W83-926014991-N-38-2025,NACIONAL,SUSCRIPCIÓN ANUAL DE SERVICIO PARA ACCESOS DE LIBROS ELECTRÓNICOS DE BIBLIOTECA,ITSON,ADJUDICADO,,,ADJUDICACIÓN DIRECTA,ADQUISICIONES,E-2025-00016321,926014991 - DEPARTAMENTO DE ADQUISICIONES,SONORA
740,AA-04-K00-004K00001-N-16-2025,NACIONAL,INM/ORMICH/0165/2025,INM,ADJUDICADO,,,ADJUDICACIÓN DIRECTA,SERVICIOS,E-2025-00019466,004K00001 - DIRECCIÓN GENERAL DE ADMINISTRACIÓN,CIUDAD DE MÉXICO
741,AA-13-KDH-013KDH998-N-14-2025,NACIONAL,SERVICIO INTEGRAL PARA EL MANTENIMIENTO DE ACABADOS CON  LA APLICACIÓN DE PINTUR,AICM,ADJUDICADO,,,ADJUDICACIÓN DIRECTA,SERVICIOS,E-2025-00020052,"013KDN001 - DIRECCIÓN CORPORATIVA DE ADMINISTRACIÓN, SUBDIRECCIÓN DE RECURSOS MATERIALES",CIUDAD DE MÉXICO
742,AA-11-B00-011B00001-N-721-2025,NACIONAL,CONTRATACIÓN PARA LA PRESTACIÓN DE SERVICIOS PROFESIONALES DESS,IPN,ADJUDICADO,,,ADJUDICACIÓN DIRECTA,SERVICIOS,E-2025-00018479,011B00001 - DIRECCION DE RECURSOS MATERIALES E INFRAESTRUCTURA,CIUDAD DE MÉXICO
743,AA-11-B00-011B00001-N-1099-2025,NACIONAL,PRESTACION DE SERVICIOS PROFESIONALES ESCA TEP,IPN,ADJUDICADO,,,ADJUDICACIÓN DIRECTA,SERVICIOS,E-2025-00023700,011B00001 - DIRECCION DE RECURSOS MATERIALES E INFRAESTRUCTURA,CIUDAD DE MÉXICO
744,AA-11-B00-011B00001-N-765-2025,NACIONAL,"PRESTACIÓN DE SERVICIOS PROFESIONALES EN LA SECRETARÍA GENERAL DEL IPN, CORRESPO",IPN,ADJUDICADO,,,ADJUDICACIÓN DIRECTA,SERVICIOS,E-2025-00022664,011B00001 - DIRECCION DE RECURSOS MATERIALES E INFRAESTRUCTURA,CIUDAD DE MÉXICO
745,AA-13-J4V-013J4V001-N-141-2025,NACIONAL,AUXILIAR DE PEDAGOGÍA ESCOLAR,FIDENA,ADJUDICADO,,,ADJUDICACIÓN DIRECTA,SERVICIOS,E-2025-00025104,013J4V001 - DIRECCION DE ADMINISTRACION Y FINANZAS,CIUDAD DE MÉXICO
746,AA-11-B00-011B00001-N-897-2025,NACIONAL,PRESTACIÒN DE SERVICIOS PROFESIONALES ESCA ST,IPN,ADJUDICADO,,,ADJUDICACIÓN DIRECTA,SERVICIOS,E-2025-00020705,011B00001 - DIRECCION DE RECURSOS MATERIALES E INFRAESTRUCTURA,CIUDAD DE MÉXICO
747,AA-50-GYR-050GYR010-N-126-2025,NACIONAL,AA-50-GYR-050GYR010-N-126-2025 SERVICIO DE MANTENIMIENTO PREVENTIVO Y CORRECTIVO,IMSS,ADJUDICADO,,,ADJUDICACIÓN DIRECTA,SERVICIOS,E-2025-00095130,050GYR010 - COORDINACION DE ABASTECIMIENTO Y EQUIPAMIENTO,DURANGO
748,AA-04-E2D-004E2D001-N-420-2024,NACIONAL,INSUMOS PARA LA PRODUCCION,TGM,ADJUDICADO,,,ADJUDICACIÓN DIRECTA,ADQUISICIONES,E-2025-00010087,004E2D001 - GERENCIA DE ABASTECIMIENTOS,CIUDAD DE MÉXICO
749,AA-08-VSS-008VSS981-N-248-2024,NACIONAL,ACEITE COMESTIBLE,APB,ADJUDICADO,,,ADJUDICACIÓN DIRECTA,ADQUISICIONES,E-2024-00089050,008VSS981 - DICONSA UNIDAD OPERATIVA MICHOCAN - ABASTO,MICHOACÁN DE OCAMPO
750,AA-48-410-048410003-N-976-2025,NACIONAL,PRESTACIÓN  DE  SERVICIOS  ARTÍSTICOS,CULTURA,ADJUDICADO,,,ADJUDICACIÓN DIRECTA,SERVICIOS,E-2025-00035890,048410003 - DEPARTAMENTO DE COMITE,CIUDAD DE MÉXICO
751,AA-08-VSS-008VSS990-N-98-2025,NACIONAL,ABARROTES COMESTIBLES,APB,ADJUDICADO,,,ADJUDICACIÓN DIRECTA,ADQUISICIONES,E-2025-00035000,008VSS990 - GERENCIA REGIONAL CENTRO HIDALGO,HIDALGO
752,AA-04-E2D-004E2D001-N-87-2025,NACIONAL,PAPEL EXTENDIDO,TGM,ADJUDICADO,,,ADJUDICACIÓN DIRECTA,ADQUISICIONES,E-2025-00036126,004E2D001 - GERENCIA DE ABASTECIMIENTOS,CIUDAD DE MÉXICO
753,AA-12-NDY-012NDY001-N-126-2025,NACIONAL,ACOMPAÑAMIENTO A LAS BENEFICIARIAS DEL GRUPO QUE RECIBE ESTRATEGIA EDUCATIVA,INSP,ADJUDICADO,,,ADJUDICACIÓN DIRECTA,SERVICIOS,E-2025-00037601,012NDY001 - DEPARTAMENTO DE SERVICIOS GENERALES Y MANTENIMIENTO,MORELOS
754,AA-15-412-015000999-N-332-2025,NACIONAL,PRESTADOR DE SERVICIOS,SEDATU,ADJUDICADO,,,ADJUDICACIÓN DIRECTA,SERVICIOS,E-2025-00018992,015000999 - DIRECCION GENERAL DE RECURSOS MATERIALES Y SERVICIOS GENERALES,CIUDAD DE MÉXICO
755,AA-21-W3S-021W3S002-N-4-2025,NACIONAL,ADQUISICIONES DE VEHÍCULOS DE TRANSPORTE Y CARGA,FONATUR-INFRAESTRUCTURA,ADJUDICADO,,,ADJUDICACIÓN DIRECTA,ADQUISICIONES,E-2025-00019274,"021W3S002 - GERENCIA CENTRAL, SUBGERENCIA DE ADQUISICIONES",CIUDAD DE MÉXICO
756,AA-08-VSS-008VSS972-N-52-2025,NACIONAL,ABARROTES NO COMESTIBLES,APB,ADJUDICADO,,,ADJUDICACIÓN DIRECTA,ADQUISICIONES,E-2025-00016544,008VSS972 - UNIDAD OPERATIVA ACAYUCAN,VERACRUZ
757,AA-11-L4J-011L4J990-N-1-2025,NACIONAL,AGENCOURT AMPURE XP 60ML MARCA BECKMAN COULTER,CINVESTAV,ADJUDICADO,,,ADJUDICACIÓN DIRECTA,ADQUISICIONES,E-2025-00020220,011L4J990 - UNIDAD DE GENOMICA AVANZADA,GUANAJUATO
758,AA-47-MDL-047MDL998-N-64-2025,NACIONAL,SERVICIOS PROFESIONALES INDEPENDIENTES,IMER,ADJUDICADO,,,ADJUDICACIÓN DIRECTA,SERVICIOS,E-2025-00019353,"047MDL998 - DIRECCION DE ADMINISTRACION Y FINANZAS, SUBDIRECCION DE ADMINISTRACION",CIUDAD DE MÉXICO
759,AA-11-L4J-011L4J995-N-16-2024,NACIONAL,SERVICIO Y REPARACION A MAQUINA DE HIELO,CINVESTAV,ADJUDICADO,,,ADJUDICACIÓN DIRECTA,SERVICIOS,E-2024-00008550,011L4J995 - SUBDIRECCION DE RECURSOS MATERIALES,CIUDAD DE MÉXICO
760,AA-12-NBV-012NBV001-N-65-2024,NACIONAL,REGISTRO NACIONAL DE CANCER,INCAN,ADJUDICADO,,,ADJUDICACIÓN DIRECTA,SERVICIOS,E-2024-00009435,012NBV001 - DIRECCION DE ADMINISTRACION,CIUDAD DE MÉXICO
761,AA-38-90Q-03890Q010-N-9-2024,NACIONAL,VALES ELECTRÓNICOS DE DESPENSA MENSUALES 2024,CICY,ADJUDICADO,,,ADJUDICACIÓN DIRECTA,SERVICIOS,E-2024-00006502,03890Q010 - DIRECCION ADMINISTRATIVA,YUCATÁN
762,AA-11-B00-011B00001-N-338-2024,NACIONAL,ESIQIE-PSP-085-2024,IPN,ADJUDICADO,,,ADJUDICACIÓN DIRECTA,SERVICIOS,E-2024-00013792,011B00001 - DIRECCION DE RECURSOS MATERIALES E INFRAESTRUCTURA,CIUDAD DE MÉXICO
763,AA-48-MDC-048MDC001-N-191-2024,NACIONAL,SERVICIOS PROFESIONALES,IMCINE,ADJUDICADO,,,ADJUDICACIÓN DIRECTA,SERVICIOS,E-2024-00015885,048MDC001 - DIRECCION DE ADMINISTRACION Y FINANZAS,CIUDAD DE MÉXICO
764,AA-11-B00-011B00001-N-841-2025,NACIONAL,POLIZA DE SEGURO,IPN,ADJUDICADO,,,ADJUDICACIÓN DIRECTA,SERVICIOS,E-2025-00023152,011B00001 - DIRECCION DE RECURSOS MATERIALES E INFRAESTRUCTURA,CIUDAD DE MÉXICO
765,AA-20-126-020000023-N-12-2025,NACIONAL,CONTRATO CERRADO PARA LA PRESTACIÓN DEL SERVICIO DE IMPRESION Y ELABORACION DE M,BIENESTAR,ADJUDICADO,,,ADJUDICACIÓN DIRECTA,SERVICIOS,E-2025-00022171,020000023 - DELEGACION DE PROGRAMAS PARA EL DESARROLLO COLIMA,COLIMA
766,AA-11-B00-011B00001-N-820-2025,NACIONAL,CERTIFICACIÓN ISO9001,IPN,ADJUDICADO,,,ADJUDICACIÓN DIRECTA,SERVICIOS,E-2025-00023392,011B00001 - DIRECCION DE RECURSOS MATERIALES E INFRAESTRUCTURA,CIUDAD DE MÉXICO
767,AA-11-B00-011B00001-N-785-2025,NACIONAL,"PRESTACIÓN DE SERVICIOS PROFESIONALES EN LA SECRETARÍA GENERAL DEL IPN, CORRESPO",IPN,ADJUDICADO,,,ADJUDICACIÓN DIRECTA,SERVICIOS,E-2025-00022705,011B00001 - DIRECCION DE RECURSOS MATERIALES E INFRAESTRUCTURA,CIUDAD DE MÉXICO
768,AA-11-MAX-011MAX001-N-193-2024,NACIONAL,ADQUISICIÓN DE PAPEL,IEPSA,ADJUDICADO,,,ADJUDICACIÓN DIRECTA,ADQUISICIONES,E-2024-00085669,011MAX001 - SUBGERENCIA DE ADQUISICIONES Y CONTRATACION DE SERVICIOS,CIUDAD DE MÉXICO
769,AA-32-412-032000001-N-311-2024,NACIONAL,ADQUISICIÓN DE MOBILIARIO Y EQUIPO DE ADMINISTRACIÓN,TFJA,ADJUDICADO,,,ADJUDICACIÓN DIRECTA,ADQUISICIONES,E-2024-00114718,032000001 - DIRECCION GENERAL DE RECURSOS MATERIALES Y SERVICIOS GENERALES,CIUDAD DE MÉXICO
770,AA-51-GYN-051GYN016-N-188-2024,NACIONAL,SERVICIO MEDICO DE LABORATORIO DE FISIOLOGIA PULMONAR,ISSSTE,ADJUDICADO,,,ADJUDICACIÓN DIRECTA,SERVICIOS,E-2024-00115457,051GYN016 - HOSPITAL REGIONAL MERIDA,YUCATÁN
771,AA-08-VSS-008VSS990-N-347-2024,NACIONAL,ABARROTES COMESTIBLES,APB,ADJUDICADO,,,ADJUDICACIÓN DIRECTA,ADQUISICIONES,E-2024-00093657,"008VSS990 - GERENCIA REGIONAL HIDALGO, SUBGERENCIA DE ABASTO",HIDALGO
772,AA-50-GYR-050GYR033-T-263-2024,INTERNACIONAL BAJO LA COBERTURA DE TRATADOS,SERVICIO DE MINIMA INVASION ADJ-2024-11,IMSS,ADJUDICADO,,,ADJUDICACIÓN DIRECTA,SERVICIOS,E-2024-00114924,050GYR033 - DEPARTAMENTO DE ADQUISICION DE BIENES Y CONTRATACION DE SERVICIOS,MICHOACÁN DE OCAMPO
773,AA-15-412-015000999-N-1797-2024,NACIONAL,PRESTADOR DE SERVICIOS,SEDATU,ADJUDICADO,,,ADJUDICACIÓN DIRECTA,SERVICIOS,E-2024-00115107,015000999 - DIRECCION GENERAL DE RECURSOS MATERIALES Y SERVICIOS GENERALES,CIUDAD DE MÉXICO
774,AA-08-VSS-008VSS976-N-672-2024,NACIONAL,AZUCAR ESTANDAR ENVASADA,APB,ADJUDICADO,,,ADJUDICACIÓN DIRECTA,ADQUISICIONES,E-2024-00114980,"008VSS976 - UNIDAD OPERATIVA MIXTECA, ABASTO",OAXACA
775,AO-87-Y06-928042994-N-8-2023,NACIONAL,ELABORACIÓN DE PROYECTO EJECUTIVO ESTRUCTURAL PARA RECONSTRUCCIÓN DE ÁREAS QUE R,ITAVU,ADJUDICADO,,,ADJUDICACIÓN DIRECTA,SERVICIOS RELACIONADOS CON LA OBRA,E-2023-00058816,928042994 - DIRECCIÓN DE PROGRAMAS DE SUELOS Y VIVIENDA,TAMAULIPAS
776,AA-08-VSS-008VSS986-N-181-2023,NACIONAL,ABARROTES NO COMESTIBLES,APB,ADJUDICADO,,,ADJUDICACIÓN DIRECTA,ADQUISICIONES,E-2023-00060078,008VSS986 - SUBGERENCIA DE U.O. SONORA ABASTO,SONORA
777,AA-11-MAX-011MAX001-I-622-2024,INTERNACIONAL ABIERTO,ARTICULOS PROMOCIONALES,IEPSA,ADJUDICADO,,,ADJUDICACIÓN DIRECTA,ADQUISICIONES,E-2024-00109236,011MAX001 - SUBGERENCIA DE ADQUISICIONES Y CONTRATACION DE SERVICIOS,CIUDAD DE MÉXICO
778,AA-47-AYL-006AYL998-N-173-2025,NACIONAL,SERVICIO DE MONITOREO DE FUENTES ABIERTAS EN REDES SOCIALES DIGITALES PARA LA EL,SPR,ADJUDICADO,,,ADJUDICACIÓN DIRECTA,SERVICIOS,E-2025-00001383,006AYL998 - UNIDAD DE ADMINISTRACIÓN Y FINANZAS,CIUDAD DE MÉXICO
779,AA-47-AYO-047AYO936-N-11-2025,NACIONAL,"SERVICIO MEDICO INTEGRAL DE CIRUGIA MAXILOFACIAL, TRAUMATOLOGIA Y OSTEOSINTESIS",IMSS-BIENESTAR,ADJUDICADO,,,ADJUDICACIÓN DIRECTA,SERVICIOS,E-2025-00008606,"056AYO936 - HOSPITAL REGIONAL DE ALTA ESPECIALIDAD DE CIUDAD VICTORIA ""BICENTENARIO 2010"", DIRECCIÓN DE ADMINISTRACIÓN Y FINANZAS, SUBDIRECCIÓN DE RECURSOS MATERIALES",TAMAULIPAS
780,AA-06-A00-006A00997-N-4000-2023,NACIONAL,01-22-1399   SERVICIOS PROFESIONALES PARA LA ELABORACIÓN DEL AVALÚO,INDAABIN,ADJUDICADO,,,ADJUDICACIÓN DIRECTA,SERVICIOS,E-2023-00089632,006A00997 - DIRECCIÓN GENERAL DE AVALÚOS Y OBRAS,CIUDAD DE MÉXICO
781,AA-11-B00-011B00001-N-4740-2023,NACIONAL,ESFM-2023-RF-038-MARF,IPN,ADJUDICADO,,,ADJUDICACIÓN DIRECTA,SERVICIOS,E-2023-00090182,011B00001 - DIRECCION DE RECURSOS MATERIALES E INFRAESTRUCTURA,CIUDAD DE MÉXICO
782,AA-12-NAW-012NAW001-N-666-2023,NACIONAL,ADQUISICION TUBO SISTEMA PARA TOMA Y RECOLLECCION DE SANGRE,HJM,ADJUDICADO,,,ADJUDICACIÓN DIRECTA,ADQUISICIONES,E-2023-00089734,012NAW001 - DIRECCION DE ADMINISTRACION,CIUDAD DE MÉXICO
783,AA-51-GYN-051GYN024-N-128-2023,NACIONAL,MATERIAL DE CURACION,ISSSTE,ADJUDICADO,,,ADJUDICACIÓN DIRECTA,ADQUISICIONES,E-2023-00089418,051GYN024 - COORDINACION DE RECURSOS MATERIALES,SINALOA
784,AA-06-A00-006A00997-N-4011-2023,NACIONAL,01-22-1537   SERVICIOS PROFESIONALES PARA LA ELABORACIÓN DEL AVALÚO,INDAABIN,ADJUDICADO,,,ADJUDICACIÓN DIRECTA,SERVICIOS,E-2023-00090054,006A00997 - DIRECCIÓN GENERAL DE AVALÚOS Y OBRAS,CIUDAD DE MÉXICO
785,AA-48-410-048410003-N-281-2023,NACIONAL,SERVICIOS PROFESIONALES PARA COADYUVAR EN  LOS PROCESOS DE RECURSOS HUMANOS,CULTURA,ADJUDICADO,,,ADJUDICACIÓN DIRECTA,SERVICIOS,E-2023-00008936,048410003 - DEPARTAMENTO DE COMITE,CIUDAD DE MÉXICO
786,AA-15-412-015000999-N-1287-2023,NACIONAL,PRESTADOR DE SERVICIOS,SEDATU,ADJUDICADO,,,ADJUDICACIÓN DIRECTA,SERVICIOS,E-2023-00073631,015000999 - DIRECCION GENERAL DE RECURSOS MATERIALES Y SERVICIOS GENERALES,CIUDAD DE MÉXICO
787,AA-08-VSS-008VSS013-N-286-2023,NACIONAL,ABARROTERS COMESTIBLES,APB,ADJUDICADO,,,ADJUDICACIÓN DIRECTA,ADQUISICIONES,E-2023-00071795,008VSS013 - GERENCIA REGIONAL OAXACA,OAXACA
788,AA-86-X75-927006974-N-87-2023,NACIONAL,56401.-SISTEMA DE AIRE ACONDICIONADO Y DE REFRIGERACION COMERCIAL E INDUSTRIAL,SSALUDTAB,ADJUDICADO,,,ADJUDICACIÓN DIRECTA,ADQUISICIONES,E-2023-00071496,927006974 - SUBDIRECCIÓN DE RECURSOS MATERIALES Y SERVICIOS GENERALES,TABASCO
789,AA-11-L4J-011L4J999-N-324-2023,NACIONAL,ADQUISICIÓN DE MATERIAL DE PAPELERIA EN APEGO A CONTRATO MARCO VIGENTE,CINVESTAV,ADJUDICADO,,,ADJUDICACIÓN DIRECTA,ADQUISICIONES,E-2023-00071609,011L4J999 - SUBDIRECCION DE RECURSOS MATERIALES,CIUDAD DE MÉXICO
790,AA-06-A00-006A00997-N-3025-2023,NACIONAL,04-23-344 SERVICIOS PROFESIONALES PARA LA ELABORACIÓN  DE AVALÚOS,INDAABIN,ADJUDICADO,,,ADJUDICACIÓN DIRECTA,SERVICIOS,E-2023-00073287,006A00997 - DIRECCIÓN GENERAL DE AVALÚOS Y OBRAS,CIUDAD DE MÉXICO
791,AA-08-VSS-008VSS989-N-391-2024,NACIONAL,AZUCAR ESTANDAR ENVASADA,APB,ADJUDICADO,,,ADJUDICACIÓN DIRECTA,ADQUISICIONES,E-2024-00116667,008VSS989 - SUCURSAL CENTRO-NORTE SUBGERENCIA DE ABASTO,ZACATECAS
792,AA-50-GYR-050GYR998-T-991-2024,INTERNACIONAL BAJO LA COBERTURA DE TRATADOS,ABTA24ES04060615 C.I.C.H.,IMSS,ADJUDICADO,,,ADJUDICACIÓN DIRECTA,SERVICIOS,E-2024-00117092,"050GYR998 - UMAE, HOSPITAL DE ESPECIALIDADES, C.M.N. SIGLO XXI",CIUDAD DE MÉXICO
793,AA-08-VSS-008VSS986-N-310-2024,NACIONAL,ABARROTES COMESTIBLES,APB,ADJUDICADO,,,ADJUDICACIÓN DIRECTA,ADQUISICIONES,E-2024-00102508,008VSS986 - SUBGERENCIA DE U.O. SONORA ABASTO,SONORA
794,AA-08-VSS-008VSS996-N-435-2024,NACIONAL,ABARROTES COMESTIBLES,APB,ADJUDICADO,,,ADJUDICACIÓN DIRECTA,ADQUISICIONES,E-2024-00100224,008VSS996 - SUBGERENCIA DE U.O.TUXTLA ABASTO,CHIAPAS
795,AA-11-B00-011B00001-N-5459-2024,NACIONAL,PRESTACION DE SERVICIOS PROFESIONALES ESIQIE-PSP-892-2024,IPN,ADJUDICADO,,,ADJUDICACIÓN DIRECTA,SERVICIOS,E-2024-00084253,011B00001 - DIRECCION DE RECURSOS MATERIALES E INFRAESTRUCTURA,CIUDAD DE MÉXICO
796,AA-08-VSS-008VSS979-N-294-2023,NACIONAL,PRODUCTOS DIVERSOS,APB,ADJUDICADO,,,ADJUDICACIÓN DIRECTA,ADQUISICIONES,E-2023-00069571,"008VSS979 - UNIDAD OPERATIVA DURANGO, ABASTO",DURANGO
797,AA-51-GYN-051GYN005-N-98-2023,NACIONAL,CONTRATACIÓN DEL SERVICIO DE PRESTACIONES ARTÍSTICO CULTURALES,ISSSTE,ADJUDICADO,,,ADJUDICACIÓN DIRECTA,SERVICIOS,E-2023-00069386,051GYN005 - SUBDIRECCION DE RECURSOS MATERIALES Y SERVICIOS,CIUDAD DE MÉXICO
798,AA-16-B00-016B00013-N-41-2023,NACIONAL,SERVICIO DE MANTENIMIENTO CORRECTIVO Y PREVENTIVO DEL EQUIPO DE LABORATORIO,CONAGUA,ADJUDICADO,,,ADJUDICACIÓN DIRECTA,SERVICIOS,E-2023-00069172,"016B00013 - ORGANISMO DE CUENCA AGUAS DEL VALLE DE MEXICO, DIRECCION DE ADMINISTRACION",CIUDAD DE MÉXICO
799,AA-06-A00-006A00997-N-2564-2023,NACIONAL,04-22-1976 SERVICIOS PROFESIONALES PARA LA ELABORACIÓN  DE AVALÚOS,INDAABIN,ADJUDICADO,,,ADJUDICACIÓN DIRECTA,SERVICIOS,E-2023-00068639,006A00997 - DIRECCIÓN GENERAL DE AVALÚOS Y OBRAS,CIUDAD DE MÉXICO
800,AA-08-VSS-008VSS983-N-31-2026,NACIONAL,ABARROTES COMESTIBLES,APB,ADJUDICADO,,,ADJUDICACIÓN DIRECTA,ADQUISICIONES,E-2026-00000978,008VSS983 - DIRECCIÓN DE COMERCIALIZACIÓN,MÉXICO
801,AA-47-AYO-047AYO954-I-42-2026,INTERNACIONAL ABIERTO,ADQUISICIÓN DE BIENES PARA EL PROYECTO DE INVERSIÓN DENOMINADO SUSTITUCIÓN DE LA,IMSS-BIENESTAR,ADJUDICADO,,,ADJUDICACIÓN DIRECTA,ADQUISICIONES,E-2026-00002222,056AYO954 - COORDINACIÓN DE RECURSOS MATERIALES,CIUDAD DE MÉXICO
802,AA-47-AYO-047AYO943-N-7-2026,NACIONAL,SERVICIO MÉDICO SUBROGADO PARA CIRUGIA CARDIOVASCULAR,IMSS-BIENESTAR,ADJUDICADO,,,ADJUDICACIÓN DIRECTA,SERVICIOS,E-2025-00122387,"056AYO943 - COORDINACIÓN ESTATAL TLAXCALA, JEFATURA DE SERVICIOS DE ADMINISTRACIÓN Y FINANZAS",TLAXCALA
803,AA-11-B00-011B00001-N-222-2023,NACIONAL,PRESTACION DE SERVICIOS PROFESIONALES QUE REQUIERE LA ENCB,IPN,ADJUDICADO PARCIAL,,,ADJUDICACIÓN DIRECTA,SERVICIOS,E-2023-00009406,011B00001 - DIRECCION DE RECURSOS MATERIALES E INFRAESTRUCTURA,CIUDAD DE MÉXICO
804,AA-11-L4J-011L4J998-N-19-2023,NACIONAL,"GNWPO2500 MILLIPORE MEMBRANA DE NYLON, HIDROFILA; 0,2 UM, 25 MM BLANCA, SUPERFIC",CINVESTAV,ADJUDICADO,,,ADJUDICACIÓN DIRECTA,ADQUISICIONES,E-2023-00009675,011L4J998 - DEPARTAMENTO DE ADQUISICIONES EN IRAPUATO,GUANAJUATO
805,AA-48-410-048410003-N-345-2023,NACIONAL,"SERVICIOS PROFESIONALES CONSISTENTES EN COADYUVAR EN LA INTEGRACIÓN, REVISIÓN",CULTURA,ADJUDICADO,,,ADJUDICACIÓN DIRECTA,SERVICIOS,E-2023-00009538,048410003 - DEPARTAMENTO DE COMITE,CIUDAD DE MÉXICO
806,AA-16-RHQ-016RHQ001-N-125-2023,NACIONAL,PROVEEDOR DE SERVICIOS PROFESIONALES,CONAFOR,ADJUDICADO,,,ADJUDICACIÓN DIRECTA,SERVICIOS,E-2023-00008420,"016RHQ001 - GERENCIA DE RECURSOS MATERIALES, UNIDAD DE ADMINISTRACION Y FINANZAS",JALISCO
807,AA-13-312-013000999-N-64-2024,NACIONAL,NAC 13-0050/24 REQ 3 UNOGP002 PREND.PROTEC.SEGURD.PUBL.NAC.,SEMAR,ADJUDICADO,,,ADJUDICACIÓN DIRECTA,ADQUISICIONES,E-2024-00015962,013000999 - DIRECCION GENERAL ADJUNTA DE ADQUISICIONES,CIUDAD DE MÉXICO
808,AA-27-514-027000002-N-94-2024,NACIONAL,"SERVICIOS DE INSPECCIÓN, CONTROL Y VIGILANCIA UACP",SABG,ADJUDICADO,,,ADJUDICACIÓN DIRECTA,SERVICIOS,E-2024-00015477,027000002 - DIRECCION GENERAL DE RECURSOS MATERIALES Y SERVICIOS GENERALES,CIUDAD DE MÉXICO
809,AA-08-VSS-008VSS977-N-335-2023,NACIONAL,ABARROTES COMESTIBLES,APB,ADJUDICADO,,,ADJUDICACIÓN DIRECTA,ADQUISICIONES,E-2023-00108616,"008VSS977 - UNIDAD OPERATIVA NAYARIT, ABASTO",NAYARIT
810,AA-13-J3B-013J3B001-N-161-2023,NACIONAL,CONTRATO DE SERVICIO DE ARRENDAMIENTO DE MOBILIARIO PARA LA ADMINISTRACION,	ASIPONA-MANZANILLO,ADJUDICADO,,,ADJUDICACIÓN DIRECTA,SERVICIOS,E-2023-00101134,013J3B001 - MANZANILLO-GERENCIA DE ADMINISTRACION Y FINANZAS,COLIMA
811,AA-08-VSS-008VSS974-N-31-2023,NACIONAL,CREMA BLANCA REAL,APB,ADJUDICADO,,,ADJUDICACIÓN DIRECTA,ADQUISICIONES,E-2023-00110648,008VSS974 - UNIDAD OPERATIVA COAHUILA,COAHUILA DE ZARAGOZA
812,AA-08-VSS-008VSS018-N-378-2023,NACIONAL,HARINA DE MAIZ VITAMINADA,APB,ADJUDICADO,,,ADJUDICACIÓN DIRECTA,ADQUISICIONES,E-2023-00110355,008VSS018 - SUBGERENCIA DE UNIDAD OPERATIVA TAPACHULA,CHIAPAS
813,AA-51-GYN-051GYN032-N-176-2023,NACIONAL,SERVICIO Y MANTENIMIENTO A EQUIPOS DE REFRIGERACIÓN,ISSSTE,ADJUDICADO,,,ADJUDICACIÓN DIRECTA,SERVICIOS,E-2023-00109199,"051GYN032 - HOSPITAL REGIONAL PUEBLA, COORDINACION DE RECURSOS MATERIALES",PUEBLA
814,AA-48-410-048410003-N-934-2026,NACIONAL,"SERVICIOS PROFESIONALES CONSISTENTES EN APOYOS TÉCNICOS EN ILUMINACIÓN, MONTAJE",CULTURA,ADJUDICADO,,,ADJUDICACIÓN DIRECTA,SERVICIOS,E-2026-00029929,048410003 - DEPARTAMENTO DE COMITE,CIUDAD DE MÉXICO
815,AA-13-312-013000999-N-142-2024,NACIONAL,NAC 13-0114/24 REQ 226 AERO022 REFACCIONES Y ACCESORIOS MENORES DE EQUIPO DE TRA,SEMAR,ADJUDICADO,,,ADJUDICACIÓN DIRECTA,ADQUISICIONES,E-2024-00024152,013000999 - DIRECCION GENERAL ADJUNTA DE ADQUISICIONES,CIUDAD DE MÉXICO
816,AA-12-NCZ-012NCZ001-N-114-2024,NACIONAL,"ADQUISICIÓN DEL MEDICAMENTO DENOMINADO BUROSUMAB, SOLUCIÓN INYECTABLE",INP,ADJUDICADO,,,ADJUDICACIÓN DIRECTA,ADQUISICIONES,E-2024-00023504,012NCZ001 - DIRECCION DE ADMINISTRACION,CIUDAD DE MÉXICO
817,AA-47-MDL-047MDL998-N-211-2024,NACIONAL,SERVICIOS PROFESIONALES INDEPENDIENTES,IMER,ADJUDICADO,,,ADJUDICACIÓN DIRECTA,SERVICIOS,E-2024-00025285,"047MDL998 - DIRECCION DE ADMINISTRACION Y FINANZAS, SUBDIRECCION DE ADMINISTRACION",CIUDAD DE MÉXICO
818,AA-50-GYR-050GYR003-T-40-2024,INTERNACIONAL BAJO LA COBERTURA DE TRATADOS,ADQUISICION DE  MEDICAMENTO,IMSS,ADJUDICADO PARCIAL,,,ADJUDICACIÓN DIRECTA,ADQUISICIONES,E-2024-00026795,050GYR003 - JEFATURA DE SERVICIOS ADMINISTRATIVOS,BAJA CALIFORNIA
819,AA-08-VSS-008VSS013-N-31-2023,NACIONAL,GALLETAS DIVERSAS,APB,ADJUDICADO,,,ADJUDICACIÓN DIRECTA,ADQUISICIONES,E-2023-00053600,008VSS013 - GERENCIA REGIONAL OAXACA,OAXACA
820,AA-50-GYR-050GYR998-T-309-2023,INTERNACIONAL BAJO LA COBERTURA DE TRATADOS,ABTA2337ES04060236 H.G.G.,IMSS,ADJUDICADO,,,ADJUDICACIÓN DIRECTA,SERVICIOS,E-2023-00053249,"050GYR998 - UMAE, HOSPITAL DE ESPECIALIDADES, C.M.N. SIGLO XXI",CIUDAD DE MÉXICO
821,AA-15-412-015000999-N-1013-2023,NACIONAL,PRESTADOR DE SERVICIOS,SEDATU,ADJUDICADO,,,ADJUDICACIÓN DIRECTA,SERVICIOS,E-2023-00053484,015000999 - DIRECCION GENERAL DE RECURSOS MATERIALES Y SERVICIOS GENERALES,CIUDAD DE MÉXICO
822,AA-08-VSS-008VSS999-N-16-2023,NACIONAL,ABARROTES COMESTIBLES,APB,ADJUDICADO,,,ADJUDICACIÓN DIRECTA,ADQUISICIONES,E-2023-00054069,008VSS999 - SUBGERENCIA DE LA UNIDAD OPERATIVA NUEVO LEÓN,NUEVO LEÓN
823,AA-06-G0N-006G0N001-N-36-2024,NACIONAL,"SERVICIOS DE MANTENIMIENTO, ACTUALIZACIÓN Y SOPORTE TÉCNICO DE TIBCO WEBFOCUS",BANCOMEXT,ADJUDICADO,,,ADJUDICACIÓN DIRECTA,SERVICIOS,E-2024-00063638,006G0N001 - SUBDIRECCIÓN DE ADQUISICIONES DE BIENES MUEBLES Y SERVICIOS,CIUDAD DE MÉXICO
824,AA-12-NBV-012NBV001-N-373-2024,NACIONAL,ADQUISICIÓN DE RADIOFARMACOS PARA LA REALIZACIÓN DE ESTUDIOS PET 2024,INCAN,ADJUDICADO,,,ADJUDICACIÓN DIRECTA,ADQUISICIONES,E-2024-00066597,012NBV001 - DIRECCION DE ADMINISTRACION,CIUDAD DE MÉXICO
825,AA-47-AYO-047AYO945-N-22-2024,NACIONAL,SERVICIO DE MANTENIMIENTO PREVENTIVO Y CORRECTIVO AL EQUIPO DE BRAQUITERAPIA DEL,IMSS-BIENESTAR,ADJUDICADO,,,ADJUDICACIÓN DIRECTA,SERVICIOS,E-2024-00066455,"056AYO945 - HOSPITAL REGIONAL DE ALTA ESPECIALIDAD DE IXTAPALUCA, SUBDIRECCIÓN DE RECURSOS MATERIALES",MÉXICO
826,AA-50-GYR-050GYR989-N-45-2024,NACIONAL,SERVICIO DE MANTENIMIENTO PREVENTIVO Y CORRECTIVO A VEHICULOS  IMSS BIENESTAR,IMSS,ADJUDICADO,,,ADJUDICACIÓN DIRECTA,SERVICIOS,E-2024-00066094,050GYR989 - DEPARTAMENTO DE CONSERVACION Y SERVICIOS GENERALES,MÉXICO
827,AA-13-312-013000999-N-736-2024,NACIONAL,NAC 13-0530/24 REQ 1019 PERSONAL007/24 MATERIALES Y UTILES DE IMPRESION Y REPROD,SEMAR,ADJUDICADO,,,ADJUDICACIÓN DIRECTA,ADQUISICIONES,E-2024-00066044,013000999 - DIRECCION GENERAL ADJUNTA DE ADQUISICIONES,CIUDAD DE MÉXICO
828,AA-50-GYR-050GYR030-N-37-2026,NACIONAL,AA-050GYR030-N-37-2026 - SERVICIO MÉDICO INTEGRAL DE PROCEDIMIENTOS DE CIRUGÍA M,IMSS,ADJUDICADO,,,ADJUDICACIÓN DIRECTA,SERVICIOS,E-2025-00116108,050GYR030 - COORDINACION DE ABASTECIMIENTO Y EQUIPAMIENTO,BAJA CALIFORNIA SUR
829,AA-04-E2D-004E2D001-N-177-2024,NACIONAL,SERVICIO DE MANTENIMIENTO,TGM,ADJUDICADO,,,ADJUDICACIÓN DIRECTA,SERVICIOS,E-2024-00022029,004E2D001 - GERENCIA DE ABASTECIMIENTOS,CIUDAD DE MÉXICO
830,AA-09-J9E-009J9E999-N-2-2024,NACIONAL,"SERVICIO DE SISTEMAS DE ALARMAS MONITOREO CEDIS, PIEDRA BOLA, GERENCIA ESTATAL Y",SEPOMEX,ADJUDICADO,,,ADJUDICACIÓN DIRECTA,SERVICIOS,E-2024-00027105,055J9E999 - DIRECCIÓN REGIONAL NORTE,SONORA
831,AA-08-VSS-008VSS998-N-554-2023,NACIONAL,ABARROTES COMESTIBLES,APB,ADJUDICADO,,,ADJUDICACIÓN DIRECTA,ADQUISICIONES,E-2023-00111642,008VSS998 - DIRECCIÓN COMERCIAL,CIUDAD DE MÉXICO
832,AA-08-VSS-008VSS974-N-143-2023,NACIONAL,HARINA DE MAIZ,APB,ADJUDICADO,,,ADJUDICACIÓN DIRECTA,ADQUISICIONES,E-2023-00113080,008VSS974 - UNIDAD OPERATIVA COAHUILA,COAHUILA DE ZARAGOZA
833,AA-15-412-015000999-N-1638-2023,NACIONAL,PRESTADOR DE SERVICIOS,SEDATU,ADJUDICADO,,,ADJUDICACIÓN DIRECTA,SERVICIOS,E-2023-00098501,015000999 - DIRECCION GENERAL DE RECURSOS MATERIALES Y SERVICIOS GENERALES,CIUDAD DE MÉXICO
834,AA-51-GYN-051GYN057-N-62-2023,NACIONAL,"MATERIALES, ACCESORIOS Y SUMINISTROS DE LABORATORIO",ISSSTE,ADJUDICADO,,,ADJUDICACIÓN DIRECTA,ADQUISICIONES,E-2023-00111781,051GYN057 - SUBDELEGACION DE ADMINISTRACION,ZACATECAS
835,AA-06-A00-006A00997-N-4805-2023,NACIONAL,02-23-216   SERVICIOS PROFESIONALES PARA LA ELABORACIÓN DE AVALÚOS,INDAABIN,ADJUDICADO,,,ADJUDICACIÓN DIRECTA,SERVICIOS,E-2023-00110759,006A00997 - DIRECCIÓN GENERAL DE AVALÚOS Y OBRAS,CIUDAD DE MÉXICO
836,AA-38-9ZU-0389ZU001-N-74-2023,NACIONAL,MATERIAL PARA ACONDICIONAMIENTO SEDE CIDESI-SANFANDILA,CIDESI,ADJUDICADO,,,ADJUDICACIÓN DIRECTA,ADQUISICIONES,E-2023-00058551,0389ZU001 - SUBDIRECCION DE RECURSOS MTERIALES Y SERVICIOS GENERALES,QUERÉTARO
837,AA-08-VSS-008VSS001-N-174-2023,NACIONAL,ARROZ G LARGO 5% ENVASADO SCHETTINO,APB,ADJUDICADO,,,ADJUDICACIÓN DIRECTA,ADQUISICIONES,E-2023-00057476,008VSS001 - GERENCIA REGIONAL SURESTE,TABASCO
838,AA-11-B01-011B01001-N-2705-2023,NACIONAL,ANALISTA POLITICO,ONCETV,ADJUDICADO,,,ADJUDICACIÓN DIRECTA,SERVICIOS,E-2023-00097201,011B01001 - DIRECCION DE ADMINISTRACION Y FINANZAS,CIUDAD DE MÉXICO
839,AA-11-B01-011B01001-N-2741-2023,NACIONAL,JEFE(A) DE POSPRODUCCIÓN DE ONCE NIÑAS Y NIÑOS,ONCETV,ADJUDICADO,,,ADJUDICACIÓN DIRECTA,SERVICIOS,E-2023-00097856,011B01001 - DIRECCION DE ADMINISTRACION Y FINANZAS,CIUDAD DE MÉXICO
840,AA-13-J2R-013J2R002-N-78-2023,NACIONAL,CAPACITACION EN REACCION Y SENSIBILIZACION DE LAS NORMAS ISO Y CURSO DE AUDITOR,ASIPONA-Ensenada,ADJUDICADO,,,ADJUDICACIÓN DIRECTA,SERVICIOS,E-2023-00097910,013J2R002 - ENSENADA-GERENCIA DE ADMINISTRACION Y FINANZAS,BAJA CALIFORNIA
841,AA-11-A00-011A00001-N-63-2023,NACIONAL,SERVICIO DE APOYO ADMINISTRATIVO Y ACTUALIZACIÓN DEL PORTAL DE LA DIRECCIÓN DE D,UPN,ADJUDICADO,,,ADJUDICACIÓN DIRECTA,SERVICIOS,E-2023-00097730,"011A00001 - SECRETARIA ADMINISTRATIVA, SUBDIRECCION DE RECURSOS MATERIALES Y SERVICIOS",CIUDAD DE MÉXICO
842,AA-87-I78-828021994-N-5-2024,NACIONAL,ADQUISICION DE TUBERIA PVC PARA ALCANTARILLADO,COMAPAMANTE,ADJUDICADO,,,ADJUDICACIÓN DIRECTA,ADQUISICIONES,E-2024-00117133,828021994 - DEPARTAMENTO DE PROYECTOS,TAMAULIPAS
843,AA-12-NCG-012NCG001-N-11-2025,NACIONAL,SERVICIO DE MANTENIMIENTO PREVENTIVO Y CORRECTIVO A EQUIPOS DE IMPRENTA PARA EL,INCMNSZ,ADJUDICADO,,,ADJUDICACIÓN DIRECTA,SERVICIOS,E-2025-00000144,012NCG001 - SUBDIRECCION DE RECURSOS MATERIALES Y SERVICIOS GENERALES,CIUDAD DE MÉXICO
844,AA-85-W83-926014991-N-148-2024,NACIONAL,ADQUISICIÓN DE MATERIAL Y REACTIVOS DE LABORATORIO,ITSON,ADJUDICADO,,,ADJUDICACIÓN DIRECTA,ADQUISICIONES,E-2024-00117110,926014991 - DEPARTAMENTO DE ADQUISICIONES,SONORA
845,AA-38-90W-03890W999-N-147-2024,NACIONAL,SERVICIOS INTEGRALES EN LA REVISIÓN DE EXPEDIENTES DE CONTRATACIÓN,CIESAS,ADJUDICADO,,,ADJUDICACIÓN DIRECTA,SERVICIOS,E-2024-00108858,"03890W999 - DIRECCION DE ADMINISTRACION, DEPARTAMENTO DE SERVICIOS GENERALES",CIUDAD DE MÉXICO
846,AA-48-E00-048E00995-N-676-2026,NACIONAL,ORGANIZAR LA  CATALOGACIÓN E INTEGRACIÓN DE EXPEDIENTES DEL ÁREA DE ARCHIVO,INBAL,ADJUDICADO,,,ADJUDICACIÓN DIRECTA,SERVICIOS,E-2026-00015022,048E00995 - DIRECCION DE RECURSOS MATERIALES,CIUDAD DE MÉXICO
847,AA-48-410-048410003-N-1714-2023,NACIONAL,PRESTACIÓN DE SERVICIOS PROFESIONALES CONSISTENTES EN COADYUVAR EN LA PLANEACIÓN,CULTURA,ADJUDICADO,,,ADJUDICACIÓN DIRECTA,SERVICIOS,E-2023-00077938,048410003 - DEPARTAMENTO DE COMITE,CIUDAD DE MÉXICO
848,AA-12-NBD-012NBD001-N-349-2023,NACIONAL,SERVICIO DE MANTENIMIENTO PREVENTIVO Y CORRECTIVO PARA CUNA DE CALOR RADIANTE,HGM,ADJUDICADO,,,ADJUDICACIÓN DIRECTA,SERVICIOS,E-2023-00079098,012NBD001 - DIRECCION DE ADMINISTRACION Y FINANZAS,CIUDAD DE MÉXICO
849,AA-48-E00-048E00995-N-1017-2023,NACIONAL,FUNCIONES DE DANZA CONTEMPORÁNEA CON LA OBRA “INFINITO DE LA QUIMERA ”,INBAL,ADJUDICADO,,,ADJUDICACIÓN DIRECTA,SERVICIOS,E-2023-00076477,048E00995 - DIRECCION DE RECURSOS MATERIALES,CIUDAD DE MÉXICO
850,AA-08-VSS-008VSS975-N-109-2024,NACIONAL,ABARROTES COMESTIBLES,APB,ADJUDICADO,,,ADJUDICACIÓN DIRECTA,ADQUISICIONES,E-2024-00066696,"008VSS975 - UNIDAD OPERATIVA CAMPECHE, OPERACIONES Y ABASTO",CAMPECHE
851,AA-13-J2X-013J2X001-N-45-2024,NACIONAL,SUMINISTRO DE MATERIAL PARA LAS UNIDADES DE EMERGENCIA,ASIPONA-Tuxpan,ADJUDICADO,,,ADJUDICACIÓN DIRECTA,ADQUISICIONES,E-2024-00066001,013J2X001 - TUXPAN-GERENCIA DE ADMINISTRACION Y FINANZAS,VERACRUZ
852,AA-11-B00-011B00001-N-4945-2024,NACIONAL,PRESTACION DE SERVICIOS PROFESIONALES ESIQIE-PSP-537-2024,IPN,ADJUDICADO,,,ADJUDICACIÓN DIRECTA,SERVICIOS,E-2024-00061074,011B00001 - DIRECCION DE RECURSOS MATERIALES E INFRAESTRUCTURA,CIUDAD DE MÉXICO
853,AA-48-L3N-048L3N001-N-185-2024,NACIONAL,TALLER DE OPERACIÓN DE CÁMARA II DOLLY A LA GENERACIÓN 2019 PINGPALUMPAS,CCC,ADJUDICADO,,,ADJUDICACIÓN DIRECTA,SERVICIOS,E-2024-00066517,"048L3N001 - SUBDIRECCION DE ADMINISTRACION Y FINANZAS, DEPARTAMENTO DE SERVICIOS",CIUDAD DE MÉXICO
854,AA-06-G2T-006G2T002-N-357-2024,NACIONAL,SERVICIO TELEFÓNICO CONVENCIONAL,CMM,ADJUDICADO,,,ADJUDICACIÓN DIRECTA,SERVICIOS,E-2024-00065760,006G2T002 - DIRECCIÓN CORPORATIVA DE ADMINSITRACIÓN,SAN LUIS POTOSÍ
855,AA-63-004-063004001-N-6-2025,NACIONAL,SUSTITUCION DE LA ESCALERA DEL AREA DEL PULGUERO EN EL BALUARTE DE SAN CARLOS,063004,ADJUDICADO,,,ADJUDICACIÓN DIRECTA,ADQUISICIONES,E-2025-00121152,063004001 - DIRECCIÓN DE ADMINISTRACIÓN,CAMPECHE
856,AA-50-GYR-050GYR045-T-20-2026,INTERNACIONAL BAJO LA COBERTURA DE TRATADOS,ADQUISICION DE MATERIAL PARA,IMSS,ADJUDICADO,,,ADJUDICACIÓN DIRECTA,ADQUISICIONES,E-2025-00122805,050GYR045 - UMAE HOSPITAL DE ESPECILIDADES NO.71 DEPTO DE ABASTECIMIENTO,COAHUILA DE ZARAGOZA
857,AA-48-410-048410003-N-679-2026,NACIONAL,SERVICIOS PROFESIONALES CONSISTENTES EN COADYUVAR EN LA OPERACIÓN Y SEGUIMIENTO,CULTURA,ADJUDICADO,,,ADJUDICACIÓN DIRECTA,SERVICIOS,E-2026-00024617,048410003 - DEPARTAMENTO DE COMITE,CIUDAD DE MÉXICO
858,AA-08-VSS-008VSS995-N-698-2025,NACIONAL,ABARROTES NO COMESTIBLES,APB,ADJUDICADO,,,ADJUDICACIÓN DIRECTA,ADQUISICIONES,E-2026-00023941,"008VSS995 - ALIMENTACIÓN PARA EL BIENESTAR - UNIDAD OPERATIVA QUERÉTARO, ABASTO",QUERÉTARO
859,AA-48-410-048410003-N-827-2026,NACIONAL,SERVICIOS PROFESIONALES DE APOYO EN LA ACTUALIZACIÓN Y PREPARACIÓN DE CONTENIDOS,CULTURA,ADJUDICADO,,,ADJUDICACIÓN DIRECTA,SERVICIOS,E-2026-00027423,048410003 - DEPARTAMENTO DE COMITE,CIUDAD DE MÉXICO
860,AA-08-VSS-008VSS988-N-372-2024,NACIONAL,HARINA DE TRIGO,APB,ADJUDICADO,,,ADJUDICACIÓN DIRECTA,ADQUISICIONES,E-2024-00109403,008VSS988 - UNIDAD OPERATIVA ISTMO-COSTA,OAXACA
861,AA-08-VSS-008VSS976-N-588-2024,NACIONAL,ABARROTES COMESTIBLES,APB,ADJUDICADO,,,ADJUDICACIÓN DIRECTA,ADQUISICIONES,E-2024-00111010,"008VSS976 - UNIDAD OPERATIVA MIXTECA, ABASTO",OAXACA
862,AA-50-GYR-050GYR003-N-206-2024,NACIONAL,TRASLADO DE PACIENTES EN AMBULANCIA 2024,IMSS,ADJUDICADO,,,ADJUDICACIÓN DIRECTA,ADQUISICIONES,E-2024-00111592,050GYR003 - JEFATURA DE SERVICIOS ADMINISTRATIVOS,BAJA CALIFORNIA
863,AA-51-GYN-051GYN005-N-201-2023,NACIONAL,SERVICIO DE TRANSMISIÓN DE SPOTS TELEVISIVOS DE 30 SEGUNDOS,ISSSTE,ADJUDICADO,,,ADJUDICACIÓN DIRECTA,SERVICIOS,E-2023-00099423,051GYN005 - SUBDIRECCION DE RECURSOS MATERIALES Y SERVICIOS,CIUDAD DE MÉXICO
864,AA-08-VSS-008VSS998-N-393-2023,NACIONAL,MAIZ BLANCO,APB,ADJUDICADO,,,ADJUDICACIÓN DIRECTA,ADQUISICIONES,E-2023-00104215,008VSS998 - DIRECCIÓN COMERCIAL,CIUDAD DE MÉXICO
865,AA-08-VSS-008VSS008-N-276-2024,NACIONAL,ABARROTES COMESTIBLES,APB,ADJUDICADO,,,ADJUDICACIÓN DIRECTA,ADQUISICIONES,E-2024-00039782,008VSS008 - SUBGERENCIA OPERACIONES REGIONAL NORTE CENTRO,CHIHUAHUA
866,AA-06-G2T-006G2T002-N-98-2024,NACIONAL,"SERVICIOS DE LAVANDERÍA, LIMPIEZA, HIGIENE",CMM,ADJUDICADO,,,ADJUDICACIÓN DIRECTA,SERVICIOS,E-2024-00040273,006G2T002 - DIRECCIÓN CORPORATIVA DE ADMINSITRACIÓN,SAN LUIS POTOSÍ
867,AA-50-GYR-050GYR018-N-104-2024,NACIONAL,SERVICIO DE ESTUDIOS Y TX OFTAMOLÓGICOS PARA HGZ 11,IMSS,ADJUDICADO,,,ADJUDICACIÓN DIRECTA,SERVICIOS,E-2024-00029313,"050GYR018 - JEFATURA DE SERVICIOS ADMINISTRATIVOS, COORDINACION DE ABASTECIMIENTO Y EQUIPAMIENTO",TAMAULIPAS
868,AA-06-A00-006A00997-N-5895-2023,NACIONAL,04-23-2471   SERVICIOS PROFESIONALES PARA LA ELABORACIÓN DEL AVALÚO,INDAABIN,ADJUDICADO,,,ADJUDICACIÓN DIRECTA,SERVICIOS,E-2024-00039716,006A00997 - DIRECCIÓN GENERAL DE AVALÚOS Y OBRAS,CIUDAD DE MÉXICO
869,AA-11-B00-011B00001-N-2384-2024,NACIONAL,PRESTACIÓN DE SERVICIOS PROFESIONALES,IPN,ADJUDICADO,,,ADJUDICACIÓN DIRECTA,SERVICIOS,E-2024-00030191,011B00001 - DIRECCION DE RECURSOS MATERIALES E INFRAESTRUCTURA,CIUDAD DE MÉXICO
870,AA-13-J3L-013J3L001-N-3-2023,NACIONAL,"ARRENDAMIENTO, MANTENIMIENTO PREVENTIVO Y CORRECTIVO  DE EQUIPOS DE FOTOCOPIADO",FIT,ADJUDICADO,,,ADJUDICACIÓN DIRECTA,SERVICIOS,E-2023-00015609,"013J3L001 - GERENCIA DE ADQUISICIONES, RECURSOS MATERIALES Y OBRA PUBLICA",VERACRUZ
871,AA-20-133-020000014-N-5-2023,NACIONAL,IMPRESIÓN DE FORMATOS Y MATERIAL INFORMATIVO,BIENESTAR,ADJUDICADO,,,ADJUDICACIÓN DIRECTA,SERVICIOS,E-2023-00017297,020000014 - DELEGACION DE PROGRAMAS PARA EL DESARROLLO EN HIDALGO,HIDALGO
872,AA-11-B00-011B00001-N-1071-2023,NACIONAL,SUBCONTRATACIÓN ANAID URIBE GONZALEZ,IPN,ADJUDICADO,,,ADJUDICACIÓN DIRECTA,SERVICIOS,E-2023-00016608,011B00001 - DIRECCION DE RECURSOS MATERIALES E INFRAESTRUCTURA,CIUDAD DE MÉXICO
873,AA-08-VSS-008VSS006-N-253-2024,NACIONAL,ABARROTES NO COMESTIBLES,APB,ADJUDICADO,,,ADJUDICACIÓN DIRECTA,ADQUISICIONES,E-2024-00089333,008VSS006 - GERENCIA REGIONAL PUEBLA,PUEBLA
874,AA-50-GYR-050GYR024-I-186-2024,INTERNACIONAL ABIERTO,ADQUISICION DE MATERIAL DE CURACIÓN Y LABORATORIO,IMSS,ADJUDICADO,,,ADJUDICACIÓN DIRECTA,ADQUISICIONES,E-2024-00087875,"050GYR024 - OOAD, ESTADO DE MEXICO PONIENTE, COORDINACION DE ABASTECIMIENTO Y EQUIPAMIENTO",MÉXICO
875,AA-08-VSS-008VSS991-N-458-2024,NACIONAL,ACEITE VEGETAL COMESTIBLE,APB,ADJUDICADO,,,ADJUDICACIÓN DIRECTA,ADQUISICIONES,E-2024-00091231,"008VSS991 - UNIDAD OPERATIVA SAN LUIS POTOSÍ, SUBGERENCIA DE LA UNIDAD OPERATIVA",SAN LUIS POTOSÍ
876,AA-12-NDF-012NDF999-N-464-2024,NACIONAL,PEDIDO MAYOR 638 ESTERI-MEX,INR,ADJUDICADO,,,ADJUDICACIÓN DIRECTA,ADQUISICIONES,E-2024-00090918,012NDF999 - SUBDIRECCION DE COMPRAS Y SUMINISTROS,CIUDAD DE MÉXICO
877,AA-47-AYO-047AYO941-N-32-2024,NACIONAL,ADQUISICION DE MEDICAMENTOS,IMSS-BIENESTAR,ADJUDICADO,,,ADJUDICACIÓN DIRECTA,ADQUISICIONES,E-2024-00092828,"056AYO941 - HOSPITAL REGIONAL DE ALTA ESPECIALIDAD DE LA PENÍNSULA DE YUCATÁN, SUBDIRECCIÓN DE RECURSOS MATERIALES",YUCATÁN
878,AA-08-VSS-008VSS974-N-340-2024,NACIONAL,PRODUCTOS DIVERSOS,APB,ADJUDICADO,,,ADJUDICACIÓN DIRECTA,ADQUISICIONES,E-2024-00089816,008VSS974 - UNIDAD OPERATIVA COAHUILA,COAHUILA DE ZARAGOZA
879,AA-89-Y58-930060989-N-11-2024,NACIONAL,ADQUISICIÓN DE EQUIPO DE COMPUTO,DIFVER,ADJUDICADO,,,ADJUDICACIÓN DIRECTA,ADQUISICIONES,E-2024-00089301,930060989 - SUBDIRECCIÓN DE RECURSOS MATERIALES Y SERVICIOS GENERALES,VERACRUZ
880,AA-51-GYN-051GYN060-N-99-2024,NACIONAL,SERVICIOS PARA EL PROGRAMA DE PAYASOS Y MIMOS.,ISSSTE,ADJUDICADO,,,ADJUDICACIÓN DIRECTA,SERVICIOS,E-2024-00090386,051GYN060 - DEPARTAMENTO DE RECURSOS MATERIALES Y OBRAS,DURANGO
881,AA-08-VSS-008VSS986-N-220-2024,NACIONAL,ABARROTES COMESTIBLES,APB,ADJUDICADO,,,ADJUDICACIÓN DIRECTA,ADQUISICIONES,E-2024-00088145,008VSS986 - SUBGERENCIA DE U.O. SONORA ABASTO,SONORA
882,AA-08-VSS-008VSS980-N-381-2023,NACIONAL,PRODUCTOS DIVERSOS,APB,ADJUDICADO,,,ADJUDICACIÓN DIRECTA,ADQUISICIONES,E-2023-00106102,008VSS980 - UNIDAD OPERATIVA GUERRERO - ABASTO,GUERRERO
883,AA-08-VSS-008VSS974-N-57-2023,NACIONAL,1369050/SALVADO,APB,ADJUDICADO,,,ADJUDICACIÓN DIRECTA,ADQUISICIONES,E-2023-00112025,008VSS974 - UNIDAD OPERATIVA COAHUILA,COAHUILA DE ZARAGOZA
884,AA-51-GYN-051GYN041-N-221-2023,NACIONAL,"JABÓN ANTIBACTERIAL LÍQUIDO PARA EL LAVADO DE MANOS. CONTENIDO DE MEDIO LITRO, C",ISSSTE,ADJUDICADO,,,ADJUDICACIÓN DIRECTA,ADQUISICIONES,E-2023-00103922,051GYN041 - CENTRO MEDICO NACIONAL 20 DE NOVIEMBRE,CIUDAD DE MÉXICO
885,AA-11-MAR-011MAR001-N-77-2024,NACIONAL,SERVICIOS PROFESIONALES CONSISTENTES EN COADYUVAR EN LA DISTRIBUCIÓN DE ACERVOS,FCE,ADJUDICADO,,,ADJUDICACIÓN DIRECTA,SERVICIOS,E-2024-00033844,011MAR001 - SUBGERENCIA DE RECURSOS MATERIALES,CIUDAD DE MÉXICO
886,AA-51-GYN-051GYN032-N-24-2024,NACIONAL,MATERIAL DE CURACIÓN DE ALTA ESPECIALIDAD,ISSSTE,ADJUDICADO,,,ADJUDICACIÓN DIRECTA,ADQUISICIONES,E-2024-00030557,"051GYN032 - HOSPITAL REGIONAL PUEBLA, COORDINACION DE RECURSOS MATERIALES",PUEBLA
887,AA-08-VSS-008VSS996-N-83-2025,NACIONAL,ABARROTES NO COMESTIBLES,APB,ADJUDICADO,,,ADJUDICACIÓN DIRECTA,ADQUISICIONES,E-2025-00043712,008VSS996 - SUBGERENCIA DE U.O.TUXTLA ABASTO,CHIAPAS
888,AA-11-B01-011B01001-N-2310-2023,NACIONAL,DOCUMENTALISTA (VTK STOCK),ONCETV,ADJUDICADO,,,ADJUDICACIÓN DIRECTA,SERVICIOS,E-2023-00095732,011B01001 - DIRECCION DE ADMINISTRACION Y FINANZAS,CIUDAD DE MÉXICO
889,AA-11-B01-011B01001-N-2509-2023,NACIONAL,ASISTENTE DE PRODUCCION,ONCETV,ADJUDICADO,,,ADJUDICACIÓN DIRECTA,SERVICIOS,E-2023-00095965,011B01001 - DIRECCION DE ADMINISTRACION Y FINANZAS,CIUDAD DE MÉXICO
890,AA-51-GYN-051GYN041-N-205-2023,NACIONAL,VALERATO DE ESTRADIOL GRAGEAS 2 MG,ISSSTE,ADJUDICADO,,,ADJUDICACIÓN DIRECTA,ADQUISICIONES,E-2023-00095990,051GYN041 - CENTRO MEDICO NACIONAL 20 DE NOVIEMBRE,CIUDAD DE MÉXICO
891,AA-11-B01-011B01001-N-2342-2023,NACIONAL,PROGRAMADOR,ONCETV,ADJUDICADO,,,ADJUDICACIÓN DIRECTA,SERVICIOS,E-2023-00095949,011B01001 - DIRECCION DE ADMINISTRACION Y FINANZAS,CIUDAD DE MÉXICO
892,AA-08-I00-008I00002-N-56-2023,NACIONAL,ARRENDAMIENTO DE EQUIPO AUDIOVISUAL,CONAPESCA,ADJUDICADO,,,ADJUDICACIÓN DIRECTA,SERVICIOS,E-2023-00095552,"008I00002 - UNIDAD DE ADMINISTRACIÓN, SUBDIRECCIÓN DE RECURSOS MATERIALES Y SERVICIOS GENERALES",SINALOA
893,AA-12-NCD-012NCD001-I-377-2023,INTERNACIONAL ABIERTO,REACTIVOS EXPERIMENTALES PARA DAR CONTINUIDAD A LOS PROTOCOLOS DE INVESTIGACION,INER,ADJUDICADO,,,ADJUDICACIÓN DIRECTA,ADQUISICIONES,E-2023-00096182,012NCD001 - DEPARTAMENTO DE ADQUISICIONES,CIUDAD DE MÉXICO
894,AA-48-410-048410003-N-1274-2024,NACIONAL,SERVICIOS PROFESIONALES CONSISTENTES EN COADYUVAR CON EL ÁREA DE DIFUSIÓN DE LA,CULTURA,ADJUDICADO,,,ADJUDICACIÓN DIRECTA,SERVICIOS,E-2024-00054602,048410003 - DEPARTAMENTO DE COMITE,CIUDAD DE MÉXICO
895,AA-47-AYL-006AYL998-N-464-2024,NACIONAL,ADQUISICIÓN DE UN SISTEMA PARA EL PROCESAMIENTO DE 8 SEÑALES DE VIDEO CON AUDIO,SPR,ADJUDICADO,,,ADJUDICACIÓN DIRECTA,ADQUISICIONES,E-2024-00044260,006AYL998 - UNIDAD DE ADMINISTRACIÓN Y FINANZAS,CIUDAD DE MÉXICO
896,AA-48-L9Y-048L9Y001-N-153-2024,NACIONAL,SERVICIO de APOYO EN ACTIVIDADES DE ADQUISICIONES Y OPERACIONES DE PLATAFORMA,FICINE,ADJUDICADO,,,ADJUDICACIÓN DIRECTA,SERVICIOS,E-2024-00048413,048L9Y001 - DIRECCION DE ADMINISTRACION Y FINANZAS,CIUDAD DE MÉXICO
897,AA-73-004-914023974-N-78-2023,NACIONAL,SUMINISTRO  DE LLANTAS  PARA LOS VEHICULOS INSTITUCIONALES DEL COBAEJ,COBAEJ,ADJUDICADO,,,ADJUDICACIÓN DIRECTA,ADQUISICIONES,E-2023-00112783,914023974 - DEPARTAMENTO DE ADQUISICIONES Y CONTROL PATRIMONIAL,JALISCO
898,AA-08-VSS-008VSS977-N-381-2023,NACIONAL,ABARROTES NO COMESTIBLES,APB,ADJUDICADO,,,ADJUDICACIÓN DIRECTA,ADQUISICIONES,E-2023-00113737,"008VSS977 - UNIDAD OPERATIVA NAYARIT, ABASTO",NAYARIT
899,AA-08-VSS-008VSS016-N-708-2023,NACIONAL,HARINA DE MAIZ NIXTAMALIZADO BLANCA,APB,ADJUDICADO,,,ADJUDICACIÓN DIRECTA,ADQUISICIONES,E-2023-00119724,008VSS016 - GERENCIA REGIONAL GOLFO,VERACRUZ
900,AA-12-NDF-012NDF999-N-863-2023,NACIONAL,"CONSOLIDADO/INSABI/INRLGII/79/2023-2024 PHARMA TYCSA, S.A. DE C.V.",INR,ADJUDICADO,,,ADJUDICACIÓN DIRECTA,ADQUISICIONES,E-2023-00118740,012NDF999 - SUBDIRECCION DE COMPRAS Y SUMINISTROS,CIUDAD DE MÉXICO
901,AA-06-G2T-006G2T002-N-418-2023,NACIONAL,GASTOS EN PUBLICIDAD DE ENTIDADES QUE GENERAN UN INGRESO PARA EL ESTADO,CMM,ADJUDICADO,,,ADJUDICACIÓN DIRECTA,SERVICIOS,E-2023-00119443,006G2T002 - DIRECCIÓN CORPORATIVA DE ADMINSITRACIÓN,SAN LUIS POTOSÍ
902,AA-08-VSS-008VSS998-N-694-2023,NACIONAL,MAIZ AMARILLO,APB,ADJUDICADO,,,ADJUDICACIÓN DIRECTA,ADQUISICIONES,E-2023-00120028,008VSS998 - DIRECCIÓN COMERCIAL,CIUDAD DE MÉXICO
903,AA-51-GYN-051GYN057-N-81-2023,NACIONAL,ARRENDAMIENTO DE EQUIPO E INSTRUMENTAL MEDICO Y DE LABORATORIO,ISSSTE,ADJUDICADO,,,ADJUDICACIÓN DIRECTA,ARRENDAMIENTOS,E-2023-00114354,051GYN057 - SUBDELEGACION DE ADMINISTRACION,ZACATECAS
904,AA-08-VSS-008VSS992-N-353-2023,NACIONAL,ABARROTES COMESTIBLES,APB,ADJUDICADO,,,ADJUDICACIÓN DIRECTA,ADQUISICIONES,E-2023-00117764,"008VSS992 - GERENCIA REGIONAL OCCIDENTAL, ABASTO",JALISCO
905,AA-50-GYR-050GYR110-N-41-2023,NACIONAL,REPARACION DE  ELECTROMIOGRAFO Y CUNA RADIANTE,IMSS,ADJUDICADO,,,ADJUDICACIÓN DIRECTA,SERVICIOS,E-2023-00111791,050GYR110 - JEFATURA DE SERVICIOS ADMINISTRATIVOS DELEGACION QUERETARO,QUERÉTARO
906,AA-08-VSS-008VSS975-N-17-2023,NACIONAL,AZUCAR ENVASADA,APB,ADJUDICADO,,,ADJUDICACIÓN DIRECTA,ADQUISICIONES,E-2023-00111457,"008VSS975 - UNIDAD OPERATIVA CAMPECHE, OPERACIONES Y ABASTO",CAMPECHE
907,AA-06-A00-006A00997-N-4683-2023,NACIONAL,03-23-628    SERVICIOS PROFESIONALES PARA LA ELABORACIÓN DEL AVALÚO,INDAABIN,ADJUDICADO,,,ADJUDICACIÓN DIRECTA,SERVICIOS,E-2023-00108685,006A00997 - DIRECCIÓN GENERAL DE AVALÚOS Y OBRAS,CIUDAD DE MÉXICO
908,AO-63-003-804001989-N-1-2023,NACIONAL,AMPLIACION DE AGUA POTABLE EN LA CALLE 22 ENTRE 17 Y CALLE 15 NUNKINI,063003,ADJUDICADO,,,ADJUDICACIÓN DIRECTA,OBRA PÚBLICA,E-2023-00112106,804001989 - DIRECCIÓN DE OBRAS PÚBLICAS Y DESARROLLO URBANO,CAMPECHE
909,AA-08-VSS-008VSS979-N-523-2023,NACIONAL,HARINA DE MAIZ NIXTAMALIZADO BLANCA,APB,ADJUDICADO,,,ADJUDICACIÓN DIRECTA,ADQUISICIONES,E-2023-00108481,"008VSS979 - UNIDAD OPERATIVA DURANGO, ABASTO",DURANGO
910,AA-08-VSS-008VSS013-N-592-2023,NACIONAL,ABARROTERS COMESTIBLES,APB,ADJUDICADO,,,ADJUDICACIÓN DIRECTA,ADQUISICIONES,E-2023-00111387,008VSS013 - GERENCIA REGIONAL OAXACA,OAXACA
911,AO-15-512-015000984-N-5-2023,NACIONAL,OBRAS COMPLEMENTARIAS PARA LA ANTIGUA ESTACIÓN FERROVIARIA MATIAS ROMERO,SEDATU,ADJUDICADO,,,ADJUDICACIÓN DIRECTA,OBRA PÚBLICA,E-2023-00100228,015000984 - UNIDAD DE PROYECTOS ESTRATEGICOS PARA EL DESARROLLO URBANO,CIUDAD DE MÉXICO
912,AA-08-VSS-008VSS986-N-281-2023,NACIONAL,CHOCOLATE EN POLVO SEGALMEX,APB,ADJUDICADO,,,ADJUDICACIÓN DIRECTA,ADQUISICIONES,E-2023-00107632,008VSS986 - SUBGERENCIA DE U.O. SONORA ABASTO,SONORA
913,AA-11-L4J-011L4J990-N-92-2024,NACIONAL,MILLI-Q HX 7040-80 PREVENTIVE MAINTENANCE,CINVESTAV,ADJUDICADO,,,ADJUDICACIÓN DIRECTA,SERVICIOS,E-2024-00037408,011L4J990 - UNIDAD DE GENOMICA AVANZADA,GUANAJUATO
914,AA-11-B00-011B00001-N-2517-2024,NACIONAL,SERVICIOS PROFESIONALES,IPN,ADJUDICADO,,,ADJUDICACIÓN DIRECTA,SERVICIOS,E-2024-00033599,011B00001 - DIRECCION DE RECURSOS MATERIALES E INFRAESTRUCTURA,CIUDAD DE MÉXICO
915,AA-51-GYN-051GYN021-N-42-2024,NACIONAL,IMPARTIR CLASES DE MANUALIDADES,ISSSTE,ADJUDICADO,,,ADJUDICACIÓN DIRECTA,SERVICIOS,E-2024-00031952,051GYN021 - DEPARTAMENTO DE OBRAS Y SERVICIOS GENERALES,CIUDAD DE MÉXICO
916,AA-12-NBD-012NBD001-I-38-2023,INTERNACIONAL ABIERTO,ADQUISICIÓN CONSOLIDADA DE MEDICAMENTOS 63 CLAVES PARA LOS EJERCICIOS 2023-2024,HGM,ADJUDICADO,,,ADJUDICACIÓN DIRECTA,ADQUISICIONES,E-2023-00010272,012NBD001 - DIRECCION DE ADMINISTRACION Y FINANZAS,CIUDAD DE MÉXICO
917,AA-18-TON-018TON999-N-15-2023,NACIONAL,SERVICIO DE MENSAJERÍA Y PAQUETERÍA A TRAVÉS DE GUÍAS NACIONALES,CENAGAS,ADJUDICADO,,,ADJUDICACIÓN DIRECTA,SERVICIOS,E-2023-00011461,"018TON999 - UNIDAD DE ADMINISTRACION Y FINANZAS, DIRECCION EJECUTIVA DE RECURSOS MATERIALES",CIUDAD DE MÉXICO
918,AA-11-B01-011B01001-N-148-2023,NACIONAL,CONDUCTOR.,ONCETV,ADJUDICADO,,,ADJUDICACIÓN DIRECTA,SERVICIOS,E-2023-00011686,011B01001 - DIRECCION DE ADMINISTRACION Y FINANZAS,CIUDAD DE MÉXICO
919,AA-12-NBG-012NBG003-I-440-2024,INTERNACIONAL ABIERTO,RM-MT-0278/24,HIM,ADJUDICADO,,,ADJUDICACIÓN DIRECTA,SERVICIOS,E-2024-00070030,012NBG003 - SUBDIRECCION DE RECURSOS MATERIALES,CIUDAD DE MÉXICO
920,AO-16-B00-016B00032-N-10-2023,NACIONAL,"CONSTRUCCIÓN DE LÍNEA TRONCAL DE 54""Ø, 6TA ETAPA",CONAGUA,ADJUDICADO,,,ADJUDICACIÓN DIRECTA,OBRA PÚBLICA,E-2023-00023667,"016B00032 - ORGANISMO DE CUENCA CUENCAS CENTRALES DEL NORTE, DIRECCION DE ADMINISTRACION",COAHUILA DE ZARAGOZA
921,AA-11-B01-011B01001-N-744-2023,NACIONAL,OPERADOR AUDIO (OPERACIONES TÉCNICAS),ONCETV,ADJUDICADO,,,ADJUDICACIÓN DIRECTA,SERVICIOS,E-2023-00024140,011B01001 - DIRECCION DE ADMINISTRACION Y FINANZAS,CIUDAD DE MÉXICO
922,AA-12-NBG-012NBG003-I-110-2023,INTERNACIONAL ABIERTO,"MATERIALES, ACCESORIOS Y SUMINISTROS MEDICOS",HIM,ADJUDICADO,,,ADJUDICACIÓN DIRECTA,ADQUISICIONES,E-2023-00026165,012NBG003 - SUBDIRECCION DE RECURSOS MATERIALES,CIUDAD DE MÉXICO
923,AA-11-B00-011B00001-N-1674-2023,NACIONAL,SERVICIOS PROFESIONALES EN CECYT 7 CUAUHTÉMOC,IPN,ADJUDICADO,,,ADJUDICACIÓN DIRECTA,SERVICIOS,E-2023-00025275,011B00001 - DIRECCION DE RECURSOS MATERIALES E INFRAESTRUCTURA,CIUDAD DE MÉXICO
924,AA-36-B00-036B00999-N-33-2023,NACIONAL,SERVICIO PARA LA CALIBRACIÓN DE EQUIPO MÉDICO,SPF,ADJUDICADO,,,ADJUDICACIÓN DIRECTA,SERVICIOS,E-2023-00024555,036B00999 - DIRECCION DE ADQUISICIONES,CIUDAD DE MÉXICO
925,AA-70-039-911005999-N-138-2023,NACIONAL,MANTENIMIENTO CORRECTIVO A UMA CAISES PURÍSIMA DEL RINCÓN,ISAPEG,ADJUDICADO,,,ADJUDICACIÓN DIRECTA,SERVICIOS,E-2023-00115197,911005999 - DIRECCIÓN DE RECURSOS MATERIALES Y SERVICIOS GENERALES,GUANAJUATO
926,AA-08-VSS-008VSS016-N-662-2023,NACIONAL,PRODUCTOS DIVERSOS,APB,ADJUDICADO,,,ADJUDICACIÓN DIRECTA,ADQUISICIONES,E-2023-00119430,008VSS016 - GERENCIA REGIONAL GOLFO,VERACRUZ
927,AA-08-VSS-008VSS016-N-581-2023,NACIONAL,PRODUCTO LACTEO MARSELLA,APB,ADJUDICADO,,,ADJUDICACIÓN DIRECTA,ADQUISICIONES,E-2023-00118853,008VSS016 - GERENCIA REGIONAL GOLFO,TAMAULIPAS
928,AA-08-VSS-008VSS001-N-552-2023,NACIONAL,ALIMENTOS PECUARIOS,APB,ADJUDICADO,,,ADJUDICACIÓN DIRECTA,ADQUISICIONES,E-2023-00114725,008VSS001 - GERENCIA REGIONAL SURESTE,TABASCO
929,AA-50-GYR-050GYR031-T-288-2023,INTERNACIONAL BAJO LA COBERTURA DE TRATADOS,ADQUISICIÓN DE EQUIPAMIENTO MÉDICO DE LA SALA DE HEMODINAMIA EN EL HGZ NO. 14 DE,IMSS,ADJUDICADO,,,ADJUDICACIÓN DIRECTA,ADQUISICIONES,E-2023-00114892,050GYR031 - COORDINACION DE ABASTECIMIENTO Y EQUIPAMIENTO,SONORA
930,AA-73-005-914147971-N-14-2025,NACIONAL,"SERVICIO DE CAPACITACIÓN ""PROGRAMACIÓN Y AUTOMATIZACIÓN INDUSTRIAL""",CECYTEJ,ADJUDICADO,,,ADJUDICACIÓN DIRECTA,SERVICIOS,E-2025-00113969,914147971 - DEPARTAMENTO DE RECURSOS MATERIALES Y SERVICIOS GENERALES,JALISCO
931,AA-12-NEF-012NEF001-I-126-2025,INTERNACIONAL ABIERTO,"SEXTA COMPRA EMERGENTE COMPLEMENTARIA CONSOLIDADA DE MEDICAMENTOS, BIENES TERAPÉ",BIRMEX,ADJUDICADO,,,ADJUDICACIÓN DIRECTA,ADQUISICIONES,E-2025-00114387,012NEF001 - DIRECCIÓN DE ADMINISTRACIÓN Y FINANZAS,CIUDAD DE MÉXICO
932,AA-06-A00-006A00997-N-782-2025,NACIONAL,04-24-1612 SERVICIOS PROFESIONALES PARA LA ELABORACION DEL AVALUO,INDAABIN,ADJUDICADO,,,ADJUDICACIÓN DIRECTA,SERVICIOS,E-2025-00041414,006A00997 - DIRECCIÓN GENERAL DE AVALÚOS Y OBRAS,CIUDAD DE MÉXICO
933,AA-04-E2D-004E2D001-N-105-2025,NACIONAL,REFACCIONES,TGM,ADJUDICADO,,,ADJUDICACIÓN DIRECTA,ADQUISICIONES,E-2025-00039413,004E2D001 - GERENCIA DE ABASTECIMIENTOS,CIUDAD DE MÉXICO
934,AA-06-A00-006A00997-N-526-2025,NACIONAL,03-24-639   SERVICIOS PROFESIONALES PARA LA ELABORACION DEL AVALUO,INDAABIN,ADJUDICADO,,,ADJUDICACIÓN DIRECTA,SERVICIOS,E-2025-00040804,006A00997 - DIRECCIÓN GENERAL DE AVALÚOS Y OBRAS,CIUDAD DE MÉXICO
935,AA-09-A00-009A00001-N-17-2025,NACIONAL,SERVICIO DE ATENCIÓN MEDICA PREVENTIVA PARA EL PERSONAL DEL IMT,IMT,ADJUDICADO,,,ADJUDICACIÓN DIRECTA,SERVICIOS,E-2025-00027149,009A00001 - COORDINACIÓN DE ADMINISTRACIÓN Y FINANZAS,QUERÉTARO
936,AA-08-VSS-008VSS979-N-161-2025,NACIONAL,PRODUCTOS DIVERSOS,APB,ADJUDICADO,,,ADJUDICACIÓN DIRECTA,ADQUISICIONES,E-2025-00041006,"008VSS979 - UNIDAD OPERATIVA DURANGO, ABASTO",DURANGO
937,AA-51-GYN-051GYN052-N-19-2025,NACIONAL,ADQUISICIÓN MEDICAMENTO ALTA ESPECIALIDAD,ISSSTE,ADJUDICADO,,,ADJUDICACIÓN DIRECTA,ADQUISICIONES,E-2025-00027171,051GYN052 - DELEGACION ESTATAL DEL ISSSTE EN BAJA CALIFORNIA SUR,BAJA CALIFORNIA SUR
938,AA-08-VSS-008VSS967-N-110-2025,NACIONAL,MOLINOS AZTECA SA DE CV,APB,ADJUDICADO,,,ADJUDICACIÓN DIRECTA,ADQUISICIONES,E-2025-00037873,008VSS967 - UNIDAD OPERATIVA QUINTANA ROO-ABASTO,QUINTANA ROO
939,AA-50-GYR-050GYR005-N-15-2023,NACIONAL,SERVICIO DE HEMODIALISIS EXTERNA HGZ 33,IMSS,ADJUDICADO,,,ADJUDICACIÓN DIRECTA,SERVICIOS,E-2023-00001547,050GYR005 - DEPARTAMENTO DE ADQUISICION DE BIENES Y CONTRATACION DE SERVICIOS,NAYARIT
940,AA-06-A00-006A00997-N-477-2025,NACIONAL,04-24-1668 SERVICIOS PROFESIONALES PARA LA ELABORACION DEL AVALUO,INDAABIN,ADJUDICADO,,,ADJUDICACIÓN DIRECTA,SERVICIOS,E-2025-00040665,006A00997 - DIRECCIÓN GENERAL DE AVALÚOS Y OBRAS,CIUDAD DE MÉXICO
941,AA-11-B00-011B00001-N-4291-2024,NACIONAL,ADQUISICIÓN DE MATERIALES ESIQIE-ADQ-474-2024,IPN,ADJUDICADO,,,ADJUDICACIÓN DIRECTA,ADQUISICIONES,E-2024-00056240,011B00001 - DIRECCION DE RECURSOS MATERIALES E INFRAESTRUCTURA,CIUDAD DE MÉXICO
942,AA-08-VSS-008VSS013-N-259-2024,NACIONAL,ABARROTES NO COMESTIBLES,APB,ADJUDICADO,,,ADJUDICACIÓN DIRECTA,ADQUISICIONES,E-2024-00059618,008VSS013 - GERENCIA REGIONAL OAXACA,OAXACA
943,AA-15-412-015000999-N-1207-2024,NACIONAL,PRESTADOR DE SERVICIOS,SEDATU,ADJUDICADO,,,ADJUDICACIÓN DIRECTA,SERVICIOS,E-2024-00058344,015000999 - DIRECCION GENERAL DE RECURSOS MATERIALES Y SERVICIOS GENERALES,CIUDAD DE MÉXICO
944,AA-12-NDF-012NDF999-N-293-2024,NACIONAL,MENOR 260 / 2024 ESPECIALISTAS EN ESTERILIZACION Y ENVASE,INR,ADJUDICADO,,,ADJUDICACIÓN DIRECTA,ADQUISICIONES,E-2024-00056461,012NDF999 - SUBDIRECCION DE COMPRAS Y SUMINISTROS,CIUDAD DE MÉXICO
945,AA-48-410-048410003-N-1319-2024,NACIONAL,PRESTACIÓN DE SERVICIOS PROFESIONALES CONSISTENTES EN REALIZAR LA COORDINACIÓN D,CULTURA,ADJUDICADO,,,ADJUDICACIÓN DIRECTA,SERVICIOS,E-2024-00058242,048410003 - DEPARTAMENTO DE COMITE,CIUDAD DE MÉXICO
946,AA-47-AYL-006AYL998-N-641-2023,NACIONAL,"SERVICIO DE HERRAMIENTAS DE DISEÑO GRÁFICO, EDICIÓN DE IMÁGENES Y VIDEO, DISEÑO",SPR,ADJUDICADO,,,ADJUDICACIÓN DIRECTA,SERVICIOS,E-2023-00092437,006AYL998 - UNIDAD DE ADMINISTRACIÓN Y FINANZAS,CIUDAD DE MÉXICO
947,AA-08-VSS-008VSS008-N-602-2023,NACIONAL,HARINA DE MAIZ,APB,ADJUDICADO,,,ADJUDICACIÓN DIRECTA,ADQUISICIONES,E-2023-00092034,008VSS008 - SUBGERENCIA OPERACIONES REGIONAL NORTE CENTRO,CHIHUAHUA
948,AA-04-E2D-004E2D001-N-197-2023,NACIONAL,ARRENDAMIENTO VEHICULAR,TGM,ADJUDICADO,,,ADJUDICACIÓN DIRECTA,SERVICIOS,E-2023-00092698,004E2D001 - GERENCIA DE ABASTECIMIENTOS,CIUDAD DE MÉXICO
949,AO-75-T19-916007977-N-33-2023,NACIONAL,"CENTRO DE SALUD SANTA RITA, COMBURINDIO, PURECHUCHO, MUNICIPIO DE HUETAMO, MICH",075T19,ADJUDICADO,,,ADJUDICACIÓN DIRECTA,OBRA PÚBLICA,E-2023-00091630,916007977 - DIR. DE PROC. DE LIC. CONT. DE OBRA Y SERV. RELACIONADOS,MICHOACÁN DE OCAMPO
950,AA-15-412-015000999-N-1034-2024,NACIONAL,PRESTADOR DE SERVICIOS,SEDATU,ADJUDICADO,,,ADJUDICACIÓN DIRECTA,SERVICIOS,E-2024-00046363,015000999 - DIRECCION GENERAL DE RECURSOS MATERIALES Y SERVICIOS GENERALES,CIUDAD DE MÉXICO
951,AA-08-VSS-008VSS985-N-258-2024,NACIONAL,FABRICA DE JABON LA CORONA CHETUMAL,APB,ADJUDICADO,,,ADJUDICACIÓN DIRECTA,ADQUISICIONES,E-2024-00045637,008VSS985 - GERENCIA REGIONAL PENINSULAR,QUINTANA ROO
952,AA-11-L6W-011L6W001-N-84-2024,NACIONAL,ADQUISICION DE MATERIAL DE LIMPIEZA DE LA COORDINACION TERRITORIAL DE CAMPECHE,CONAFE,ADJUDICADO,,,ADJUDICACIÓN DIRECTA,SERVICIOS,E-2024-00047081,"011L6W001 - DIRECCION DE ADMINISTRACION Y FINANZAS, SUBDIRECCION DE RECURSOS MATERIALES",CAMPECHE
953,AA-11-B00-011B00001-N-3293-2024,NACIONAL,PRESTACIÓN DE SERVICIOS PROFESIONALES PARA EL CECYT 9,IPN,ADJUDICADO,,,ADJUDICACIÓN DIRECTA,SERVICIOS,E-2024-00043311,011B00001 - DIRECCION DE RECURSOS MATERIALES E INFRAESTRUCTURA,CIUDAD DE MÉXICO
954,AA-08-VSS-008VSS012-N-113-2024,NACIONAL,HARINA DE MAIZ,APB,ADJUDICADO,,,ADJUDICACIÓN DIRECTA,ADQUISICIONES,E-2024-00043336,008VSS012 - COORDINACIÓN DE ADMINISTRACIÓN Y FINANZAS,TAMAULIPAS
955,AA-08-VSS-008VSS972-N-70-2024,NACIONAL,CAFE TOSTADO FAMILIAR,APB,ADJUDICADO,,,ADJUDICACIÓN DIRECTA,ADQUISICIONES,E-2024-00057366,008VSS972 - UNIDAD OPERATIVA ACAYUCAN,VERACRUZ
956,AA-08-VSS-008VSS972-N-31-2024,NACIONAL,ABARROTES COMESTIBLES,APB,ADJUDICADO,,,ADJUDICACIÓN DIRECTA,ADQUISICIONES,E-2024-00055242,008VSS972 - UNIDAD OPERATIVA ACAYUCAN,VERACRUZ
957,AA-36-H00-036H00998-N-199-2024,NACIONAL,CURSO EXTINCIÓN DE INCENDIOS PARA TRIPULACIONES DE HELICÓPTEROS,GUARDIANACIONAL,ADJUDICADO,,,ADJUDICACIÓN DIRECTA,SERVICIOS,E-2024-00058878,036H00998 - DIRECCION GENERAL DE RECURSOS MATERIALES,CIUDAD DE MÉXICO
958,AA-48-D00-048D00001-N-415-2024,NACIONAL,SERVICIO TÉCNICO DE APOYO A CUSTODIA Y MANTENIMIENTO GENERAL EN MUSEO DE SITIO,INAH,ADJUDICADO,,,ADJUDICACIÓN DIRECTA,SERVICIOS,E-2024-00057588,048D00001 - COORDINACION NACIONAL DE RECURSOS MATERIALES Y SERVICIOS,CIUDAD DE MÉXICO
959,AA-08-VSS-008VSS979-N-658-2024,NACIONAL,HARINA DE MAIZ,APB,ADJUDICADO,,,ADJUDICACIÓN DIRECTA,ADQUISICIONES,E-2025-00007787,"008VSS979 - UNIDAD OPERATIVA DURANGO, ABASTO",DURANGO
960,AA-08-VSS-008VSS008-N-729-2024,NACIONAL,A Z U C A R,APB,ADJUDICADO,,,ADJUDICACIÓN DIRECTA,ADQUISICIONES,E-2024-00091158,008VSS008 - SUBGERENCIA OPERACIONES REGIONAL NORTE CENTRO,CHIHUAHUA
961,AA-48-E00-048E00995-N-1194-2025,NACIONAL,RECEPCIÓN Y REVISIÓN DE DOCUMENTACIÓN  DE LOS ALUMNOS EN EL PROCESO DE ADMISIÓN,INBAL,ADJUDICADO,,,ADJUDICACIÓN DIRECTA,SERVICIOS,E-2025-00088239,048E00995 - DIRECCION DE RECURSOS MATERIALES,CIUDAD DE MÉXICO
962,AA-81-013-922011997-N-28-2025,NACIONAL,REQ 2025-8918,081013,ADJUDICADO,,,ADJUDICACIÓN DIRECTA,ADQUISICIONES,E-2025-00089666,922011997 - DIRECCIÓN DE ADQUISICIONES,QUERÉTARO
963,AA-08-VSS-008VSS995-N-405-2025,NACIONAL,ABARROTES COMESTIBLES,APB,ADJUDICADO,,,ADJUDICACIÓN DIRECTA,ADQUISICIONES,E-2025-00092417,"008VSS995 - UNIDAD OPERATIVA QUERETARO, ABASTO",QUERÉTARO
964,AA-07-H0M-007H0M001-N-91-2024,NACIONAL,SERVICIO DE IMPRESION DE BITACORAS PARA EL CONTROL VEHICULAR,TRENMAYA,ADJUDICADO,,,ADJUDICACIÓN DIRECTA,SERVICIOS,E-2025-00092990,007H0M001 - COORDINACIÓN GENERAL DE RECURSOS MATERIALES Y SERVICIOS GENERALES,YUCATÁN
965,AA-48-L3N-048L3N001-N-442-2025,NACIONAL,"ASESORÍA EN LÍNEA DE PRODUCCIÓN, COMO PARTE DE LA TERCERA FASE FORMATIVA",CCC,ADJUDICADO,,,ADJUDICACIÓN DIRECTA,SERVICIOS,E-2025-00093829,"048L3N001 - SUBDIRECCION DE ADMINISTRACION Y FINANZAS, DEPARTAMENTO DE SERVICIOS",CIUDAD DE MÉXICO
966,AA-86-X75-927006974-N-296-2023,NACIONAL,25301.-MEDICINAS Y PRODUCTOS FARMACEUTICOS,SSALUDTAB,ADJUDICADO,,,ADJUDICACIÓN DIRECTA,ADQUISICIONES,E-2024-00009688,927006974 - SUBDIRECCIÓN DE RECURSOS MATERIALES Y SERVICIOS GENERALES,TABASCO
967,AA-08-VSS-008VSS995-N-172-2025,NACIONAL,ABARROTES COMESTIBLES,APB,ADJUDICADO,,,ADJUDICACIÓN DIRECTA,ADQUISICIONES,E-2025-00038364,"008VSS995 - UNIDAD OPERATIVA QUERETARO, ABASTO",QUERÉTARO
968,AA-08-VSS-008VSS995-N-205-2025,NACIONAL,ABARROTES COMESTIBLES,APB,ADJUDICADO,,,ADJUDICACIÓN DIRECTA,ADQUISICIONES,E-2025-00044128,"008VSS995 - UNIDAD OPERATIVA QUERETARO, ABASTO",QUERÉTARO
969,AA-11-L6W-011L6W001-N-135-2024,NACIONAL,HGO ADQUISICION DE ABONO Y FERTILIZANTES,CONAFE,ADJUDICADO,,,ADJUDICACIÓN DIRECTA,ADQUISICIONES,E-2024-00055000,"011L6W001 - DIRECCION DE ADMINISTRACION Y FINANZAS, SUBDIRECCION DE RECURSOS MATERIALES",HIDALGO
970,AA-48-L3N-048L3N001-N-206-2024,NACIONAL,SERVICIOS PROFESIONALES PARA EL APOYO ADMINIS TRATIVO A LA SAF,CCC,ADJUDICADO,,,ADJUDICACIÓN DIRECTA,SERVICIOS,E-2024-00066281,"048L3N001 - SUBDIRECCION DE ADMINISTRACION Y FINANZAS, DEPARTAMENTO DE SERVICIOS",CIUDAD DE MÉXICO
971,AA-21-510-021000999-N-54-2024,NACIONAL,SERVICIO DE ESPACIOS PUBLICITARIOS,SECTUR,ADJUDICADO,,,ADJUDICACIÓN DIRECTA,SERVICIOS,E-2024-00067088,021000999 - DIRECCION GENERAL DE ADMINISTRACION,CIUDAD DE MÉXICO
972,AA-11-MGC-011MGC999-N-5-2023,NACIONAL,ANALISTA DE INFORMACIÓN DE CONTROL INTERNO EN MATERIA DE RECURSOS HUMANOS,POI,ADJUDICADO,,,ADJUDICACIÓN DIRECTA,SERVICIOS,E-2023-00011936,011MGC999 - DIRECCION DE ADMINISTRACION,CIUDAD DE MÉXICO
973,AA-48-VZG-048VZG999-N-33-2023,NACIONAL,PRESTADOR DE SERVICIOS,FONART,ADJUDICADO,,,ADJUDICACIÓN DIRECTA,SERVICIOS,E-2023-00014719,048VZG999 - DIRECCION DE ADMINISTRACION Y FINANZAS,CIUDAD DE MÉXICO
974,AA-12-NDY-012NDY001-N-284-2025,NACIONAL,REALIZACIÓN DEL LEVANTAMIENTO DE  INFORMACIÓN DEL  CUESTIONARIO DE HOGAR,INSP,ADJUDICADO,,,ADJUDICACIÓN DIRECTA,SERVICIOS,E-2025-00048868,012NDY001 - DEPARTAMENTO DE SERVICIOS GENERALES Y MANTENIMIENTO,MORELOS
975,AA-51-GYN-051GYN016-N-39-2024,NACIONAL,MATERIAL DE CURACION DE ALTA ESPECIALIDAD,ISSSTE,ADJUDICADO,,,ADJUDICACIÓN DIRECTA,ADQUISICIONES,E-2024-00049952,051GYN016 - HOSPITAL REGIONAL MERIDA,YUCATÁN
976,AA-11-B00-011B00001-N-3947-2024,NACIONAL,ADQUISICIÓN DE PLAFONES PARA EL CECYT8,IPN,ADJUDICADO,,,ADJUDICACIÓN DIRECTA,ADQUISICIONES,E-2024-00052259,011B00001 - DIRECCION DE RECURSOS MATERIALES E INFRAESTRUCTURA,CIUDAD DE MÉXICO
977,AA-06-A00-006A00997-N-540-2024,NACIONAL,01-23-1040   SERVICIOS PROFESIONALES PARA LA ELABORACIÓN DEL AVALÚO,INDAABIN,ADJUDICADO,,,ADJUDICACIÓN DIRECTA,SERVICIOS,E-2024-00049295,006A00997 - DIRECCIÓN GENERAL DE AVALÚOS Y OBRAS,CIUDAD DE MÉXICO
978,AA-13-J4V-013J4V001-N-40-2024,NACIONAL,APOYO A LA SUBDIRECCIÓN DE RECURSOS HUMANOS,FIDENA,ADJUDICADO,,,ADJUDICACIÓN DIRECTA,SERVICIOS,E-2024-00015417,013J4V001 - DIRECCION DE ADMINISTRACION Y FINANZAS,CIUDAD DE MÉXICO
979,AA-51-GYN-051GYN048-N-55-2024,NACIONAL,AGUA PURIFICADA,ISSSTE,ADJUDICADO,,,ADJUDICACIÓN DIRECTA,SERVICIOS,E-2024-00008053,"051GYN048 - REPRESENTACION ESTATAL NAYARIT, SUBDELEGACION DE ADMINISTRACION",NAYARIT
980,AA-48-410-048410003-N-759-2024,NACIONAL,SERVICIOS PROFESIONALES CONSISTENTES EN COADYUVAR CON LAS ACTIVIDADES A REALIZAR,CULTURA,ADJUDICADO,,,ADJUDICACIÓN DIRECTA,SERVICIOS,E-2024-00013903,048410003 - DEPARTAMENTO DE COMITE,CIUDAD DE MÉXICO
981,AA-15-QEZ-015QEZ987-N-1-2024,NACIONAL,CONTRATO DEL SERVICIO DE LIMPIEZA 2024,PA,ADJUDICADO,,,ADJUDICACIÓN DIRECTA,SERVICIOS,E-2024-00013960,015QEZ987 - DELEGACION FEDERAL EN BAJA CALIFORNIA,BAJA CALIFORNIA
982,AA-15-B00-015B00997-N-2-2024,NACIONAL,SERVICIO DE VIGILANCIA EN LAS OFICINAS DEL RAN COLIMA,RAN,ADJUDICADO,,,ADJUDICACIÓN DIRECTA,SERVICIOS,E-2024-00015220,015B00997 - OFICINA DE REPRESENTACIÓN EN COLIMA,COLIMA
983,AA-48-410-048410003-N-410-2024,NACIONAL,SERVICIOS PROFESIONALES CONSISTENTES EN EL DESARROLLO DE CONTENIDOS,CULTURA,ADJUDICADO,,,ADJUDICACIÓN DIRECTA,SERVICIOS,E-2024-00016330,048410003 - DEPARTAMENTO DE COMITE,CIUDAD DE MÉXICO
984,AA-51-GYN-051GYN032-N-126-2024,NACIONAL,"MATERIALES,ACCESORIOS Y SUMINISTROS MEDICOS-OSTEOSINTESIS",ISSSTE,ADJUDICADO,,,ADJUDICACIÓN DIRECTA,ADQUISICIONES,E-2024-00115600,"051GYN032 - HOSPITAL REGIONAL PUEBLA, COORDINACION DE RECURSOS MATERIALES",PUEBLA
985,AO-51-GYN-051GYN057-N-31-2023,NACIONAL,REMODELACIÓN Y REHABILITACIÓN DE LAS OFICINAS DE LA SUBDELEGACIÓN ZACATECAS,ISSSTE,ADJUDICADO,,,ADJUDICACIÓN DIRECTA,OBRA PÚBLICA,E-2023-00114265,051GYN057 - SUBDELEGACION DE ADMINISTRACION,ZACATECAS
986,AO-67-005-808019999-N-25-2023,NACIONAL,REHABILITACION AV. CAMPO DEL NORTE (PONIENTE),CUM,ADJUDICADO,,,ADJUDICACIÓN DIRECTA,OBRA PÚBLICA,E-2023-00125315,808019999 - GERENCIA TÉCNICA,CHIHUAHUA
987,AA-06-A00-006A00997-N-2032-2024,NACIONAL,01-22-1059   SERVICIOS PROFESIONALES PARA LA ELABORACIÓN DEL AVALÚO,INDAABIN,ADJUDICADO,,,ADJUDICACIÓN DIRECTA,SERVICIOS,E-2024-00085346,006A00997 - DIRECCIÓN GENERAL DE AVALÚOS Y OBRAS,CIUDAD DE MÉXICO
988,AA-09-E00-009E00999-N-19-2024,NACIONAL,ADQUISICIÓN DE MATERIAL ELÉCTRICO,AFAC,ADJUDICADO,,,ADJUDICACIÓN DIRECTA,ADQUISICIONES,E-2024-00050689,009E00999 - DIRECCIÓN DE ADMINISTRACIÓN,CIUDAD DE MÉXICO
989,AA-06-HJY-006HJY001-N-127-2024,NACIONAL,SERVICIO DE IMAGEN PARA FORMACIÓN DE NIÑAS Y NIÑOS GRITONES DE LOTERÍA NACIONAL,PRONOSTICOS,ADJUDICADO,,,ADJUDICACIÓN DIRECTA,SERVICIOS,E-2024-00051505,006HJY001 - GERENCIA DE RECURSOS MATERIALES,CIUDAD DE MÉXICO
990,AA-08-VSS-008VSS995-N-242-2023,NACIONAL,ABARROTES COMESTIBLES,APB,ADJUDICADO,,,ADJUDICACIÓN DIRECTA,ADQUISICIONES,E-2023-00067647,"008VSS995 - UNIDAD OPERATIVA QUERETARO, ABASTO",QUERÉTARO
991,AA-08-VSS-008VSS984-N-466-2023,NACIONAL,ABARROTES COMESTIBLES,APB,ADJUDICADO,,,ADJUDICACIÓN DIRECTA,ADQUISICIONES,E-2023-00119789,"008VSS984 - SUBGERENCIA REGIONAL NOROESTE, UNIDAD OPERATIVA CULIACÁN",BAJA CALIFORNIA
992,AA-08-VSS-008VSS982-N-227-2023,NACIONAL,ARROZ ENVASADO,APB,ADJUDICADO,,,ADJUDICACIÓN DIRECTA,ADQUISICIONES,E-2023-00126563,008VSS982 - UNIDAD OPERATIVA MORELOS,MORELOS
993,AA-08-VSS-008VSS016-N-1529-2023,NACIONAL,ABARROTES COMESTIBLES,APB,ADJUDICADO,,,ADJUDICACIÓN DIRECTA,ADQUISICIONES,E-2023-00126204,008VSS016 - GERENCIA REGIONAL GOLFO,VERACRUZ
994,AA-08-VSS-008VSS998-N-600-2023,NACIONAL,MAIZ BLANCO,APB,ADJUDICADO,,,ADJUDICACIÓN DIRECTA,ADQUISICIONES,E-2023-00117772,008VSS998 - DIRECCIÓN COMERCIAL,CIUDAD DE MÉXICO
995,AA-51-GYN-051GYN056-N-50-2023,NACIONAL,SERVICIO DE ULTRASONIDO OBSTETRICOS PARA EL HOSPITAL GENERAL,ISSSTE,ADJUDICADO,,,ADJUDICACIÓN DIRECTA,SERVICIOS,E-2023-00115960,"051GYN056 - DELEGACION ESTATAL SAN LUIS POTOSI, SUBDELEGACION DE ADMINISTRACION",SAN LUIS POTOSÍ
996,AA-08-VSS-008VSS988-N-213-2024,NACIONAL,BEBIDAS DE FRUTAS GRAVADOS,APB,ADJUDICADO,,,ADJUDICACIÓN DIRECTA,ADQUISICIONES,E-2024-00092543,008VSS988 - UNIDAD OPERATIVA ISTMO-COSTA,OAXACA
997,AA-50-GYR-050GYR045-T-191-2024,INTERNACIONAL BAJO LA COBERTURA DE TRATADOS,ADQUISICION DE INSTRUMENTAL MEDICO (DESIERTAS T165),IMSS,ADJUDICADO,,,ADJUDICACIÓN DIRECTA,ADQUISICIONES,E-2024-00092734,050GYR045 - UMAE HOSPITAL DE ESPECILIDADES NO.71 DEPTO DE ABASTECIMIENTO,COAHUILA DE ZARAGOZA
998,AA-06-A00-006A00997-N-1861-2024,NACIONAL,03-24-274  SERVICIOS PROFESIONALES PARA LA ELABORACIÓN DEL AVALÚO,INDAABIN,ADJUDICADO,,,ADJUDICACIÓN DIRECTA,SERVICIOS,E-2024-00082448,006A00997 - DIRECCIÓN GENERAL DE AVALÚOS Y OBRAS,CIUDAD DE MÉXICO
999,AA-04-E2D-004E2D001-N-255-2024,NACIONAL,"PORTAGAFETE COMPUESTO DE MICA PVC TRANSPARENTE, SELLADA Y CORREA",TGM,ADJUDICADO,,,ADJUDICACIÓN DIRECTA,ADQUISICIONES,E-2024-00079033,004E2D001 - GERENCIA DE ABASTECIMIENTOS,CIUDAD DE MÉXICO
1000,AA-51-GYN-051GYN016-N-151-2024,NACIONAL,SERVICIO MEDICO SUBROGADO DE ESPECIALIZACION EN HEMODIALISIS,ISSSTE,ADJUDICADO,,,ADJUDICACIÓN DIRECTA,SERVICIOS,E-2024-00078811,051GYN016 - HOSPITAL REGIONAL MERIDA,YUCATÁN
1001,AA-08-VST-008VST982-N-35-2024,NACIONAL,SERVICIO DE MANTENIMIENTO GENERAL A CALDERA 80 CC Y CARBURACION QUEMADOR,LECHEPARAELBIENESTAR,ADJUDICADO,,,ADJUDICACIÓN DIRECTA,SERVICIOS,E-2024-00077092,008VST982 - GERENCIA ESTATAL COLIMA,COLIMA
1002,AA-12-NCG-012NCG001-N-99-2023,NACIONAL,LENALIDOMIDA 25 MG.   (REVLIMID)   PRES. CAJA C/21 CAPS.,INCMNSZ,ADJUDICADO,,,ADJUDICACIÓN DIRECTA,ADQUISICIONES,E-2023-00018175,012NCG001 - SUBDIRECCION DE RECURSOS MATERIALES Y SERVICIOS GENERALES,CIUDAD DE MÉXICO
1003,AA-08-VSS-008VSS998-N-738-2023,NACIONAL,MAIZ BLANCO,APB,ADJUDICADO,,,ADJUDICACIÓN DIRECTA,ADQUISICIONES,E-2023-00120769,008VSS998 - DIRECCIÓN COMERCIAL,CIUDAD DE MÉXICO
1004,AA-13-312-013000999-N-1317-2023,NACIONAL,NAC 13-1356/23  REQ 1884 OTROS MATERIALES Y ARTÍCULOS DE CONSTRUCCIÓN Y REPARACI,SEMAR,ADJUDICADO,,,ADJUDICACIÓN DIRECTA,ADQUISICIONES,E-2023-00121512,013000999 - DIRECCION GENERAL ADJUNTA DE ADQUISICIONES,CIUDAD DE MÉXICO
1005,AA-13-312-013000999-N-1292-2023,NACIONAL,NAC 13-1327/23  REQ 1856 CEMENAV335/23 MATERIALES ACCESORIOS Y SUMINISTROS MEDIC,SEMAR,ADJUDICADO,,,ADJUDICACIÓN DIRECTA,ADQUISICIONES,E-2023-00119142,013000999 - DIRECCION GENERAL ADJUNTA DE ADQUISICIONES,CIUDAD DE MÉXICO
1006,AA-08-VSS-008VSS013-N-644-2023,NACIONAL,ATUN ENLATADO,APB,ADJUDICADO,,,ADJUDICACIÓN DIRECTA,ADQUISICIONES,E-2023-00113413,008VSS013 - GERENCIA REGIONAL OAXACA,OAXACA
1007,AA-08-VSS-008VSS016-N-241-2023,NACIONAL,HARINA DE MAIZ NIXTAMALIZADO BLANCA,APB,ADJUDICADO,,,ADJUDICACIÓN DIRECTA,ADQUISICIONES,E-2023-00116999,008VSS016 - GERENCIA REGIONAL GOLFO,VERACRUZ
1008,AA-50-GYR-050GYR009-N-195-2023,NACIONAL,SERVICIO DE TRASLADO DE PACIENTES Y ACOMPAÑANTES LOCALES PARA CUAUHTÉMOC,IMSS,ADJUDICADO,,,ADJUDICACIÓN DIRECTA,SERVICIOS,E-2023-00123993,050GYR009 - COORDINACION DE ABASTECIMIENTO Y EQUIPAMIENTO,CHIHUAHUA
1009,AA-08-VSS-008VSS018-N-479-2023,NACIONAL,AZÃŠCAR ESTÃ?NDAR ENVASADA,APB,ADJUDICADO,,,ADJUDICACIÓN DIRECTA,ADQUISICIONES,E-2023-00120967,008VSS018 - SUBGERENCIA DE UNIDAD OPERATIVA TAPACHULA,CHIAPAS
1010,AA-08-VSS-008VSS985-N-716-2023,NACIONAL,SAL ITSMO CHETUMAL,APB,ADJUDICADO,,,ADJUDICACIÓN DIRECTA,ADQUISICIONES,E-2023-00115314,008VSS985 - GERENCIA REGIONAL PENINSULAR,QUINTANA ROO
1011,AA-08-VSS-008VSS013-N-1092-2023,NACIONAL,PAPEL HIGIENICO,APB,ADJUDICADO,,,ADJUDICACIÓN DIRECTA,ADQUISICIONES,E-2023-00124052,008VSS013 - GERENCIA REGIONAL OAXACA,OAXACA
1012,AA-08-VSS-008VSS984-N-502-2023,NACIONAL,ABARROTES COMESTIBLES,APB,ADJUDICADO,,,ADJUDICACIÓN DIRECTA,ADQUISICIONES,E-2023-00120593,"008VSS984 - SUBGERENCIA REGIONAL NOROESTE, UNIDAD OPERATIVA CULIACÁN",BAJA CALIFORNIA SUR
1013,AA-13-J4V-013J4V001-N-73-2023,NACIONAL,INSTRUCTOR ACADÉMICO PARA FORMACIÓN,FIDENA,ADJUDICADO,,,ADJUDICACIÓN DIRECTA,SERVICIOS,E-2023-00083808,013J4V001 - DIRECCION DE ADMINISTRACION Y FINANZAS,CIUDAD DE MÉXICO
1014,AA-07-138-007000995-N-146-2025,NACIONAL,"153 SERVICIO DE DIFUSIÓN DE MENSAJE INSTITUCIONAL, A TRAVÉS DE 3 INSERCIONES TAM",SEDENA,ADJUDICADO,,,ADJUDICACIÓN DIRECTA,SERVICIOS,E-2025-00093581,007000995 - COMUNICACIÓN SOCIAL,CIUDAD DE MÉXICO
1015,AA-48-VZG-048VZG999-N-43-2026,NACIONAL,MANOEL TEVEL ALCÁNTARA ELIZARRARAS,FONART,ADJUDICADO,,,ADJUDICACIÓN DIRECTA,SERVICIOS,E-2026-00032957,048VZG999 - DIRECCION DE ADMINISTRACION Y FINANZAS,CIUDAD DE MÉXICO
1016,AA-47-AYL-006AYL998-N-82-2024,NACIONAL,"SERVICIO PROFESIONAL DE MONITOREO DE ESTACIONES RETRANSMISORAS REMOTAS ""A""",SPR,ADJUDICADO,,,ADJUDICACIÓN DIRECTA,SERVICIOS,E-2024-00001381,006AYL998 - UNIDAD DE ADMINISTRACIÓN Y FINANZAS,CIUDAD DE MÉXICO
1017,AA-86-I61-827006985-N-4-2023,NACIONAL,SUMINISTRO DE MATERIAL ELECTRICO,086I61,ADJUDICADO,,,ADJUDICACIÓN DIRECTA,ADQUISICIONES,E-2023-00134185,827006985 - PRESIDENCIA MUNICIPAL,TABASCO
1018,AA-63-001-904073972-N-31-2023,NACIONAL,MATERIALES Y UTILES DE OFICINA,APCEC,ADJUDICADO,,,ADJUDICACIÓN DIRECTA,ADQUISICIONES,E-2023-00134258,904073972 - UNIDAD CONTABLE,CAMPECHE
1019,AA-51-GYN-051GYN052-N-56-2023,NACIONAL,MENSAJERIA Y PAQUETERIA PARA LAS DIVERSAS AREAS MEDICAS,ISSSTE,ADJUDICADO,,,ADJUDICACIÓN DIRECTA,SERVICIOS,E-2023-00134466,051GYN052 - DELEGACION ESTATAL DEL ISSSTE EN BAJA CALIFORNIA SUR,BAJA CALIFORNIA SUR
1020,AA-50-GYR-050GYR998-N-1347-2023,NACIONAL,AA-50-GYR-050GYR998-N1347-2023,IMSS,ADJUDICADO,,,ADJUDICACIÓN DIRECTA,ADQUISICIONES,E-2024-00001234,"050GYR998 - UMAE, HOSPITAL DE ESPECIALIDADES, C.M.N. SIGLO XXI",CIUDAD DE MÉXICO
1021,AA-85-H90-826018993-N-50-2023,NACIONAL,SERVICIO DE CONTRATISTAS DE AREA URBANA OOM-137/2023,085H90,ADJUDICADO,,,ADJUDICACIÓN DIRECTA,SERVICIOS,E-2023-00133593,826018993 - DIRECCION ADMINISTRATIVA,SONORA
1022,AA-51-GYN-051GYN023-N-27-2024,NACIONAL,CLASES DE CACHIBOL,ISSSTE,ADJUDICADO,,,ADJUDICACIÓN DIRECTA,SERVICIOS,E-2024-00022551,"051GYN023 - REPRESENTACION ESTATAL EN MORELOS, SUBDELEGACION DE ADMINISTRACION",MORELOS
1023,AA-12-E00-012E00996-N-6-2024,NACIONAL,SILLAS DE RUEDAS PCI,SSA,ADJUDICADO,,,ADJUDICACIÓN DIRECTA,ADQUISICIONES,E-2024-00020873,012E00996 - ADMINISTRACION DEL PATRIMONIO DE LA BENEFICENCIA PUBLICA,CIUDAD DE MÉXICO
1024,AA-48-410-048410003-N-818-2024,NACIONAL,"SERVICIOS PROFESIONALES CONSISTENTE EN LA PRODUCCIÓN DE IMÁGENES, DIBUJOS",CULTURA,ADJUDICADO,,,ADJUDICACIÓN DIRECTA,SERVICIOS,E-2024-00021149,048410003 - DEPARTAMENTO DE COMITE,CIUDAD DE MÉXICO
1025,AA-48-410-048410003-N-487-2024,NACIONAL,SERVICIOS PROFESIONALES CONSISTENTES EN COADYUVAR EN LA COORDINACIÓN,CULTURA,ADJUDICADO,,,ADJUDICACIÓN DIRECTA,SERVICIOS,E-2024-00017731,048410003 - DEPARTAMENTO DE COMITE,CIUDAD DE MÉXICO
1026,AA-08-VSS-008VSS974-N-31-2024,NACIONAL,PRODUCTOS DIVERSOS,APB,ADJUDICADO,,,ADJUDICACIÓN DIRECTA,ADQUISICIONES,E-2024-00020107,008VSS974 - UNIDAD OPERATIVA COAHUILA,COAHUILA DE ZARAGOZA
1027,AA-11-B00-011B00001-N-1052-2024,NACIONAL,PRESTACIÓN DE SERVICIOS PROFESIONALES PARA CUBRIR LAS NECESIDADES DE LA DAE,IPN,ADJUDICADO,,,ADJUDICACIÓN DIRECTA,SERVICIOS,E-2024-00021281,011B00001 - DIRECCION DE RECURSOS MATERIALES E INFRAESTRUCTURA,CIUDAD DE MÉXICO
1028,AA-11-B00-011B00001-N-4373-2025,NACIONAL,CONTRATACIÓN DEL LICENCIAMIENTO DEL SOFTWARE ANSYS,IPN,ADJUDICADO,,,ADJUDICACIÓN DIRECTA,SERVICIOS,E-2025-00072724,011B00001 - DIRECCION DE RECURSOS MATERIALES E INFRAESTRUCTURA,CIUDAD DE MÉXICO
1029,AA-11-MGC-011MGC999-N-10-2023,NACIONAL,INTEGRACIÓN DE EXPEDIENTES DE PROYECTOS DE INFRAESTRUCTURA,POI,ADJUDICADO,,,ADJUDICACIÓN DIRECTA,SERVICIOS,E-2023-00012281,011MGC999 - DIRECCION DE ADMINISTRACION,CIUDAD DE MÉXICO
1030,AA-12-NBV-012NBV001-I-47-2023,INTERNACIONAL ABIERTO,ADJUDICACIÓN DIRECTA INT ELECTRÓNICA N° AA-12-M7B-012M7B997-I-24-2023,INCAN,ADJUDICADO,,,ADJUDICACIÓN DIRECTA,ADQUISICIONES,E-2023-00013020,012NBV001 - DIRECCION DE ADMINISTRACION,CIUDAD DE MÉXICO
1031,AA-15-412-015000999-N-298-2023,NACIONAL,PRESTADOR DE SERVICIOS,SEDATU,ADJUDICADO,,,ADJUDICACIÓN DIRECTA,SERVICIOS,E-2023-00012959,015000999 - DIRECCION GENERAL DE RECURSOS MATERIALES Y SERVICIOS GENERALES,CIUDAD DE MÉXICO
1032,AA-13-J3F-013J3F001-N-43-2024,NACIONAL,"PUBLICACIONES EN DIARIOS: A TRAVÉS DE INSERCIONES: CUARTO DE PLANA, ROBAPLANA Y",	ASIPONA-COATZACOALCOS,ADJUDICADO,,,ADJUDICACIÓN DIRECTA,SERVICIOS,E-2024-00118327,013J3F001 - JEFATURA DE RECURSOS MATERIALES,VERACRUZ
1033,AA-08-VSS-008VSS968-N-316-2024,NACIONAL,HARINA DE MAIZ HARI MASA,APB,ADJUDICADO,,,ADJUDICACIÓN DIRECTA,ADQUISICIONES,E-2024-00090537,008VSS968 - UNIDAD OPERATIVA TAPACHULA ABASTO,CHIAPAS
1034,AA-48-D00-048D00001-N-111-2023,NACIONAL,SERVICIO PROFESIONAL ESPECIALIZADO EN INVESTIGACIÓN ARQUEOLÓGICA,INAH,ADJUDICADO,,,ADJUDICACIÓN DIRECTA,SERVICIOS,E-2023-00033599,048D00001 - COORDINACION NACIONAL DE RECURSOS MATERIALES Y SERVICIOS,CIUDAD DE MÉXICO
1035,AA-48-D00-048D00001-N-110-2023,NACIONAL,SERVICIO TECNICO DE CONTROL Y MANEJO DE COLECCIONES DEL MUSEO NACIONAL DE ANTROP,INAH,ADJUDICADO,,,ADJUDICACIÓN DIRECTA,SERVICIOS,E-2023-00033396,048D00001 - COORDINACION NACIONAL DE RECURSOS MATERIALES Y SERVICIOS,CIUDAD DE MÉXICO
1036,AA-48-410-048410003-N-1375-2023,NACIONAL,COADYUVAR EN LA REALIZACIÓN DE LA EDICIÓN 51 DEL FESTIVAL INTERNACIONAL CERVANTI,CULTURA,ADJUDICADO,,,ADJUDICACIÓN DIRECTA,SERVICIOS,E-2023-00035527,048410003 - DEPARTAMENTO DE COMITE,CIUDAD DE MÉXICO
1037,AA-07-H0M-007H0M001-N-132-2025,NACIONAL,ESTUDIO DE EFECTIVIDAD PARA LA EJECUCION DE LA CAMPAÑA DESCUBRE EL MUNDO MAYA,TRENMAYA,ADJUDICADO,,,ADJUDICACIÓN DIRECTA,SERVICIOS,E-2025-00078916,007H0M001 - COORDINACIÓN GENERAL DE RECURSOS MATERIALES Y SERVICIOS GENERALES,YUCATÁN
1038,AA-08-VSS-008VSS998-N-506-2025,NACIONAL,"MERCANCIAS GENERALES, ABARROTES COMESTIBLES",APB,ADJUDICADO,,,ADJUDICACIÓN DIRECTA,ADQUISICIONES,E-2025-00085348,008VSS998 - DIRECCIÓN COMERCIAL,CIUDAD DE MÉXICO
1039,AA-11-B00-011B00001-N-4139-2023,NACIONAL,PRESTACIÓN DE SERVICIOS PROFESIONALES SEMINARIOS,IPN,ADJUDICADO,,,ADJUDICACIÓN DIRECTA,SERVICIOS,E-2023-00061148,011B00001 - DIRECCION DE RECURSOS MATERIALES E INFRAESTRUCTURA,CIUDAD DE MÉXICO
1040,AA-06-A00-006A00997-N-1951-2023,NACIONAL,03-22-1021 SERVICIOS PROFESIONALES PARA LA ELABORACIÓN  DE AVALÚOS,INDAABIN,ADJUDICADO,,,ADJUDICACIÓN DIRECTA,SERVICIOS,E-2023-00061320,006A00997 - DIRECCIÓN GENERAL DE AVALÚOS Y OBRAS,CIUDAD DE MÉXICO
1041,AA-48-L3N-048L3N001-N-169-2023,NACIONAL,TALLER DE DISEÑO SONORO A LA GENERACIÓN 2022,CCC,ADJUDICADO,,,ADJUDICACIÓN DIRECTA,SERVICIOS,E-2023-00061401,"048L3N001 - SUBDIRECCION DE ADMINISTRACION Y FINANZAS, DEPARTAMENTO DE SERVICIOS",CIUDAD DE MÉXICO
1042,AA-06-A00-006A00997-N-1819-2023,NACIONAL,04-22-1522 SERVICIOS PROFESIONALES PARA LA ELABORACIÓN  DE AVALÚOS,INDAABIN,ADJUDICADO,,,ADJUDICACIÓN DIRECTA,SERVICIOS,E-2023-00060165,006A00997 - DIRECCIÓN GENERAL DE AVALÚOS Y OBRAS,CIUDAD DE MÉXICO
1043,AA-12-NDY-012NDY001-N-376-2023,NACIONAL,REALIZAR EL LEVANTAMIENTO DE LA INFORMACIÓN DE DIETA,INSP,ADJUDICADO,,,ADJUDICACIÓN DIRECTA,SERVICIOS,E-2023-00061803,012NDY001 - DEPARTAMENTO DE SERVICIOS GENERALES Y MANTENIMIENTO,MORELOS
1044,AA-08-VSS-008VSS976-N-106-2025,NACIONAL,ABARROTES COMESTIBLES,APB,ADJUDICADO,,,ADJUDICACIÓN DIRECTA,ADQUISICIONES,E-2025-00081901,"008VSS976 - UNIDAD OPERATIVA MIXTECA, ABASTO",OAXACA
1045,AA-13-J2R-013J2R002-N-63-2025,NACIONAL,SERVICIO PARA EL ESTUDIO FINANCIERO PARA DETERMINAR EL VALOR MÍNIMO DE REFERENCI,ASIPONA-Ensenada,ADJUDICADO,,,ADJUDICACIÓN DIRECTA,SERVICIOS,E-2025-00081216,013J2R002 - ENSENADA-GERENCIA DE ADMINISTRACION Y FINANZAS,BAJA CALIFORNIA
1046,AA-11-L9T-011L9T999-N-5-2026,NACIONAL,SERVICIO DE PENSIÓN PARA ESTACIONAMIENTO,CONOCER,ADJUDICADO,,,ADJUDICACIÓN DIRECTA,SERVICIOS,E-2026-00016042,011L9T999 - DIRECCIÓN DE ADMINISTRACIÓN,MÉXICO
1047,AA-12-NEF-012NEF001-I-10-2026,INTERNACIONAL ABIERTO,"ABASTECEDORA COMPRA EMERGENTE DE 595 CLAVES DE MEDICAMENTOS, BIENES TERAPÉUTICOS",BIRMEX,ADJUDICADO,,,ADJUDICACIÓN DIRECTA,ADQUISICIONES,E-2026-00002442,012NEF001 - DIRECCIÓN DE ADMINISTRACIÓN Y FINANZAS,CIUDAD DE MÉXICO
1048,AA-15-412-015000999-N-137-2026,NACIONAL,PRESTADOR DE SERVICIOS,SEDATU,ADJUDICADO,,,ADJUDICACIÓN DIRECTA,SERVICIOS,E-2026-00012408,015000999 - DIRECCION GENERAL DE RECURSOS MATERIALES Y SERVICIOS GENERALES,CIUDAD DE MÉXICO
1049,AA-11-B00-011B00001-N-1760-2025,NACIONAL,PRESTACION DE SERVICIOS PROFESIONALES,IPN,ADJUDICADO,,,ADJUDICACIÓN DIRECTA,SERVICIOS,E-2025-00031251,011B00001 - DIRECCION DE RECURSOS MATERIALES E INFRAESTRUCTURA,CIUDAD DE MÉXICO
1050,AA-48-410-048410003-N-836-2025,NACIONAL,PRESTACIÓN DE SERVICIOS PROFESIONALES CONSISTENTES EN COADYUVAR EN LA INTEGRACIÓ,CULTURA,ADJUDICADO,,,ADJUDICACIÓN DIRECTA,SERVICIOS,E-2025-00028795,048410003 - DEPARTAMENTO DE COMITE,CIUDAD DE MÉXICO
1051,AA-38-90E-03890E999-N-38-2025,NACIONAL,PRODUCTOS QUIMICOS BASICOS,CIMAV,ADJUDICADO,,,ADJUDICACIÓN DIRECTA,ADQUISICIONES,E-2025-00029913,03890E999 - DIRECCION DE ADMINISTRACION Y FINANZAS,CHIHUAHUA
1052,AA-11-B00-011B00001-N-1361-2025,NACIONAL,CONTRATACIÓN PARA LA PRESTACION DE SERVICIOS PROFESIONALES,IPN,ADJUDICADO,,,ADJUDICACIÓN DIRECTA,SERVICIOS,E-2025-00027407,011B00001 - DIRECCION DE RECURSOS MATERIALES E INFRAESTRUCTURA,CIUDAD DE MÉXICO
1053,AA-12-NCD-012NCD001-I-33-2025,INTERNACIONAL ABIERTO,REACTIVOS Y MATERIALES PARA DAR CONTINUIDAD A PROTOCOLOS,INER,ADJUDICADO,,,ADJUDICACIÓN DIRECTA,ADQUISICIONES,E-2025-00029769,012NCD001 - DEPARTAMENTO DE ADQUISICIONES,CIUDAD DE MÉXICO
1054,AA-11-B01-011B01001-N-2102-2023,NACIONAL,EDITOR Y POSTPRODUCTOR,ONCETV,ADJUDICADO,,,ADJUDICACIÓN DIRECTA,SERVICIOS,E-2023-00093579,011B01001 - DIRECCION DE ADMINISTRACION Y FINANZAS,CIUDAD DE MÉXICO
1055,AA-11-L6W-011L6W001-N-276-2023,NACIONAL,"MATERIALES COMPLEMENTARIOS, DE LA COORDINACIÓN TERRITORIAL CHIAPAS",CONAFE,ADJUDICADO,,,ADJUDICACIÓN DIRECTA,ADQUISICIONES,E-2023-00094371,"011L6W001 - DIRECCION DE ADMINISTRACION Y FINANZAS, SUBDIRECCION DE RECURSOS MATERIALES",CHIAPAS
1056,AA-72-038-913056988-N-5-2025,NACIONAL,"MUEBLES DE OFICINA, ESTANTERÍA Y EQUIPO DE ADMINISTRACIÓN",DIFHGO,ADJUDICADO,,,ADJUDICACIÓN DIRECTA,ADQUISICIONES,E-2025-00083319,"913056988 - DIRECCIÓN GENERAL DE ADMINISTRACIÓN, FINANZAS Y PRESUPUESTO",HIDALGO
1057,AA-08-VSS-008VSS979-N-365-2025,NACIONAL,PRODUCTOS DIVERSOS,APB,ADJUDICADO,,,ADJUDICACIÓN DIRECTA,ADQUISICIONES,E-2025-00083440,"008VSS979 - UNIDAD OPERATIVA DURANGO, ABASTO",DURANGO
1058,AA-11-L4J-011L4J999-N-698-2025,NACIONAL,ADQUISICION DE BALANZA ANALITICA,CINVESTAV,ADJUDICADO,,,ADJUDICACIÓN DIRECTA,ADQUISICIONES,E-2025-00079643,011L4J999 - SUBDIRECCION DE RECURSOS MATERIALES,CIUDAD DE MÉXICO
1059,AA-11-L4J-011L4J995-N-330-2025,NACIONAL,REQ 8195 MANTENIMIENTO Y CONSERVACION DE MAQUINARIA Y EQUIPO,CINVESTAV,ADJUDICADO,,,ADJUDICACIÓN DIRECTA,ADQUISICIONES,E-2025-00077854,011L4J995 - SUBDIRECCION DE RECURSOS MATERIALES,CIUDAD DE MÉXICO
1060,AA-50-GYR-050GYR989-N-62-2025,NACIONAL,MANTENIMIENTO PREVENTIVO Y CORRECTIVO DE EQUIPO MEDICO (MARCA MEDICA D),IMSS,ADJUDICADO,,,ADJUDICACIÓN DIRECTA,SERVICIOS,E-2025-00078441,050GYR989 - DEPARTAMENTO DE CONSERVACION Y SERVICIOS GENERALES,MÉXICO
1061,AA-08-VSS-008VSS007-N-379-2025,NACIONAL,ABARROTES COMESTIBLES,APB,ADJUDICADO,,,ADJUDICACIÓN DIRECTA,ADQUISICIONES,E-2026-00014593,"008VSS007 - SUBGERENCIA REGIONAL NOROESTE, UNIDAD OPERATIVA CULIACÁN",SINALOA
1062,AA-48-MDC-048MDC001-N-15-2026,NACIONAL,SERVICIOS PROFESIONALES DAF,IMCINE,ADJUDICADO,,,ADJUDICACIÓN DIRECTA,SERVICIOS,E-2026-00016614,048MDC001 - DIRECCION DE ADMINISTRACION Y FINANZAS,CIUDAD DE MÉXICO
1063,AA-11-B00-011B00001-N-4397-2023,NACIONAL,"ADQUISICIÓN DE REACTIVOS, MATERIALES, SUMINISTROS Y ACCESORIOS DE LABORATORIO PA",IPN,ADJUDICADO,,,ADJUDICACIÓN DIRECTA,ADQUISICIONES,E-2023-00085133,011B00001 - DIRECCION DE RECURSOS MATERIALES E INFRAESTRUCTURA,DURANGO
1064,AA-38-91E-03891E996-N-61-2023,NACIONAL,SISTEMATIZAR INFORMACIÓN GEOGRÁFICA EN DISPOSITIVOS DE ALMACENAMIENTO,ECOSUR,ADJUDICADO,,,ADJUDICACIÓN DIRECTA,SERVICIOS,E-2023-00084075,03891E996 - DEPARTAMENTO ADMINISTRATIVO DE LA UNIDAD REGIONAL SAN CRISTOBAL DE LAS CASAS,CHIAPAS
1065,AA-50-GYR-050GYR045-T-290-2023,INTERNACIONAL BAJO LA COBERTURA DE TRATADOS,ADQUISICION DE REACTIVOS PARA MEDICAMENTOS INMUNOSUPRESORES,IMSS,ADJUDICADO,,,ADJUDICACIÓN DIRECTA,ADQUISICIONES,E-2023-00085112,050GYR045 - UMAE HOSPITAL DE ESPECILIDADES NO.71 DEPTO DE ABASTECIMIENTO,COAHUILA DE ZARAGOZA
1066,AA-12-NDF-012NDF999-N-721-2023,NACIONAL,PEDIDO MENOR 820,INR,ADJUDICADO,,,ADJUDICACIÓN DIRECTA,ADQUISICIONES,E-2023-00083952,012NDF999 - SUBDIRECCION DE COMPRAS Y SUMINISTROS,CIUDAD DE MÉXICO
1067,AA-51-GYN-051GYN033-N-32-2023,NACIONAL,"ADQ. MATE, ACCES Y SUMINISTROS DE LABORATORIO, PRODC QUIMI BASICOS Y DE CURACION",ISSSTE,ADJUDICADO,,,ADJUDICACIÓN DIRECTA,ADQUISICIONES,E-2023-00084823,051GYN033 - DEPARTAMENTO DE RECURSOS MATERIALES Y OBRAS,OAXACA
1068,AA-06-G1C-006G1C001-N-199-2025,NACIONAL,CONTRATACIÓN DE UN MEDIO DE COMUNICACIÓN PARA LA DIFUSIÓN DE LA CAMPAÑA,BANOBRAS,ADJUDICADO,,,ADJUDICACIÓN DIRECTA,SERVICIOS,E-2025-00105376,006G1C001 - GERENCIA DE ADQUISICIONES,CIUDAD DE MÉXICO
1069,AO-78-T91-919043988-N-7-2025,NACIONAL,"EQUIPAMIENTO DE POZO PROVILEÓN IV, LÍNEA DE CONDUCCIÓN DE AGUA POTABLE",SADM,ADJUDICADO,,,ADJUDICACIÓN DIRECTA,OBRA PÚBLICA,E-2025-00104393,919043988 - GERENCIA DE LICITACIONES Y CONTRATOS,NUEVO LEÓN
1070,AA-11-MAX-011MAX001-N-729-2025,NACIONAL,ADQUISICIÓN DE PAPEL REQ 380,IEPSA,ADJUDICADO,,,ADJUDICACIÓN DIRECTA,ADQUISICIONES,E-2025-00110183,011MAX001 - SUBGERENCIA DE ADQUISICIONES Y CONTRATACION DE SERVICIOS,CIUDAD DE MÉXICO
1071,AA-38-90U-03890U001-N-106-2025,NACIONAL,OC2537144 RENOVACION DE LA ACREDITACION EN LA RAMA METAL MECANICA ACTUALIZACION,CIQA,ADJUDICADO,,,ADJUDICACIÓN DIRECTA,SERVICIOS,E-2025-00074814,03890U001 - DIRECCION ADMINISTRATIVA,COAHUILA DE ZARAGOZA
1072,AA-48-L3N-048L3N001-N-395-2025,NACIONAL,PERSONA EVALUADORA TRES PARA EL PROCESO DE ADMISIÓN,CCC,ADJUDICADO,,,ADJUDICACIÓN DIRECTA,SERVICIOS,E-2025-00074840,"048L3N001 - SUBDIRECCION DE ADMINISTRACION Y FINANZAS, DEPARTAMENTO DE SERVICIOS",CIUDAD DE MÉXICO
1073,AA-04-E2D-004E2D001-N-134-2023,NACIONAL,"IMPRESIÓN, EMPAQUE Y ENTREGA DE BOLSAS",TGM,ADJUDICADO,,,ADJUDICACIÓN DIRECTA,SERVICIOS,E-2023-00048868,004E2D001 - GERENCIA DE ABASTECIMIENTOS,CIUDAD DE MÉXICO
1074,AA-08-VSS-008VSS008-N-297-2023,NACIONAL,HARINA DE MAIZ,APB,ADJUDICADO,,,ADJUDICACIÓN DIRECTA,ADQUISICIONES,E-2023-00047775,008VSS008 - SUBGERENCIA OPERACIONES REGIONAL NORTE CENTRO,CHIHUAHUA
1075,AA-08-VSS-008VSS981-N-93-2023,NACIONAL,PRODUCTO LACTEO,APB,ADJUDICADO,,,ADJUDICACIÓN DIRECTA,ADQUISICIONES,E-2023-00047847,008VSS981 - DICONSA UNIDAD OPERATIVA MICHOCAN - ABASTO,MICHOACÁN DE OCAMPO
1076,AA-08-VSS-008VSS983-N-221-2023,NACIONAL,ABARROTES NO COMESTIBLES,APB,ADJUDICADO,,,ADJUDICACIÓN DIRECTA,ADQUISICIONES,E-2023-00048013,008VSS983 - DIRECCIÓN DE COMERCIALIZACIÓN,MÉXICO
1077,AA-50-GYR-050GYR018-I-457-2023,INTERNACIONAL ABIERTO,ADQUISCION DE MEDICAMENTO,IMSS,ADJUDICADO,,,ADJUDICACIÓN DIRECTA,ADQUISICIONES,E-2023-00049087,"050GYR018 - JEFATURA DE SERVICIOS ADMINISTRATIVOS, COORDINACION DE ABASTECIMIENTO Y EQUIPAMIENTO",TAMAULIPAS
1078,AA-08-VSS-008VSS981-N-100-2023,NACIONAL,CHILE JALAPEÑO,APB,ADJUDICADO,,,ADJUDICACIÓN DIRECTA,ADQUISICIONES,E-2023-00048436,008VSS981 - DICONSA UNIDAD OPERATIVA MICHOCAN - ABASTO,MICHOACÁN DE OCAMPO
1079,AA-50-GYR-050GYR046-T-69-2023,INTERNACIONAL BAJO LA COBERTURA DE TRATADOS,"CONTRATACIÓN DE MEDICAMENTOS F23016, F23017 Y F23019",IMSS,ADJUDICADO PARCIAL,,,ADJUDICACIÓN DIRECTA,ADQUISICIONES,E-2023-00048369,050GYR046 - HOSPITAL DE ESPECIALIDADES DEL CMN MANUEL AVILA CAMACHO EN PUEBLA,PUEBLA
1080,AA-09-KCZ-009KCZ992-N-3-2023,NACIONAL,"SERVICIO DE CAMBIO DE IMAGEN INSTITUCIONAL, CONSERVACION Y MATENIMIENTO",FINABIEN,ADJUDICADO,,,ADJUDICACIÓN DIRECTA,SERVICIOS,E-2023-00083268,"006KCZ992 - GERENCIA ESTATAL QUERÉTARO, COORDINACIÓN DE ADMINISTRACIÓN",QUERÉTARO
1081,AA-50-GYR-050GYR069-N-160-2023,NACIONAL,SERVICIO DE MANTENIMIENTO A PLANTAS DE EMERGENCIA CON TRANSFORMADOR Y TABLEROS,IMSS,ADJUDICADO,,,ADJUDICACIÓN DIRECTA,SERVICIOS,E-2023-00081676,"050GYR069 - DEPARTAMENTO DE ADQUISICIONES, BIENES Y EQUIPAMIENTO",CAMPECHE
1082,AA-50-GYR-050GYR067-N-139-2023,NACIONAL,ADQUISICION MEDICAMENTO CLAVE 4191 SEP 2023,IMSS,ADJUDICADO,,,ADJUDICACIÓN DIRECTA,ADQUISICIONES,E-2023-00081515,050GYR067 - UMAE HOSPITAL DE PEDIATRÍA SILVESTRE FRENK FREUND DEL CMN SIGLO XXI,CIUDAD DE MÉXICO
1083,AA-08-VSS-008VSS999-N-362-2024,NACIONAL,ABARROTES COMESTIBLES,APB,ADJUDICADO,,,ADJUDICACIÓN DIRECTA,ADQUISICIONES,E-2024-00105390,008VSS999 - SUBGERENCIA DE LA UNIDAD OPERATIVA NUEVO LEÓN,NUEVO LEÓN
1084,AA-51-GYN-051GYN901-T-91-2024,INTERNACIONAL BAJO LA COBERTURA DE TRATADOS,ADQUISICIÓN DE SUSTANCIAS QUÍMICAS,ISSSTE,ADJUDICADO,,,ADJUDICACIÓN DIRECTA,ADQUISICIONES,E-2025-00006886,051GYN901 - SUBDIRECCION ADMINISTRATIVA,MORELOS
1085,AA-32-412-032000001-N-40-2025,NACIONAL,ENLACE DE COMUNICACIONES DEDICADO CON CAPACIDAD DE 30 MBPS,TFJA,ADJUDICADO,,,ADJUDICACIÓN DIRECTA,SERVICIOS,E-2025-00000487,032000001 - DIRECCION GENERAL DE RECURSOS MATERIALES Y SERVICIOS GENERALES,CIUDAD DE MÉXICO
1086,AA-08-VSS-008VSS996-N-522-2024,NACIONAL,ABARROTES COMESTIBLES,APB,ADJUDICADO,,,ADJUDICACIÓN DIRECTA,ADQUISICIONES,E-2024-00106058,008VSS996 - SUBGERENCIA DE U.O.TUXTLA ABASTO,CHIAPAS
1087,AA-06-A00-006A00997-N-1018-2025,NACIONAL,01-24-936  SERVICIOS PROFESIONALES PARA LA ELABORACION DEL AVALUO,INDAABIN,ADJUDICADO,,,ADJUDICACIÓN DIRECTA,SERVICIOS,E-2025-00041713,006A00997 - DIRECCIÓN GENERAL DE AVALÚOS Y OBRAS,CIUDAD DE MÉXICO
1088,AA-50-GYR-050GYR045-N-96-2023,NACIONAL,ADQUISICION DE BOLSAS DE RECOLECCION,IMSS,ADJUDICADO,,,ADJUDICACIÓN DIRECTA,ADQUISICIONES,E-2023-00025012,050GYR045 - UMAE HOSPITAL DE ESPECILIDADES NO.71 DEPTO DE ABASTECIMIENTO,COAHUILA DE ZARAGOZA
1089,AA-48-D00-048D00001-N-56-2023,NACIONAL,SERVICIO TÉCNICO DE ARQUEÓLOGO (A),INAH,ADJUDICADO,,,ADJUDICACIÓN DIRECTA,SERVICIOS,E-2023-00025780,048D00001 - COORDINACION NACIONAL DE RECURSOS MATERIALES Y SERVICIOS,CIUDAD DE MÉXICO
1090,AA-08-VSS-008VSS006-N-94-2023,NACIONAL,SAL MOLIDA Y REFINADA,APB,ADJUDICADO,,,ADJUDICACIÓN DIRECTA,ADQUISICIONES,E-2023-00025224,008VSS006 - GERENCIA REGIONAL PUEBLA,PUEBLA
1091,AA-20-147-020000024-N-35-2025,NACIONAL,ARTICULOS DE PAPELERIA Y UTILES DE OFICINA.,BIENESTAR,ADJUDICADO,,,ADJUDICACIÓN DIRECTA,ADQUISICIONES,E-2025-00085144,"020000024 - DELEGACION TABASCO, SUBDELEGACION DE ADMINISTRACION",TABASCO
1092,AA-12-NAW-012NAW001-N-329-2025,NACIONAL,SOLICITUD DE COTIZACION EMPAQUE DE PUERTA DE ESTABILIZADOR STEELCO,HJM,ADJUDICADO,,,ADJUDICACIÓN DIRECTA,ADQUISICIONES,E-2025-00084433,012NAW001 - DIRECCION DE ADMINISTRACION,CIUDAD DE MÉXICO
1093,AA-51-GYN-051GYN051-N-69-2025,NACIONAL,ADQUISICIÓN DE MATERIALES Y UTILES DE OFICINA,ISSSTE,ADJUDICADO,,,ADJUDICACIÓN DIRECTA,ADQUISICIONES,E-2025-00078018,051GYN051 - DEPARTAMENTO DE RECURSOS MATERIALES Y OBRAS,SONORA
1094,AA-51-GYN-051GYN056-N-101-2025,NACIONAL,"SERVICIO DE RESONANCIA MAGNETICA, DENSITOMETRIA Y ENCEFALOGRAMA",ISSSTE,ADJUDICADO,,,ADJUDICACIÓN DIRECTA,SERVICIOS,E-2025-00085707,"051GYN056 - DELEGACION ESTATAL SAN LUIS POTOSI, SUBDELEGACION DE ADMINISTRACION",SAN LUIS POTOSÍ
1095,AA-08-VSS-008VSS996-N-176-2024,NACIONAL,ABARROTES COMESTIBLES,APB,ADJUDICADO,,,ADJUDICACIÓN DIRECTA,ADQUISICIONES,E-2024-00063099,008VSS996 - SUBGERENCIA DE U.O.TUXTLA ABASTO,CHIAPAS
1096,AA-15-412-015000999-N-1242-2024,NACIONAL,PRESTADOR DE SERVICIOS,SEDATU,ADJUDICADO,,,ADJUDICACIÓN DIRECTA,SERVICIOS,E-2024-00061652,015000999 - DIRECCION GENERAL DE RECURSOS MATERIALES Y SERVICIOS GENERALES,CIUDAD DE MÉXICO
1097,AA-13-J3F-013J3F001-N-21-2024,NACIONAL,CURSO PBIP,	ASIPONA-COATZACOALCOS,ADJUDICADO,,,ADJUDICACIÓN DIRECTA,SERVICIOS,E-2024-00062802,013J3F001 - JEFATURA DE RECURSOS MATERIALES,VERACRUZ
1098,AA-08-VSS-008VSS977-N-226-2024,NACIONAL,ABARROTES COMESTIBLES,APB,ADJUDICADO,,,ADJUDICACIÓN DIRECTA,ADQUISICIONES,E-2024-00074263,"008VSS977 - UNIDAD OPERATIVA NAYARIT, ABASTO",NAYARIT
1099,AA-13-312-013000999-N-952-2024,NACIONAL,NAC 13-0595/24 REQ 1153 CTL00130OR MANTENIMIENTO Y CONSERVACION DE MAQUINARIA Y,SEMAR,ADJUDICADO,,,ADJUDICACIÓN DIRECTA,SERVICIOS,E-2024-00071905,013000999 - DIRECCION GENERAL ADJUNTA DE ADQUISICIONES,CIUDAD DE MÉXICO
1100,AA-08-VSS-008VSS972-N-373-2024,NACIONAL,ABARROTES COMESTIBLES,APB,ADJUDICADO,,,ADJUDICACIÓN DIRECTA,ADQUISICIONES,E-2024-00076061,008VSS972 - UNIDAD OPERATIVA ACAYUCAN,VERACRUZ
1101,AA-09-J9E-009J9E998-N-32-2024,NACIONAL,MANTENIMIENTO PREVENTIVO Y CORRECTIVO DE PARQUE VEHICULAR,SEPOMEX,ADJUDICADO,,,ADJUDICACIÓN DIRECTA,SERVICIOS,E-2024-00075346,055J9E998 - DIRECCIÓN REGIONAL CENTRO,QUERÉTARO
1102,AA-48-L6U-048L6U001-N-201-2024,NACIONAL,SERVICIOS PROFESIONALES (AUX. CONTABLE/ARCHIVO),CECUT,ADJUDICADO,,,ADJUDICACIÓN DIRECTA,SERVICIOS,E-2024-00068143,048L6U001 - GERENCIA DE RECURSOS MATERIALES,BAJA CALIFORNIA
1103,AA-50-GYR-050GYR058-N-115-2024,NACIONAL,N115 SERVICIO DE FOTOCOPIADO Y DUPLICACION,IMSS,ADJUDICADO,,,ADJUDICACIÓN DIRECTA,SERVICIOS,E-2024-00072783,"050GYR058 - UMAE HOSPITAL DE ESPECIALIDADES NO. 1 CMN BAJIO, DEPARTAMENTO DE ABASTECIMIENTO",GUANAJUATO
1104,AA-72-R58-913023990-N-61-2024,NACIONAL,SUPERVISIÓN DE CONSTRUCCIÓN DE SISTEMA INTEGRAL DE AGUA POTABLE SAN AGUSTÍN METZ,CEAA,ADJUDICADO,,,ADJUDICACIÓN DIRECTA,ADQUISICIONES,E-2024-00075972,913023990 - SUBDIRECCIÓN DE LICITACIONES Y PRECIOS UNITARIOS,HIDALGO
1105,AA-08-VSS-008VSS968-N-211-2024,NACIONAL,MEZCLA LECHE C/GRASA VEG. RED. EN GRASA,APB,ADJUDICADO,,,ADJUDICACIÓN DIRECTA,ADQUISICIONES,E-2024-00076237,008VSS968 - UNIDAD OPERATIVA TAPACHULA ABASTO,CHIAPAS
1106,AA-08-VSS-008VSS982-N-36-2024,NACIONAL,PRODUCTOS DIVERSOS,APB,ADJUDICADO,,,ADJUDICACIÓN DIRECTA,ADQUISICIONES,E-2024-00068373,008VSS982 - UNIDAD OPERATIVA MORELOS,MORELOS
1107,AA-13-J3A-013J3A001-N-228-2024,NACIONAL,"SERVICIO DE ALIMENTOS, PARA LA CUARTA REUNIÓN INFORMATIVA.",	ASIPONA-LÁZARO CÁRDENAS,ADJUDICADO,,,ADJUDICACIÓN DIRECTA,SERVICIOS,E-2024-00076788,013J3A001 - LAZARO CARDENAS-GERENCIA DE ADMINISTRACION Y FINANZAS,MICHOACÁN DE OCAMPO
1108,AA-12-I00-012I00999-N-5-2024,NACIONAL,SERVICIO DE MANTENIMIENTO PREVENTIVO Y CORRECTIVO A MAQUINARIA ELECTRICA DEL CEN,CNTS,ADJUDICADO,,,ADJUDICACIÓN DIRECTA,SERVICIOS,E-2024-00068154,012I00999 - CENTRO NACIONAL DE LA TRANSFUSION SANGUINEA,CIUDAD DE MÉXICO
1109,AA-13-312-013000999-N-904-2024,NACIONAL,NAC 13-0696/24 REQ 1289 UNAV07OR PARA UTILIZARSE EN: MANTENIMIENTO Y CONSERVACIÓ,SEMAR,ADJUDICADO,,,ADJUDICACIÓN DIRECTA,SERVICIOS,E-2024-00070110,013000999 - DIRECCION GENERAL ADJUNTA DE ADQUISICIONES,CIUDAD DE MÉXICO
1110,AA-50-GYR-050GYR058-I-170-2024,INTERNACIONAL ABIERTO,I170 ADJUDICACIÓN DIRECTA DE MATERIALES ACCESORIOS Y SUMINISTROS DE LABORATORIO,IMSS,ADJUDICADO,,,ADJUDICACIÓN DIRECTA,ADQUISICIONES,E-2024-00078277,"050GYR058 - UMAE HOSPITAL DE ESPECIALIDADES NO. 1 CMN BAJIO, DEPARTAMENTO DE ABASTECIMIENTO",GUANAJUATO
1111,AA-08-VSS-008VSS970-N-122-2024,NACIONAL,ABARROTES NO COMESTIBLES,APB,ADJUDICADO,,,ADJUDICACIÓN DIRECTA,ADQUISICIONES,E-2024-00075566,008VSS970 - SUBGERENCIA DE UNIDAD OPERATIVA BAJA CALIFORNIA NORTE,BAJA CALIFORNIA
1112,AA-08-VSS-008VSS972-N-265-2024,NACIONAL,HARINA DE MAIZ NIXTAMALIZADO BLANCA,APB,ADJUDICADO,,,ADJUDICACIÓN DIRECTA,ADQUISICIONES,E-2024-00068054,008VSS972 - UNIDAD OPERATIVA ACAYUCAN,VERACRUZ
1113,AA-11-B01-011B01001-N-2673-2024,NACIONAL,ASISTENTE DE EDICIÓN,ONCETV,ADJUDICADO,,,ADJUDICACIÓN DIRECTA,SERVICIOS,E-2024-00070919,011B01001 - DIRECCION DE ADMINISTRACION Y FINANZAS,CIUDAD DE MÉXICO
1114,AA-08-VSS-008VSS998-N-622-2024,NACIONAL,"ABARROTES NO COMESTIBLES, MERCANCIAS GENERALES",APB,ADJUDICADO,,,ADJUDICACIÓN DIRECTA,ADQUISICIONES,E-2024-00071977,008VSS998 - DIRECCIÓN COMERCIAL,CIUDAD DE MÉXICO
1115,AA-08-VSS-008VSS974-N-261-2024,NACIONAL,PRODUCTOS DIVERSOS,APB,ADJUDICADO,,,ADJUDICACIÓN DIRECTA,ADQUISICIONES,E-2024-00079912,008VSS974 - UNIDAD OPERATIVA COAHUILA,COAHUILA DE ZARAGOZA
1116,AO-50-GYR-050GYR110-N-26-2025,NACIONAL,ADECUACION DE AULA DE ENSEÑANZA (CALIDAD) DEL HGR 2,IMSS,ADJUDICADO,,,ADJUDICACIÓN DIRECTA,OBRA PÚBLICA,E-2025-00057044,050GYR110 - JEFATURA DE SERVICIOS ADMINISTRATIVOS DELEGACION QUERETARO,QUERÉTARO
1117,AA-51-GYN-051GYN057-N-25-2025,NACIONAL,"ACTIVIDADES EDUCATIVAS Y RECREATIVAS, PRESENTACIONES ESCÉNICAS EN VIVO",ISSSTE,ADJUDICADO,,,ADJUDICACIÓN DIRECTA,SERVICIOS,E-2025-00057536,051GYN057 - SUBDELEGACION DE ADMINISTRACION,ZACATECAS
1118,AA-51-GYN-051GYN017-N-42-2025,NACIONAL,ADQUISICIÓN DE MATERIALES COMPLEMENTARIOS PARA EL ISSSTE EN QUINTANA ROO,ISSSTE,ADJUDICADO,,,ADJUDICACIÓN DIRECTA,ADQUISICIONES,E-2025-00063978,051GYN017 - DEPARTAMENTO DE RECURSOS MATERIALES Y OBRAS EN QUINTANA ROO,QUINTANA ROO
1119,AO-50-GYR-050GYR064-N-48-2025,NACIONAL,DICTAMEN ESTRUCTURAL DE LA EX CLÍNICA 1 EN ORIZABA. VER.,IMSS,ADJUDICADO,,,ADJUDICACIÓN DIRECTA,SERVICIOS RELACIONADOS CON LA OBRA,E-2025-00089607,"050GYR064 - DEPARTAMENTO DE CONSTRUCCION Y PLANEACION INMOBILIARIA, ÓOAD REGIONAL VERACRUZ SUR",VERACRUZ
1120,AA-08-VSS-008VSS974-N-43-2025,NACIONAL,"GANADO LECHERO 12% (ROLADO),GANADO ENGORDA EN CORRAL,SALVADILLO BULTO",APB,ADJUDICADO,,,ADJUDICACIÓN DIRECTA,ADQUISICIONES,E-2025-00083053,008VSS974 - UNIDAD OPERATIVA COAHUILA,COAHUILA DE ZARAGOZA
1121,AA-11-MAX-011MAX001-N-511-2025,NACIONAL,PAPEL COUCHE,IEPSA,ADJUDICADO,,,ADJUDICACIÓN DIRECTA,ADQUISICIONES,E-2025-00090214,011MAX001 - SUBGERENCIA DE ADQUISICIONES Y CONTRATACION DE SERVICIOS,CIUDAD DE MÉXICO
1122,AA-06-A00-006A00997-N-603-2023,NACIONAL,01-23-195 SERVICIOS PROFESIONALES PARA LA ELABORACIÓN  DE AVALÚOS,INDAABIN,ADJUDICADO,,,ADJUDICACIÓN DIRECTA,SERVICIOS,E-2023-00036142,006A00997 - DIRECCIÓN GENERAL DE AVALÚOS Y OBRAS,CIUDAD DE MÉXICO
1123,AA-48-410-048410003-N-1333-2023,NACIONAL,SERVICIOS PROFESIONALES CONSISTENTES EN COADYUVAR CON LA DIRECCIÓN GENERAL,CULTURA,ADJUDICADO,,,ADJUDICACIÓN DIRECTA,SERVICIOS,E-2023-00035206,048410003 - DEPARTAMENTO DE COMITE,CIUDAD DE MÉXICO
1124,AA-38-91S-03891S999-N-109-2023,NACIONAL,SERVICIOS PROFESIONALES,MORA,ADJUDICADO,,,ADJUDICACIÓN DIRECTA,SERVICIOS,E-2023-00034665,03891S999 - DIR. ADMON. Y FINANZAS - DEPARTAMENTO DE RECURSOS MATERIALES Y SERVICIOS GENERALES,CIUDAD DE MÉXICO
1125,AA-12-NBT-012NBT999-N-370-2023,NACIONAL,SERVICIOS PROFESIONALES DE APOYO ADMINISTRATIVO,IMSS-BIENESTAR,ADJUDICADO,,,ADJUDICACIÓN DIRECTA,SERVICIOS,E-2023-00036226,"056AYO936 - DIRECCION DE ADMINISTRACION Y FINANZAS, SUBDIRECCION DE RECURSOS MATERIALES",TAMAULIPAS
1126,AA-12-NBT-012NBT999-N-340-2023,NACIONAL,SERVICIOS PROFESIONALES DE ENFERMERIA,IMSS-BIENESTAR,ADJUDICADO,,,ADJUDICACIÓN DIRECTA,SERVICIOS,E-2023-00034711,"056AYO936 - DIRECCION DE ADMINISTRACION Y FINANZAS, SUBDIRECCION DE RECURSOS MATERIALES",TAMAULIPAS
1127,AA-20-151-020000992-N-50-2023,NACIONAL,IMPRESIÓN DE MATERIAL DE APOYO E INFORMATIVO CIEM015,BIENESTAR,ADJUDICADO,,,ADJUDICACIÓN DIRECTA,SERVICIOS,E-2023-00035635,"020000992 - DELEGACION YUCATAN, SUBDELEGACION DE ADMINISTRACION",YUCATÁN
1128,AA-08-VSS-008VSS008-N-210-2023,NACIONAL,HARINA DE TRIGO,APB,ADJUDICADO,,,ADJUDICACIÓN DIRECTA,ADQUISICIONES,E-2023-00036351,008VSS008 - SUBGERENCIA OPERACIONES REGIONAL NORTE CENTRO,CHIHUAHUA
1129,AA-11-B00-011B00001-N-2504-2024,NACIONAL,PRESTACIÓN DE SERVICIOS PROFESIONALES,IPN,ADJUDICADO,,,ADJUDICACIÓN DIRECTA,SERVICIOS,E-2024-00031197,011B00001 - DIRECCION DE RECURSOS MATERIALES E INFRAESTRUCTURA,CIUDAD DE MÉXICO
1130,AA-08-VSS-008VSS996-N-78-2024,NACIONAL,ABARROTES COMESTIBLES,APB,ADJUDICADO,,,ADJUDICACIÓN DIRECTA,ADQUISICIONES,E-2024-00033092,008VSS996 - SUBGERENCIA DE U.O.TUXTLA ABASTO,CHIAPAS
1131,AA-08-JBK-008JBK001-N-22-2024,NACIONAL,SERVICIO DE REPARACIÓN MAYOR DEL ULTRACONGELADOR MARCA REVCO,PRONABIVE,ADJUDICADO,,,ADJUDICACIÓN DIRECTA,SERVICIOS,E-2024-00030981,008JBK001 - DIRECCIÓN DE PLANEACIÓN Y ADMINISTRACIÓN,CIUDAD DE MÉXICO
1132,AA-50-GYR-050GYR049-T-61-2024,INTERNACIONAL BAJO LA COBERTURA DE TRATADOS,AA-UMAE- DVFN-2024,IMSS,ADJUDICADO,,,ADJUDICACIÓN DIRECTA,ADQUISICIONES,E-2024-00034733,"050GYR049 - UMAE DR. VICTORIO DE LA FUENTE NARVAEZ CIUDAD DE MEXICO, DIRECCION",CIUDAD DE MÉXICO
1133,AA-50-GYR-050GYR012-N-366-2023,NACIONAL,PARA LA CONTRATACIÓN DEL SERVICIO DE MANTENIMIENTO CORRECTIVO A UNIDAD PAQUETE,IMSS,ADJUDICADO,,,ADJUDICACIÓN DIRECTA,SERVICIOS,E-2023-00125046,050GYR012 - COORDINACION DE ABASTECIMIENTO Y EQUIPAMIENTO,COLIMA
1134,AA-38-90G-03890G999-N-18-2024,NACIONAL,"SERVICIO DE MANTENIMIENTO A CÁMARAS DE ENVEJECIMIENTO POR XENÓN, UV Y NIEBLA SAL",CIATEC,ADJUDICADO,,,ADJUDICACIÓN DIRECTA,SERVICIOS,E-2024-00080336,03890G999 - SUBDIRECCION DE RECURSOS MATERIALES Y SERVICIOS,GUANAJUATO
1135,AA-08-VSS-008VSS977-N-232-2024,NACIONAL,ABARROTES COMESTIBLES,APB,ADJUDICADO,,,ADJUDICACIÓN DIRECTA,ADQUISICIONES,E-2024-00074770,"008VSS977 - UNIDAD OPERATIVA NAYARIT, ABASTO",NAYARIT
1136,AA-08-VSS-008VSS989-N-193-2024,NACIONAL,HARINA DE MAIZ SEGALMEX,APB,ADJUDICADO,,,ADJUDICACIÓN DIRECTA,ADQUISICIONES,E-2024-00079935,008VSS989 - SUCURSAL CENTRO-NORTE SUBGERENCIA DE ABASTO,ZACATECAS
1137,AA-38-90E-03890E999-N-161-2024,NACIONAL,SERVICIO PREVENTIVO ESPECTROFLUROMETRO HORIBA,CIMAV,ADJUDICADO,,,ADJUDICACIÓN DIRECTA,SERVICIOS,E-2024-00079952,03890E999 - DIRECCION DE ADMINISTRACION Y FINANZAS,NUEVO LEÓN
1138,AA-08-VSS-008VSS988-N-104-2024,NACIONAL,HARINA DE TRIGO,APB,ADJUDICADO,,,ADJUDICACIÓN DIRECTA,ADQUISICIONES,E-2024-00077925,008VSS988 - UNIDAD OPERATIVA ISTMO-COSTA,OAXACA
1139,AA-51-GYN-051GYN041-N-52-2024,NACIONAL,MATERIAL DE CURACIÓN DE ALTA ESPECIALIDAD,ISSSTE,ADJUDICADO,,,ADJUDICACIÓN DIRECTA,ADQUISICIONES,E-2024-00078925,051GYN041 - CENTRO MEDICO NACIONAL 20 DE NOVIEMBRE,CIUDAD DE MÉXICO
1140,AO-48-D00-048D00004-N-89-2024,NACIONAL,"INTERVENCION DE PALACIO DE CORTES PRIMER NIVEL, CUERNAVACA MORELOS",INAH,ADJUDICADO,,,ADJUDICACIÓN DIRECTA,OBRA PÚBLICA,E-2024-00089282,048D00004 - COORDINACION NACIONAL DE OBRAS Y PROYECTOS,CIUDAD DE MÉXICO
1141,AA-08-VSS-008VSS977-N-335-2024,NACIONAL,ABARROTES COMESTIBLES,APB,ADJUDICADO,,,ADJUDICACIÓN DIRECTA,ADQUISICIONES,E-2024-00085879,"008VSS977 - UNIDAD OPERATIVA NAYARIT, ABASTO",NAYARIT
1142,AA-08-VSS-008VSS998-N-841-2024,NACIONAL,MAIZ BLANCO,APB,ADJUDICADO,,,ADJUDICACIÓN DIRECTA,ADQUISICIONES,E-2024-00083862,008VSS998 - DIRECCIÓN COMERCIAL,CIUDAD DE MÉXICO
1143,AA-08-VSS-008VSS998-N-888-2023,NACIONAL,"ABARROTES COMESTIBLES, ABARROTES NO COMESTIBLES, MERCANCIAS GENERALES",APB,ADJUDICADO,,,ADJUDICACIÓN DIRECTA,ADQUISICIONES,E-2024-00081480,008VSS998 - DIRECCIÓN COMERCIAL,CIUDAD DE MÉXICO
1144,AA-08-VSS-008VSS007-N-172-2024,NACIONAL,ABARROTES COMESTIBLES,APB,ADJUDICADO,,,ADJUDICACIÓN DIRECTA,ADQUISICIONES,E-2024-00083228,"008VSS007 - SUBGERENCIA REGIONAL NOROESTE, UNIDAD OPERATIVA CULIACÁN",SINALOA
1145,AA-13-J3A-013J3A001-N-263-2024,NACIONAL,SERVICIOS ENTERPRISE HYBRID CLOUD.,	ASIPONA-LÁZARO CÁRDENAS,ADJUDICADO,,,ADJUDICACIÓN DIRECTA,SERVICIOS,E-2024-00083412,013J3A001 - LAZARO CARDENAS-GERENCIA DE ADMINISTRACION Y FINANZAS,MICHOACÁN DE OCAMPO
1146,AA-11-B00-011B00001-N-5655-2024,NACIONAL,PRESTACIÓN DE SERVICIOS PROFESIONALES ESIQIE-PSP-791-2024,IPN,ADJUDICADO,,,ADJUDICACIÓN DIRECTA,SERVICIOS,E-2024-00084381,011B00001 - DIRECCION DE RECURSOS MATERIALES E INFRAESTRUCTURA,CIUDAD DE MÉXICO
1147,AA-06-A00-006A00997-N-1799-2024,NACIONAL,02-24-103   SERVICIOS PROFESIONALES PARA LA ELABORACIÓN DEL AVALÚO,INDAABIN,ADJUDICADO,,,ADJUDICACIÓN DIRECTA,SERVICIOS,E-2024-00081986,006A00997 - DIRECCIÓN GENERAL DE AVALÚOS Y OBRAS,CIUDAD DE MÉXICO
1148,AA-08-VSS-008VSS976-N-276-2024,NACIONAL,ABARROTES NO COMESTIBLES MERCANCIAS GENERALES,APB,ADJUDICADO,,,ADJUDICACIÓN DIRECTA,ADQUISICIONES,E-2024-00080933,"008VSS976 - UNIDAD OPERATIVA MIXTECA, ABASTO",OAXACA
1149,AA-15-412-015000999-N-1347-2023,NACIONAL,PRESTADOR DE SERVICIOS,SEDATU,ADJUDICADO,,,ADJUDICACIÓN DIRECTA,SERVICIOS,E-2023-00074450,015000999 - DIRECCION GENERAL DE RECURSOS MATERIALES Y SERVICIOS GENERALES,CIUDAD DE MÉXICO
1150,AO-86-I69-827004998-N-61-2023,NACIONAL,"K0554.- REHABILITACIÓN INTEGRAL DE CRUCEROS, EN LA CIUDAD DE VILLAHERMOSA",086I69,ADJUDICADO,,,ADJUDICACIÓN DIRECTA,OBRA PÚBLICA,E-2023-00077909,"827004998 - DIRECCION DE OBRAS, ORDENAMIENTO TERRITORIAL Y SERVICIOS MUNICIPALES",TABASCO
1151,AA-11-B00-011B00001-N-4234-2023,NACIONAL,"SERVICIO DE DIFUSIÓN DE LA CAMPAÑA “ACTIVIDADES DEPORTIVAS"", VERSIÓN ""CARRERA IP",IPN,ADJUDICADO,,,ADJUDICACIÓN DIRECTA,SERVICIOS,E-2023-00078634,011B00001 - DIRECCION DE RECURSOS MATERIALES E INFRAESTRUCTURA,CIUDAD DE MÉXICO
1152,AA-21-W3S-021W3S002-N-173-2023,NACIONAL,CEMENTO Y PRODUCTOS DE CONCRETO,FONATUR-INFRAESTRUCTURA,ADJUDICADO,,,ADJUDICACIÓN DIRECTA,ADQUISICIONES,E-2023-00077326,"021W3S002 - GERENCIA CENTRAL, SUBGERENCIA DE ADQUISICIONES",QUINTANA ROO
1153,AA-13-J4V-013J4V001-N-59-2023,NACIONAL,"INSTRUCTOR ACADÉMICO PARA FORMACIÓN, ACTUALIZACIÓN Y/O CAPACITACIÓN",FIDENA,ADJUDICADO,,,ADJUDICACIÓN DIRECTA,SERVICIOS,E-2023-00077390,013J4V001 - DIRECCION DE ADMINISTRACION Y FINANZAS,CIUDAD DE MÉXICO
1154,AA-13-J4V-013J4V001-N-57-2023,NACIONAL,"INSTRUCTOR ACADÉMICO PARA FORMACIÓN, ACTUALIZACIÓN Y/O CAPACITACIÓN",FIDENA,ADJUDICADO,,,ADJUDICACIÓN DIRECTA,SERVICIOS,E-2023-00077411,013J4V001 - DIRECCION DE ADMINISTRACION Y FINANZAS,CIUDAD DE MÉXICO
1155,AA-12-M7A-012M7A001-N-215-2023,NACIONAL,ADQUISICIÓN DE BIENES PARA LOS PROYECTOS DE INVESTIGACIÓN DEL HOSPITAL REGIONAL,IMSS-BIENESTAR,ADJUDICADO,,,ADJUDICACIÓN DIRECTA,ADQUISICIONES,E-2023-00078924,056AYO939 - DIRECCION DE ADMINISTRACION Y FINANZAS,CHIAPAS
1156,AA-48-D00-048D00001-N-486-2023,NACIONAL,"SERVICIO PROFESIONAL ESPECIALIZADO EN ORGANIZACIÓN DOCUMENTAL, HISTORIA Y CONSER",INAH,ADJUDICADO,,,ADJUDICACIÓN DIRECTA,SERVICIOS,E-2023-00075611,048D00001 - COORDINACION NACIONAL DE RECURSOS MATERIALES Y SERVICIOS,CIUDAD DE MÉXICO
1157,AA-50-GYR-050GYR998-T-120-2023,INTERNACIONAL BAJO LA COBERTURA DE TRATADOS,ABTA2337ES04060168 GSE,IMSS,ADJUDICADO,,,ADJUDICACIÓN DIRECTA,SERVICIOS,E-2023-00031947,"050GYR998 - UMAE, HOSPITAL DE ESPECIALIDADES, C.M.N. SIGLO XXI",CIUDAD DE MÉXICO
1158,AA-04-812-004000998-N-40-2023,NACIONAL,SOPORTE A LA OPERACIÓN DEL CÓMPUTO CENTRAL,SEGOB,ADJUDICADO,,,ADJUDICACIÓN DIRECTA,SERVICIOS,E-2023-00031089,004000998 - DIRECCIÓN GENERAL DE RECURSOS MATERIALES Y SERVICIOS GENERALES,CIUDAD DE MÉXICO
1159,AA-48-MHL-048MHL001-N-123-2023,NACIONAL,SERVICIOS PROFESIONALES DE COORDINACIÓN DE INVITADOS ENLACE DE INFORMACIÓN,TVMETRO,ADJUDICADO,,,ADJUDICACIÓN DIRECTA,SERVICIOS,E-2023-00032782,048MHL001 - DIRECCION DE ADMINISTRACION,CIUDAD DE MÉXICO
1160,AA-50-GYR-050GYR058-I-205-2023,INTERNACIONAL ABIERTO,I205 ADJUDICACIÓN DIRECTA DE MATERIALES ACCESORIOS Y SUMINISTROS MÉDICOS,IMSS,ADJUDICADO,,,ADJUDICACIÓN DIRECTA,ADQUISICIONES,E-2023-00032369,"050GYR058 - UMAE HOSPITAL DE ESPECIALIDADES NO. 1 CMN BAJIO, DEPARTAMENTO DE ABASTECIMIENTO",GUANAJUATO
1161,AA-38-91E-03891E997-I-16-2023,INTERNACIONAL ABIERTO,SERVICIO DE SECUENCIACION BIDIRECCIONAL PROYECTO 43153 DE ECOSUR UNIDAD CHETUMAL,ECOSUR,ADJUDICADO,,,ADJUDICACIÓN DIRECTA,SERVICIOS,E-2023-00032930,"03891E997 - UNIDAD CHETUMAL, RECURSOS MATERIALES Y SERVICIOS GENERALES",QUINTANA ROO
1162,AA-51-GYN-051GYN022-N-22-2023,NACIONAL,SERVICIO DE FUMIGACIÓN,ISSSTE,ADJUDICADO,,,ADJUDICACIÓN DIRECTA,SERVICIOS,E-2023-00104510,051GYN022 - DEPARTAMENTO DE RECURSOS MATERIALES Y OBRAS,TLAXCALA
1163,AA-06-E00-006E00021-N-10-2023,NACIONAL,MANTENIMIENTO A MAQUINARIA Y EQUIPO,SAT,ADJUDICADO,,,ADJUDICACIÓN DIRECTA,SERVICIOS,E-2023-00099108,006E00021 - SUBADMINISTRACION DE RECURSOS Y SERVICIOS,TAMAULIPAS
1164,AA-48-E00-048E00995-N-884-2025,NACIONAL,DIRECCIÓN ARTISTICA DE LA OBRA DE TEATRO “CIVIL”,INBAL,ADJUDICADO,,,ADJUDICACIÓN DIRECTA,SERVICIOS,E-2025-00059380,048E00995 - DIRECCION DE RECURSOS MATERIALES,CIUDAD DE MÉXICO
1165,AA-55-J9E-055J9E997-N-18-2025,NACIONAL,SERVICIO DE MANTENIMIENTO PREVENTIVO Y CORRECTIVO DE VEHÍCULOS MOTOCICLETAS 125C,SEPOMEX,ADJUDICADO,,,ADJUDICACIÓN DIRECTA,SERVICIOS,E-2025-00057327,055J9E997 - DIRECCIÓN REGIONAL SUR,PUEBLA
1166,AA-11-L6W-011L6W973-N-7-2025,NACIONAL,REFACCIONES Y ACCESORIOS MENORES DE EQUIPO DE TRANSPORTE,CONAFE,ADJUDICADO,,,ADJUDICACIÓN DIRECTA,ADQUISICIONES,E-2025-00059489,011L6W973 - COORDINACIÓN TERRITORIAL PARA EL SERVICIO EDUCATIVO DEL CONAFE EN CHIHUAHUA,CHIHUAHUA
1167,AA-12-NDY-012NDY001-N-672-2025,NACIONAL,REALIZACIÓN DEL LEVANTAMIENTO DE  INFORMACIÓN DEL  CUESTIONARIO DE HOGAR,INSP,ADJUDICADO,,,ADJUDICACIÓN DIRECTA,SERVICIOS,E-2025-00066050,012NDY001 - DEPARTAMENTO DE SERVICIOS GENERALES Y MANTENIMIENTO,MORELOS
1168,AA-48-410-048410003-N-1179-2025,NACIONAL,PRESTAR SERVICIOS PROFESIONALES EN LA COORDINACIÓN DEL SISTEMA NACIONAL DE FOMEN,CULTURA,ADJUDICADO,,,ADJUDICACIÓN DIRECTA,SERVICIOS,E-2025-00068580,048410003 - DEPARTAMENTO DE COMITE,CIUDAD DE MÉXICO
1169,AA-81-003-922017981-N-79-2025,NACIONAL,MATERIAL PARA MANTENIMIENTO Y REHABILITACIÓN,COBAQ,ADJUDICADO,,,ADJUDICACIÓN DIRECTA,ADQUISICIONES,E-2025-00095301,922017981 - DIRECCIÓN ADMINISTRATIVA,QUERÉTARO
1170,AA-08-VSS-008VSS977-N-342-2025,NACIONAL,ABARROTES COMESTIBLES,APB,ADJUDICADO,,,ADJUDICACIÓN DIRECTA,ADQUISICIONES,E-2025-00100386,"008VSS977 - UNIDAD OPERATIVA NAYARIT, ABASTO",NAYARIT
1171,AO-68-021-909004999-N-137-2025,NACIONAL,REHABILITACIÓN DE LA INFRAESTRUCTURA HIDRÁULICA EN DIVERSAS ALCALDÍAS DE LA CDMX,SEDEMA,ADJUDICADO,,,ADJUDICACIÓN DIRECTA,OBRA PÚBLICA,E-2025-00101236,909004999 - SISTEMA DE AGUAS DE LA CIUDAD DE MÉXICO,CIUDAD DE MÉXICO
1172,AA-08-VSS-008VSS978-N-5-2026,NACIONAL,ABARROTES COMESTIBLES,APB,ADJUDICADO,,,ADJUDICACIÓN DIRECTA,ADQUISICIONES,E-2026-00006005,"008VSS978 - UNIDAD OPERATIVA POZA RICA, ABASTO",VERACRUZ
1173,AA-51-GYN-051GYN074-N-41-2026,NACIONAL,SERVICIOS MEDICOS SUBROGADOS,ISSSTE,ADJUDICADO,,,ADJUDICACIÓN DIRECTA,SERVICIOS,E-2026-00006239,"051GYN074 - DELEGACIÓN ESTATAL MICHOACÁN, SUBDELEGACIÓN DE ADMINISTRACIÓN",MICHOACÁN DE OCAMPO
1174,AA-16-RHQ-016RHQ001-N-426-2026,NACIONAL,SERVICIO DE ASISTENCIA TÉCNICA ESPECIALIZADA PARA EL ANÁLISIS,CONAFOR,ADJUDICADO,,,ADJUDICACIÓN DIRECTA,SERVICIOS,E-2026-00005348,"016RHQ001 - GERENCIA DE RECURSOS MATERIALES, UNIDAD DE ADMINISTRACION Y FINANZAS",JALISCO
1175,AA-11-L6W-011L6W001-N-75-2023,NACIONAL,ADQUISICION DE MATERIAL ELECTRICO,CONAFE,ADJUDICADO,,,ADJUDICACIÓN DIRECTA,ADQUISICIONES,E-2023-00049716,"011L6W001 - DIRECCION DE ADMINISTRACION Y FINANZAS, SUBDIRECCION DE RECURSOS MATERIALES",SONORA
1176,AA-50-GYR-050GYR001-I-179-2023,INTERNACIONAL ABIERTO,"GRUPOS 060, 070 Y 080 MATERIAL DE CURACIÓN, RADIOLÓGICO Y LABORATORIO",IMSS,ADJUDICADO PARCIAL,,,ADJUDICACIÓN DIRECTA,ADQUISICIONES,E-2023-00049986,"050GYR001 - DEL. GUERRERO, COORDINACION DE ABASTECIMIENTO Y EQUIPAMIENTO",GUERRERO
1177,AA-11-L4J-011L4J995-N-212-2023,NACIONAL,SPORT-KLENZ CONCENTRADO ESTERILIZANTE DESINFECTANTE EN FRIO MEZCLA ESTABILIZADA,CINVESTAV,ADJUDICADO,,,ADJUDICACIÓN DIRECTA,ADQUISICIONES,E-2023-00050274,011L4J995 - SUBDIRECCION DE RECURSOS MATERIALES,CIUDAD DE MÉXICO
1178,AA-50-GYR-050GYR058-T-330-2023,INTERNACIONAL BAJO LA COBERTURA DE TRATADOS,T330 ADJUDICACIÓN DIRECTA DE MEDICINAS Y PRODUCTOS FARMACÉUTICOS,IMSS,ADJUDICADO,,,ADJUDICACIÓN DIRECTA,ADQUISICIONES,E-2023-00049521,"050GYR058 - UMAE HOSPITAL DE ESPECIALIDADES NO. 1 CMN BAJIO, DEPARTAMENTO DE ABASTECIMIENTO",GUANAJUATO
1179,AA-11-MAX-011MAX001-N-43-2023,NACIONAL,ADQUISICION DE PAPEL,IEPSA,ADJUDICADO,,,ADJUDICACIÓN DIRECTA,ADQUISICIONES,E-2023-00038870,011MAX001 - SUBGERENCIA DE ADQUISICIONES Y CONTRATACION DE SERVICIOS,CIUDAD DE MÉXICO
1180,AA-06-A00-006A00997-N-858-2023,NACIONAL,04-22-2022 SERVICIOS PROFESIONALES PARA LA ELABORACIÓN DE AVALÚOS,INDAABIN,ADJUDICADO,,,ADJUDICACIÓN DIRECTA,SERVICIOS,E-2023-00039377,006A00997 - DIRECCIÓN GENERAL DE AVALÚOS Y OBRAS,CIUDAD DE MÉXICO
1181,AA-47-AYL-006AYL998-N-395-2023,NACIONAL,SERVICIO DE EDICIÓN Y POSTPRODUCCIÓN DE PROGRAMAS ESPECIALES Y PIEZAS INFORMATIV,SPR,ADJUDICADO,,,ADJUDICACIÓN DIRECTA,SERVICIOS,E-2023-00038523,006AYL998 - UNIDAD DE ADMINISTRACIÓN Y FINANZAS,CIUDAD DE MÉXICO
1182,AA-11-B00-011B00001-N-2607-2023,NACIONAL,PRESTACION DE SERVICIOS PROFESIONALES CENLEX SANTO TOMAS,IPN,ADJUDICADO,,,ADJUDICACIÓN DIRECTA,SERVICIOS,E-2023-00038402,011B00001 - DIRECCION DE RECURSOS MATERIALES E INFRAESTRUCTURA,CIUDAD DE MÉXICO
1183,AA-12-NDY-012NDY001-N-198-2023,NACIONAL,REVISAR LA GLOBAL DATABASE ON THE IMPLEMENTATION OF NUTRITION ACTION (GINA-OMS).,INSP,ADJUDICADO,,,ADJUDICACIÓN DIRECTA,SERVICIOS,E-2023-00037715,012NDY001 - DEPARTAMENTO DE SERVICIOS GENERALES Y MANTENIMIENTO,MORELOS
1184,AA-08-VSS-008VSS983-N-474-2024,NACIONAL,ABARROTES COMESTIBLES,APB,ADJUDICADO,,,ADJUDICACIÓN DIRECTA,ADQUISICIONES,E-2024-00102056,008VSS983 - DIRECCIÓN DE COMERCIALIZACIÓN,MÉXICO
1185,AA-89-Y52-930087056-N-39-2024,NACIONAL,"SALONES, EQUIPO AUDIOVISUAL,COFFE BREAK Y HOSPEDAJE.",SEV,ADJUDICADO,,,ADJUDICACIÓN DIRECTA,SERVICIOS,E-2024-00090514,930087056 - DIRECCIÓN DE ADQUISICIONES Y ARRENDAMIENTO DE INMUEBLES,VERACRUZ
1186,AO-16-B00-016B00004-N-120-2024,NACIONAL,"TRABAJOS DE REHABILITACIÓN EN LOS AFLUENTES DEL RÍO DE LOS REMEDIOS, EN VARIOS M",CONAGUA,ADJUDICADO,,,ADJUDICACIÓN DIRECTA,OBRA PÚBLICA,E-2024-00100585,"016B00004 - ORGANISMO DE CUENCA AGUAS DEL VALLE DE MEXICO, DIRECCION DE ADMINISTRACION",CIUDAD DE MÉXICO
1187,AA-11-B00-011B00001-N-3146-2024,NACIONAL,PRESTACIÓN DE SERVICIO PROFESIONALES PARA LA BIBLIOTECA DE ESIME TICOMÁN,IPN,ADJUDICADO,,,ADJUDICACIÓN DIRECTA,SERVICIOS,E-2024-00041614,011B00001 - DIRECCION DE RECURSOS MATERIALES E INFRAESTRUCTURA,CIUDAD DE MÉXICO
1188,AA-11-B00-011B00001-N-2447-2024,NACIONAL,CONTRATACIÓN DE SERVICIOS PROFESIONALES CURSO COMIPEMS DEL CECYT3,IPN,ADJUDICADO,,,ADJUDICACIÓN DIRECTA,SERVICIOS,E-2024-00030965,011B00001 - DIRECCION DE RECURSOS MATERIALES E INFRAESTRUCTURA,MÉXICO
1189,AA-08-VSS-008VSS985-N-140-2024,NACIONAL,FABRICA DE JABON LA CORONA CHETUMAL,APB,ADJUDICADO,,,ADJUDICACIÓN DIRECTA,ADQUISICIONES,E-2024-00031573,008VSS985 - GERENCIA REGIONAL PENINSULAR,QUINTANA ROO
1190,AA-08-VSS-008VSS990-N-74-2024,NACIONAL,ABARROTES COMESTIBLES,APB,ADJUDICADO,,,ADJUDICACIÓN DIRECTA,ADQUISICIONES,E-2024-00040525,"008VSS990 - GERENCIA REGIONAL HIDALGO, SUBGERENCIA DE ABASTO",HIDALGO
1191,AA-11-B01-011B01001-N-1496-2024,NACIONAL,REALIZADOR,ONCETV,ADJUDICADO,,,ADJUDICACIÓN DIRECTA,SERVICIOS,E-2024-00035199,011B01001 - DIRECCION DE ADMINISTRACION Y FINANZAS,CIUDAD DE MÉXICO
1192,AA-10-LAU-010LAU001-N-49-2024,NACIONAL,SUMINISTRO DE GASES ESPECIALES,SGM,ADJUDICADO,,,ADJUDICACIÓN DIRECTA,ADQUISICIONES,E-2024-00041442,010LAU001 - SUBGERENCIA DE ADQUISICIONES,CHIHUAHUA
1193,AA-08-VSS-008VSS990-N-82-2024,NACIONAL,ABARROTES COMESTIBLES,APB,ADJUDICADO,,,ADJUDICACIÓN DIRECTA,ADQUISICIONES,E-2024-00040883,"008VSS990 - GERENCIA REGIONAL HIDALGO, SUBGERENCIA DE ABASTO",HIDALGO
1194,AA-08-VSS-008VSS967-N-303-2024,NACIONAL,"LA ITALIANA, S.A. DE C.V.",APB,ADJUDICADO,,,ADJUDICACIÓN DIRECTA,ADQUISICIONES,E-2024-00101672,008VSS967 - UNIDAD OPERATIVA QUINTANA ROO-ABASTO,QUINTANA ROO
1195,AA-08-VSS-008VSS990-N-452-2024,NACIONAL,ABARROTES COMESTIBLES,APB,ADJUDICADO,,,ADJUDICACIÓN DIRECTA,ADQUISICIONES,E-2024-00102611,"008VSS990 - GERENCIA REGIONAL HIDALGO, SUBGERENCIA DE ABASTO",HIDALGO
1196,AA-08-VSS-008VSS976-N-487-2024,NACIONAL,ABARROTES COMESTIBLES,APB,ADJUDICADO,,,ADJUDICACIÓN DIRECTA,ADQUISICIONES,E-2024-00099688,"008VSS976 - UNIDAD OPERATIVA MIXTECA, ABASTO",OAXACA
1197,AA-38-90S-03890S999-N-37-2024,NACIONAL,SERVICIO DE MANTENIMIENTO CORRECTIVO A TABLERO ELECTRICO Y A TUBERIA DE AIRE.,CIO,ADJUDICADO,,,ADJUDICACIÓN DIRECTA,SERVICIOS,E-2024-00103160,03890S999 - DIRECCION ADMINISTRATIVA,GUANAJUATO
1198,AA-11-B01-011B01001-N-3115-2024,NACIONAL,JEFE MESA DE REDACCIÓN PORTAL ONCE NOTICIAS,ONCETV,ADJUDICADO,,,ADJUDICACIÓN DIRECTA,SERVICIOS,E-2024-00103464,011B01001 - DIRECCION DE ADMINISTRACION Y FINANZAS,CIUDAD DE MÉXICO
1199,AA-56-AYO-056AYO939-N-28-2026,NACIONAL,SERVICIO DE LAVANDERIA,IMSS-BIENESTAR,ADJUDICADO,,,ADJUDICACIÓN DIRECTA,SERVICIOS,E-2026-00033810,056AYO939 - HOSPITAL DE ESPECIALIDADES PEDIATRICAS,CHIAPAS
1200,AA-48-410-048410003-N-1027-2026,NACIONAL,PRESTACIÓN DE SERVICIOS ARTÍSTICOS,CULTURA,ADJUDICADO,,,ADJUDICACIÓN DIRECTA,SERVICIOS,E-2026-00033180,048410003 - DEPARTAMENTO DE COMITE,CIUDAD DE MÉXICO
1201,AA-86-X67-927001975-N-26-2024,NACIONAL,BIENES INFORMATICOS DEL REGISTRO CIVIL,086X67,ADJUDICADO,,,ADJUDICACIÓN DIRECTA,ADQUISICIONES,E-2024-00091391,927001975 - UNIDAD DE ADMINISTRACIÓN Y FINANZAS,TABASCO
1202,AA-51-GYN-051GYN024-N-29-2025,NACIONAL,MATERIAL DE CURACION DE ALTA ESPECIALIDAD,ISSSTE,ADJUDICADO,,,ADJUDICACIÓN DIRECTA,ADQUISICIONES,E-2025-00013888,051GYN024 - COORDINACION DE RECURSOS MATERIALES,SINALOA
1203,AA-79-ZI2-920042950-N-17-2024,NACIONAL,ADQUISICIÓN DE BIENES MUEBLES E INTANGIBLES,SSO,ADJUDICADO,,,ADJUDICACIÓN DIRECTA,ADQUISICIONES,E-2025-00012995,920042950 - UNIDAD DE RECURSOS MATERIALES Y SERVICIOS GENERALES,OAXACA
1204,AA-48-E00-048E00995-N-370-2025,NACIONAL,SERVICIOS PARA COADYUVAR EN LA PROGRAMACIÓN Y SEGUIMIENTO DE LAS ACTIVIDADES,INBAL,ADJUDICADO,,,ADJUDICACIÓN DIRECTA,SERVICIOS,E-2025-00012645,048E00995 - DIRECCION DE RECURSOS MATERIALES,CIUDAD DE MÉXICO
1205,AA-27-830-027000002-N-174-2026,NACIONAL,"SERVICIOS DE INSPECCIÓN, CONTROL Y VIGILANCIA DGPCMC2",SABG,ADJUDICADO,,,ADJUDICACIÓN DIRECTA,SERVICIOS,E-2026-00023595,027000002 - DIRECCIÓN GENERAL DE RECURSOS MATERIALES Y SERVICIOS GENERALES,CIUDAD DE MÉXICO
1206,AA-48-410-048410003-N-405-2026,NACIONAL,"PRESTACIÓN DE SERVICIOS PROFESIONALES CONSISTENTES EN LA ELABORACIÓN DEL DISEÑO,",CULTURA,ADJUDICADO,,,ADJUDICACIÓN DIRECTA,SERVICIOS,E-2026-00018319,048410003 - DEPARTAMENTO DE COMITE,CIUDAD DE MÉXICO
1207,AA-08-VSS-008VSS995-N-645-2025,NACIONAL,ABARROTES NO COMESTIBLES,APB,ADJUDICADO,,,ADJUDICACIÓN DIRECTA,ADQUISICIONES,E-2026-00022846,"008VSS995 - ALIMENTACIÓN PARA EL BIENESTAR - UNIDAD OPERATIVA QUERÉTARO, ABASTO",QUERÉTARO
1208,AA-48-410-048410003-N-657-2026,NACIONAL,"SERVICIOS PROFESIONALES CONSISTENTES EN APOYOS TÉCNICOS EN UTILERIA, ENSAYOS, FU",CULTURA,ADJUDICADO,,,ADJUDICACIÓN DIRECTA,SERVICIOS,E-2026-00025974,048410003 - DEPARTAMENTO DE COMITE,CIUDAD DE MÉXICO
1209,AA-08-VSS-008VSS001-N-668-2025,NACIONAL,ABARROTES NO COMESTIBLES,APB,ADJUDICADO,,,ADJUDICACIÓN DIRECTA,ADQUISICIONES,E-2026-00028281,008VSS001 - GERENCIA REGIONAL SURESTE,TABASCO
1210,AA-08-VSS-008VSS013-N-1225-2023,NACIONAL,LECHE SUBSIDIADA,APB,ADJUDICADO,,,ADJUDICACIÓN DIRECTA,ADQUISICIONES,E-2023-00131449,008VSS013 - GERENCIA REGIONAL OAXACA,OAXACA
1211,AA-47-AYL-006AYL998-N-80-2024,NACIONAL,SERVICIO PROFESIONAL PARA LA OPERACIÓN Y MANTENIMIENTO DE LA ESTACIÓN RETRANSMIS,SPR,ADJUDICADO,,,ADJUDICACIÓN DIRECTA,SERVICIOS,E-2024-00001379,006AYL998 - UNIDAD DE ADMINISTRACIÓN Y FINANZAS,CIUDAD DE MÉXICO
1212,AA-50-GYR-050GYR998-N-1082-2023,NACIONAL,AA-50-GYR-050GYR998-N-1082-2023,IMSS,ADJUDICADO,,,ADJUDICACIÓN DIRECTA,ADQUISICIONES,E-2023-00128515,"050GYR998 - UMAE, HOSPITAL DE ESPECIALIDADES, C.M.N. SIGLO XXI",CIUDAD DE MÉXICO
1213,AA-50-GYR-050GYR030-N-35-2024,NACIONAL,AA - N-35- 2024 - SERVICIO DE GUARDERÍAS A TRAVÉS DE TERCEROS EN LOS ESQUEMAS VE,IMSS,ADJUDICADO,,,ADJUDICACIÓN DIRECTA,SERVICIOS,E-2023-00134456,050GYR030 - COORDINACION DE ABASTECIMIENTO Y EQUIPAMIENTO,BAJA CALIFORNIA SUR
1214,AO-66-050-907005975-N-12-2023,NACIONAL,TEMPLO DE LA VIRGEN DE LA NATIVIDAD (2DA. ETAPA) (REHABILITACIÓN),SEINFRA,ADJUDICADO,,,ADJUDICACIÓN DIRECTA,OBRA PÚBLICA,E-2023-00134108,907005975 - UNIDAD DE SERVICIOS TECNICOS,CHIAPAS
1215,AA-11-B01-011B01001-N-87-2024,NACIONAL,ENLACE DE AGILIZACIÓN Y GESTIÓN ADMINISTRATIVA DE PRODUCCIÓN,ONCETV,ADJUDICADO,,,ADJUDICACIÓN DIRECTA,SERVICIOS,E-2024-00000075,011B01001 - DIRECCION DE ADMINISTRACION Y FINANZAS,CIUDAD DE MÉXICO
1216,AA-51-GYN-051GYN060-N-54-2023,NACIONAL,SERVICIO MEDICO SUBROGADO DE COMUNICACIÓN HUMANA.,ISSSTE,ADJUDICADO,,,ADJUDICACIÓN DIRECTA,SERVICIOS,E-2024-00003257,051GYN060 - DEPARTAMENTO DE RECURSOS MATERIALES Y OBRAS,DURANGO
1217,AA-11-B01-011B01001-N-680-2024,NACIONAL,ANALISTA--,ONCETV,ADJUDICADO,,,ADJUDICACIÓN DIRECTA,SERVICIOS,E-2024-00002324,011B01001 - DIRECCION DE ADMINISTRACION Y FINANZAS,CIUDAD DE MÉXICO
1218,AA-51-GYN-051GYN905-N-100-2024,NACIONAL,APOYO ADMINISTRATIVO PARA EL SEGUIMIENTO Y TRÁMITE DEL PROGRAMA DE LIQUIDACIÓN S,ISSSTE,ADJUDICADO,,,ADJUDICACIÓN DIRECTA,SERVICIOS,E-2024-00003510,051GYN905 - SUBDIRECCION DE ADMINISTRACION,CIUDAD DE MÉXICO
1219,AA-11-B01-011B01001-N-744-2024,NACIONAL,INGENIERO DE SOPORTE TÉCNICO EN TI,ONCETV,ADJUDICADO,,,ADJUDICACIÓN DIRECTA,SERVICIOS,E-2024-00003004,011B01001 - DIRECCION DE ADMINISTRACION Y FINANZAS,CIUDAD DE MÉXICO
1220,AA-06-A00-006A00997-N-64-2024,NACIONAL,03-23-689   SERVICIOS PROFESIONALES PARA LA ELABORACIÓN DEL AVALÚO,INDAABIN,ADJUDICADO,,,ADJUDICACIÓN DIRECTA,SERVICIOS,E-2024-00002489,006A00997 - DIRECCIÓN GENERAL DE AVALÚOS Y OBRAS,CIUDAD DE MÉXICO
1221,AA-15-412-015000999-N-124-2024,NACIONAL,PRESTADOR DE SERVICIOS,SEDATU,ADJUDICADO,,,ADJUDICACIÓN DIRECTA,SERVICIOS,E-2024-00004301,015000999 - DIRECCION GENERAL DE RECURSOS MATERIALES Y SERVICIOS GENERALES,CIUDAD DE MÉXICO
1222,AA-20-400-020000884-N-14-2023,NACIONAL,"CONTRATO PARA LA PRESTACIÓN DEL SERV DE RENTA DE MOBILIARIO, ENERO DE 2023 III",BIENESTAR,ADJUDICADO,,,ADJUDICACIÓN DIRECTA,ARRENDAMIENTOS,E-2023-00003063,020000884 - SUBDELEGACION DE ADMINISTRACION,MÉXICO
1223,AA-14-P7R-014P7R001-N-7-2023,NACIONAL,SERVICIO DE SEGURIDAD Y VIGILANCIA EN HERMOSILLO,INFONACOT,ADJUDICADO,,,ADJUDICACIÓN DIRECTA,SERVICIOS,E-2023-00003013,"014P7R001 - DIRECCION DE RECURSOS MATERIALES Y SERVICIOS GENERALES, SUBDIRECCION GENERAL DE ADMON",SONORA
1224,AA-11-B00-011B00001-N-36-2023,NACIONAL,SERVICIOS PROFESIONALES PARA LA DIRECCIÓN DE RECURSOS MATERIALES,IPN,ADJUDICADO,,,ADJUDICACIÓN DIRECTA,ADQUISICIONES,E-2023-00002839,011B00001 - DIRECCION DE RECURSOS MATERIALES E INFRAESTRUCTURA,CIUDAD DE MÉXICO
1225,AA-11-L5N-011L5N002-N-9-2023,NACIONAL,SERVICIO PROFESIONAL PARA EL DESARROLLO DE INSTRUMENTOS EXACER ÁREA INFORMÁTICA,COLBACH,ADJUDICADO,,,ADJUDICACIÓN DIRECTA,SERVICIOS,E-2023-00002378,011L5N002 - UNIDAD DE ADMINISTRACION Y FINANZAS,CIUDAD DE MÉXICO
1226,AA-11-B00-011B00001-N-5757-2024,NACIONAL,PRESTACION DE SERVICIOS PROFESIONALES ESIQIE-PSP-964-2024,IPN,ADJUDICADO,,,ADJUDICACIÓN DIRECTA,SERVICIOS,E-2024-00098700,011B00001 - DIRECCION DE RECURSOS MATERIALES E INFRAESTRUCTURA,CIUDAD DE MÉXICO
1227,AA-11-MAX-011MAX001-N-307-2024,NACIONAL,ADQUISICIÓN DE PAPEL,IEPSA,ADJUDICADO,,,ADJUDICACIÓN DIRECTA,ADQUISICIONES,E-2024-00105842,011MAX001 - SUBGERENCIA DE ADQUISICIONES Y CONTRATACION DE SERVICIOS,CIUDAD DE MÉXICO
1228,AA-13-312-013000999-I-1110-2024,INTERNACIONAL ABIERTO,NAC 13-1168/24 REQ 1660 CEMENAV163 OTROS MATERIALES Y ARTÍCULOS DE CONSTRUCCIÓN,SEMAR,ADJUDICADO,,,ADJUDICACIÓN DIRECTA,ADQUISICIONES,E-2024-00090516,013000999 - DIRECCION GENERAL ADJUNTA DE ADQUISICIONES,CIUDAD DE MÉXICO
1229,AA-11-L4J-011L4J997-N-32-2024,NACIONAL,SERVICIO DE CURSOS DE INGLÉS ESPECIALIZADO PARA ALUMNOS,CINVESTAV,ADJUDICADO,,,ADJUDICACIÓN DIRECTA,SERVICIOS,E-2024-00023856,"011L4J997 - UNIDAD GUADALAJARA, JALISCO",JALISCO
1230,AA-48-E00-048E00995-N-665-2024,NACIONAL,"INTEGRACIÓN INFORMACION  ELABORACIÓN REPORTES EVENTOS, APLICACIÓN ENCUESTAS",INBAL,ADJUDICADO,,,ADJUDICACIÓN DIRECTA,SERVICIOS,E-2024-00023324,048E00995 - DIRECCION DE RECURSOS MATERIALES,CIUDAD DE MÉXICO
1231,AA-48-E00-048E00995-N-716-2024,NACIONAL,"COADYUVAR EN LA REDACCIÓN, REVISIÓN, EDICIÓN Y CORRECCIÓN DE LOS TEXTOS",INBAL,ADJUDICADO,,,ADJUDICACIÓN DIRECTA,SERVICIOS,E-2024-00028763,048E00995 - DIRECCION DE RECURSOS MATERIALES,CIUDAD DE MÉXICO
1232,AA-11-B00-011B00001-N-1392-2024,NACIONAL,SERVICIOS PROFESIONALES,IPN,ADJUDICADO,,,ADJUDICACIÓN DIRECTA,SERVICIOS,E-2024-00023773,011B00001 - DIRECCION DE RECURSOS MATERIALES E INFRAESTRUCTURA,CIUDAD DE MÉXICO
1233,AA-11-B00-011B00001-N-4684-2024,NACIONAL,MANTENIMIENTO A LETREROS DE LOS ACCESOS VEHICULARES DE LA UPALM DEL IPN.,IPN,ADJUDICADO,,,ADJUDICACIÓN DIRECTA,SERVICIOS,E-2024-00059777,011B00001 - DIRECCION DE RECURSOS MATERIALES E INFRAESTRUCTURA,CIUDAD DE MÉXICO
1234,AA-11-B00-011B00001-N-5107-2024,NACIONAL,ADQUISICION DE MEDICINAS Y PRODUCTOS FARMACÉUTICOS,IPN,ADJUDICADO,,,ADJUDICACIÓN DIRECTA,ADQUISICIONES,E-2024-00063523,011B00001 - DIRECCION DE RECURSOS MATERIALES E INFRAESTRUCTURA,CIUDAD DE MÉXICO
1235,AA-48-F00-048F00999-N-75-2025,NACIONAL,LUCERO DÍAZ OJEDA,E-Radio,ADJUDICADO,,,ADJUDICACIÓN DIRECTA,SERVICIOS,E-2025-00059481,048F00999 - JEFATURA DE RECURSOS MATERIALES Y SERVICIOS GENERALES,CIUDAD DE MÉXICO
1236,AA-12-NBG-012NBG003-I-406-2025,INTERNACIONAL ABIERTO,RM-AF-0342/25,HIM,ADJUDICADO,,,ADJUDICACIÓN DIRECTA,ADQUISICIONES,E-2025-00060663,012NBG003 - SUBDIRECCION DE RECURSOS MATERIALES,CIUDAD DE MÉXICO
1237,AA-48-410-048410003-N-1049-2025,NACIONAL,SERVICIOS PROFESIONALES CONSISTENTES EN COADYUVAR CON LA FORMULACIÓN Y REVISIÓN,CULTURA,ADJUDICADO,,,ADJUDICACIÓN DIRECTA,SERVICIOS,E-2025-00057472,048410003 - DEPARTAMENTO DE COMITE,CIUDAD DE MÉXICO
1238,AA-11-B00-011B00001-N-5573-2024,NACIONAL,PRESTACIÓN DE SERVICIOS PROFESIONALES ESIQIE-PSP-686-2024,IPN,ADJUDICADO,,,ADJUDICACIÓN DIRECTA,SERVICIOS,E-2024-00084162,011B00001 - DIRECCION DE RECURSOS MATERIALES E INFRAESTRUCTURA,CIUDAD DE MÉXICO
1239,AA-06-A00-006A00997-N-1682-2024,NACIONAL,03-24-264   SERVICIOS PROFESIONALES PARA LA ELABORACIÓN DEL AVALÚO,INDAABIN,ADJUDICADO,,,ADJUDICACIÓN DIRECTA,SERVICIOS,E-2024-00081281,006A00997 - DIRECCIÓN GENERAL DE AVALÚOS Y OBRAS,CIUDAD DE MÉXICO
1240,AA-08-VSS-008VSS972-N-499-2024,NACIONAL,ABARROTES COMESTIBLES,APB,ADJUDICADO,,,ADJUDICACIÓN DIRECTA,ADQUISICIONES,E-2024-00086693,008VSS972 - UNIDAD OPERATIVA ACAYUCAN,VERACRUZ
1241,AA-08-VSS-008VSS008-N-610-2024,NACIONAL,ABARROTES NO COMESTIBLES,APB,ADJUDICADO,,,ADJUDICACIÓN DIRECTA,ADQUISICIONES,E-2024-00086920,008VSS008 - SUBGERENCIA OPERACIONES REGIONAL NORTE CENTRO,CHIHUAHUA
1242,AA-16-RHQ-016RHQ001-N-381-2023,NACIONAL,PROVEEDOR DE SERVICIOS PROFESIONALES,CONAFOR,ADJUDICADO,,,ADJUDICACIÓN DIRECTA,SERVICIOS,E-2023-00006381,"016RHQ001 - GERENCIA DE RECURSOS MATERIALES, UNIDAD DE ADMINISTRACION Y FINANZAS",JALISCO
1243,AA-12-NBV-012NBV001-N-9-2023,NACIONAL,PROGRAMA DE ATENCIÓN E INVESTIGACIÓN DEL CÁNCER DE PULMÓN EN POBLACIÓN ALTAMENTE,INCAN,ADJUDICADO,,,ADJUDICACIÓN DIRECTA,SERVICIOS,E-2023-00006923,012NBV001 - DIRECCION DE ADMINISTRACION,CIUDAD DE MÉXICO
1244,AA-11-MAX-011MAX001-N-369-2024,NACIONAL,ADQUISICIÓN DE PAPEL,IEPSA,ADJUDICADO,,,ADJUDICACIÓN DIRECTA,ADQUISICIONES,E-2024-00106371,011MAX001 - SUBGERENCIA DE ADQUISICIONES Y CONTRATACION DE SERVICIOS,CIUDAD DE MÉXICO
1245,AA-06-HIU-006HIU001-N-16-2025,NACIONAL,"SERVICIOS DE RECEPCIÓN, REVISIÓN, REGISTRO Y PARAMETRIZACIÓN DE EXPEDIENTES",NAFIN,ADJUDICADO,,,ADJUDICACIÓN DIRECTA,SERVICIOS,E-2025-00015007,006HIU001 - SUBGERENCIA DE ADQUISICIONES,CIUDAD DE MÉXICO
1246,AA-08-VSS-008VSS998-N-1081-2024,NACIONAL,FRIJOL A GRANEL,APB,ADJUDICADO,,,ADJUDICACIÓN DIRECTA,ADQUISICIONES,E-2024-00101693,008VSS998 - DIRECCIÓN COMERCIAL,CIUDAD DE MÉXICO
1247,AA-51-GYN-051GYN022-N-63-2024,NACIONAL,SERVICIO DE RECARGA Y PRUEBA HIDROSANITARIA A EXTINTORES,ISSSTE,ADJUDICADO,,,ADJUDICACIÓN DIRECTA,SERVICIOS,E-2024-00098821,051GYN022 - DEPARTAMENTO DE RECURSOS MATERIALES Y OBRAS,TLAXCALA
1248,AA-08-VSS-008VSS974-N-251-2025,NACIONAL,PAPEL HIGIENICO PREMIER 400 H.D. Y PAPEL HIGIENICO BIG ROLL 550 H.D.,APB,ADJUDICADO,,,ADJUDICACIÓN DIRECTA,ADQUISICIONES,E-2025-00092722,008VSS974 - UNIDAD OPERATIVA COAHUILA,COAHUILA DE ZARAGOZA
1249,AA-08-VSS-008VSS992-N-231-2025,NACIONAL,ABARROTES COMESTIBLES,APB,ADJUDICADO,,,ADJUDICACIÓN DIRECTA,ADQUISICIONES,E-2025-00092556,"008VSS992 - GERENCIA REGIONAL OCCIDENTAL, ABASTO",JALISCO
1250,AA-08-VSS-008VSS991-N-331-2025,NACIONAL,HARINA DE MAÍZ,APB,ADJUDICADO,,,ADJUDICACIÓN DIRECTA,ADQUISICIONES,E-2025-00095437,"008VSS991 - UNIDAD OPERATIVA SAN LUIS POTOSÍ, SUBGERENCIA DE LA UNIDAD OPERATIVA",SAN LUIS POTOSÍ
1251,AA-13-J2V-013J2V001-N-34-2025,NACIONAL,"RENOVACIÓN DE LICENCIAS DE ANTIVIRUS KASPERSKY, POR UN AÑO",	ASIPONA-Puerto Vallarta,ADJUDICADO,,,ADJUDICACIÓN DIRECTA,SERVICIOS,E-2025-00093253,"013J2V001 - PUERTO VALLARTA-GERENCIA DE ADMINISTRACION Y FINANZAS, DIRECCION GENERAL",JALISCO
1252,AA-38-91I-03891I999-N-104-2025,NACIONAL,MANTENIMIENTO A MICROSCOPIO INFRARROJO,COLMICH,ADJUDICADO,,,ADJUDICACIÓN DIRECTA,SERVICIOS,E-2025-00091596,03891I999 - DEPARTAMENTO DE RECURSOS MATERIALES,MICHOACÁN DE OCAMPO
1253,AA-08-VSS-008VSS991-N-250-2025,NACIONAL,HARINA DE MAIZ,APB,ADJUDICADO,,,ADJUDICACIÓN DIRECTA,ADQUISICIONES,E-2025-00093779,"008VSS991 - UNIDAD OPERATIVA SAN LUIS POTOSÍ, SUBGERENCIA DE LA UNIDAD OPERATIVA",SAN LUIS POTOSÍ
1254,AA-50-GYR-050GYR031-N-188-2025,NACIONAL,SERVICIO MEDICO SUBROGADO DE ESTUDIO DE  MASTOGRAFIA E INTERPRETACION,IMSS,ADJUDICADO,,,ADJUDICACIÓN DIRECTA,SERVICIOS,E-2025-00056403,050GYR031 - COORDINACIÓN DE ABASTECIMIENTO Y EQUIPAMIENTO,SONORA
1255,AA-06-A00-006A00997-N-1927-2025,NACIONAL,01-24-1027    SERVICIOS PROFESIONALES PARA LA ELABORACION DEL AVALUO,INDAABIN,ADJUDICADO,,,ADJUDICACIÓN DIRECTA,SERVICIOS,E-2025-00054073,006A00997 - DIRECCIÓN GENERAL DE AVALÚOS Y OBRAS,CIUDAD DE MÉXICO
1256,AA-11-MAX-011MAX001-N-486-2025,NACIONAL,APLICACIÓN DE BARNIZ UV BRILLANTE PLASTA,IEPSA,ADJUDICADO,,,ADJUDICACIÓN DIRECTA,SERVICIOS,E-2025-00085728,011MAX001 - SUBGERENCIA DE ADQUISICIONES Y CONTRATACION DE SERVICIOS,CIUDAD DE MÉXICO
1257,AA-11-L4J-011L4J995-N-316-2025,NACIONAL,"7443 CLASSICAL MONOCYTE ISOLATION KIT, HUMAN. EL PERIODO DE CADUCIDAD DE LA LINE",CINVESTAV,ADJUDICADO,,,ADJUDICACIÓN DIRECTA,ADQUISICIONES,E-2025-00075036,011L4J995 - SUBDIRECCION DE RECURSOS MATERIALES,CIUDAD DE MÉXICO
1258,AA-51-GYN-051GYN022-N-107-2025,NACIONAL,"ADQUISICIÓN DE MATERIALES, ACCESORIOS Y SUMINISTROS MÉDICOS",ISSSTE,ADJUDICADO,,,ADJUDICACIÓN DIRECTA,ADQUISICIONES,E-2025-00080479,051GYN022 - DEPARTAMENTO DE RECURSOS MATERIALES Y OBRAS,TLAXCALA
1259,AA-08-VSS-008VSS008-N-364-2025,NACIONAL,ABARROTES COMESTIBLES,APB,ADJUDICADO,,,ADJUDICACIÓN DIRECTA,ADQUISICIONES,E-2025-00081036,008VSS008 - SUBGERENCIA OPERACIONES REGIONAL NORTE CENTRO,CHIHUAHUA
1260,AA-08-147-008000959-N-3-2025,NACIONAL,ADQUISICIONES DE MATERIALES Y ÚTILES,SADER,ADJUDICADO,,,ADJUDICACIÓN DIRECTA,ADQUISICIONES,E-2025-00024911,008000959 - DELEGACIÓN TABASCO,TABASCO
1261,AA-11-B00-011B00001-N-1047-2025,NACIONAL,"PRESTACIÓN DE SERVICIOS PROFESIONALES EN LA SECRETARÍA GENERAL DEL IPN, CORRESPO",IPN,ADJUDICADO,,,ADJUDICACIÓN DIRECTA,SERVICIOS,E-2025-00022707,011B00001 - DIRECCION DE RECURSOS MATERIALES E INFRAESTRUCTURA,CIUDAD DE MÉXICO
1262,AA-48-L9Y-048L9Y001-N-86-2025,NACIONAL,SERVICIO DE APOYO EN DISEÑO GRÁFICO Y MATERIAL VISUAL EN CINETECA XOCO,FICINE,ADJUDICADO,,,ADJUDICACIÓN DIRECTA,SERVICIOS,E-2025-00022708,048L9Y001 - DIRECCION DE ADMINISTRACION Y FINANZAS,CIUDAD DE MÉXICO
1263,AA-04-E2D-004E2D001-N-360-2023,NACIONAL,REFACCIONES,TGM,ADJUDICADO,,,ADJUDICACIÓN DIRECTA,ADQUISICIONES,E-2024-00005146,004E2D001 - GERENCIA DE ABASTECIMIENTOS,CIUDAD DE MÉXICO
1264,AA-48-L3N-048L3N001-N-34-2024,NACIONAL,"SERVICIO DE APOYO EN CATALOGACIÓN, INVESTIGACIÓN, SISTEMATIZACIÓN, RECUPERACIÓN",CCC,ADJUDICADO,,,ADJUDICACIÓN DIRECTA,SERVICIOS,E-2024-00003060,"048L3N001 - SUBDIRECCION DE ADMINISTRACION Y FINANZAS, DEPARTAMENTO DE SERVICIOS",CIUDAD DE MÉXICO
1265,AA-86-ZJ4-927057970-N-26-2023,NACIONAL,ADQUISICIÓN DE MATERIALES PARA EL CENTRO DE ASISTENCIA SOCIAL EN TENOSIQUE TAB.,DIFTABASCO,ADJUDICADO,,,ADJUDICACIÓN DIRECTA,ADQUISICIONES,E-2023-00134872,"927057970 - DIRECCIÓN GENERAL DE FINANZAS, PLANEACIÓN Y FINANZAS",TABASCO
1266,AA-50-GYR-050GYR060-I-38-2026,INTERNACIONAL ABIERTO,SMI DE ANESTESIA 2026,IMSS,ADJUDICADO,,,ADJUDICACIÓN DIRECTA,ADQUISICIONES,E-2026-00003620,"050GYR060 - UMAE HOSPITAL DE PEDIATRIA DEL CMNO, DEPARTAMENTO DE ABASTECIMIENTO Y EQUIPAMIENTO",JALISCO
1267,AA-15-412-015000999-N-18-2024,NACIONAL,PRESTADOR DE SERVICIOS,SEDATU,ADJUDICADO,,,ADJUDICACIÓN DIRECTA,SERVICIOS,E-2024-00003443,015000999 - DIRECCION GENERAL DE RECURSOS MATERIALES Y SERVICIOS GENERALES,CIUDAD DE MÉXICO
1268,AA-50-GYR-050GYR060-N-2-2024,NACIONAL,SERVICIO  DE MANTENIMIENTO A DEPÓSITOS DE BASURAS Y MANTENIMIENTO AULAS,IMSS,ADJUDICADO,,,ADJUDICACIÓN DIRECTA,SERVICIOS,E-2023-00134572,"050GYR060 - UMAE HOSPITAL DE PEDIATRIA DEL CMNO, DEPARTAMENTO DE ABASTECIMIENTO Y EQUIPAMIENTO",JALISCO
1269,AA-06-A00-006A00997-N-21-2024,NACIONAL,01-23-1752               SERVICIOS PROFESIONALES PARA LA ELABORACIÓN  DE AVALÚOS,INDAABIN,ADJUDICADO,,,ADJUDICACIÓN DIRECTA,SERVICIOS,E-2024-00000457,006A00997 - DIRECCIÓN GENERAL DE AVALÚOS Y OBRAS,CIUDAD DE MÉXICO
1270,AA-11-MAR-011MAR001-N-162-2023,NACIONAL,ADQUISICIÓN DE MATERIALES DE MADERA Y PRODUCTOS DE MADERA.,FCE,ADJUDICADO,,,ADJUDICACIÓN DIRECTA,SERVICIOS,E-2023-00132644,011MAR001 - SUBGERENCIA DE RECURSOS MATERIALES,CIUDAD DE MÉXICO
1271,AA-51-GYN-051GYN005-N-44-2024,NACIONAL,TRATO DIGNO Y DE CALIDAD EN LAS SALAS DE ESPERA DE URGENCIAS EN LAS UNIDADES,ISSSTE,ADJUDICADO,,,ADJUDICACIÓN DIRECTA,SERVICIOS,E-2024-00003890,051GYN005 - SUBDIRECCION DE RECURSOS MATERIALES Y SERVICIOS,CIUDAD DE MÉXICO
1272,AA-08-VSS-008VSS969-N-646-2024,NACIONAL,GRANOS Y SEMILLAS,APB,ADJUDICADO,,,ADJUDICACIÓN DIRECTA,ADQUISICIONES,E-2024-00110484,008VSS969 - UNIDAD OPERATIVA ORIZABA,VERACRUZ
1273,AO-78-T82-919009986-N-3-2024,NACIONAL,RECONSTRUCCIÓN VIAL E HIDRÁULICA BAJO PUENTE EN AV. CONSTITUCIÓN-VENUSTIANO CARR,078T82,ADJUDICADO,,,ADJUDICACIÓN DIRECTA,OBRA PÚBLICA,E-2024-00112970,919009986 - SECRETARÍA DE MOVILIDAD Y PLANEACIÓN URBANA,NUEVO LEÓN
1274,AA-08-VSS-008VSS990-N-364-2024,NACIONAL,ABARROTES COMESTIBLES,APB,ADJUDICADO,,,ADJUDICACIÓN DIRECTA,ADQUISICIONES,E-2024-00094046,"008VSS990 - GERENCIA REGIONAL HIDALGO, SUBGERENCIA DE ABASTO",HIDALGO
1275,AA-50-GYR-050GYR091-N-102-2024,NACIONAL,SERVICIO DE MANTENIMIENTO Y SUSTITUCIÓN DE PISO DE RAMPA DESDE SÓTANO A GOBIERNO,IMSS,ADJUDICADO,,,ADJUDICACIÓN DIRECTA,SERVICIOS,E-2024-00097535,"050GYR091 - UMAE HOSPITAL DE TRAUMATOLOGIA Y ORTOPEDIA DE PUEBLA, OFICINA DE ADQUISICIONES",PUEBLA
1276,AA-13-J3B-013J3B001-N-172-2024,NACIONAL,"DIFUSIÓN DE SPOT DE 30 SEGUNDOS EN TELEVISIÓN CON COBERTURA NACIONAL, DE LA CAMP",	ASIPONA-MANZANILLO,ADJUDICADO,,,ADJUDICACIÓN DIRECTA,SERVICIOS,E-2024-00089309,013J3B001 - MANZANILLO-GERENCIA DE ADMINISTRACION Y FINANZAS,COLIMA
1277,AA-51-GYN-051GYN016-N-286-2023,NACIONAL,SERVICIO DE LAVANDERIA,ISSSTE,ADJUDICADO,,,ADJUDICACIÓN DIRECTA,SERVICIOS,E-2024-00033737,051GYN016 - HOSPITAL REGIONAL MERIDA,YUCATÁN
1278,AA-70-039-911005999-N-4-2024,NACIONAL,SUMINISTRO DE OXÍGENO MEDICINAL Y GASES ESPECIALES CON LA EMPRESA INFRA,ISAPEG,ADJUDICADO,,,ADJUDICACIÓN DIRECTA,SERVICIOS,E-2024-00035590,911005999 - DIRECCIÓN DE RECURSOS MATERIALES Y SERVICIOS GENERALES,GUANAJUATO
1279,AA-11-L4J-011L4J995-N-282-2024,NACIONAL,MANTENIMIENTO  A EQUIPO FOTOCATALITICO,CINVESTAV,ADJUDICADO,,,ADJUDICACIÓN DIRECTA,SERVICIOS,E-2024-00034395,011L4J995 - SUBDIRECCION DE RECURSOS MATERIALES,CIUDAD DE MÉXICO
1280,AA-76-T41-917014999-N-13-2024,NACIONAL,SERVICIO PARA LA EVALUACIÓN Y SEGUIMIENTO,UPEMOR,ADJUDICADO,,,ADJUDICACIÓN DIRECTA,SERVICIOS,E-2024-00070667,"917014999 - DIRECCIÓN DE RECURSOS MATERIALES, PATRIMONIO Y SERVICIOS GENERALES",MORELOS
1281,AA-08-JAG-008JAG012-N-15-2024,NACIONAL,INIFAP-CENTRO DE INVESTIGACION Y ASISTENCIA EN TECNOLOGIA Y DISEÑO DEL ESTADO DE,INIFAP,ADJUDICADO,,,ADJUDICACIÓN DIRECTA,SERVICIOS,E-2024-00068052,008JAG012 - CENTRO DE INVESTIGACION REGIONAL SURESTE,CAMPECHE
1282,AA-06-HJY-006HJY001-N-208-2024,NACIONAL,SERVICIO DE INSERCIÓN DE MENSAJES PUBLICITARIOS EN PORTALES Y SITIOS DE INTERNET,PRONOSTICOS,ADJUDICADO,,,ADJUDICACIÓN DIRECTA,SERVICIOS,E-2024-00073205,006HJY001 - GERENCIA DE RECURSOS MATERIALES,CIUDAD DE MÉXICO
1283,AA-12-NCD-012NCD002-N-77-2024,NACIONAL,"SERVICIO DE MANTENIMIENTO A PLATAFORMA DE SESIONES REMOTAS”, DE ACUERDO AL DICTA",INER,ADJUDICADO,,,ADJUDICACIÓN DIRECTA,SERVICIOS,E-2024-00069225,012NCD002 - SUBDIRECCION DE SERVICIOS GENERALES,CIUDAD DE MÉXICO
1284,AA-50-GYR-050GYR060-N-142-2024,NACIONAL,MEDICAMENTO,IMSS,ADJUDICADO,,,ADJUDICACIÓN DIRECTA,ADQUISICIONES,E-2024-00070742,"050GYR060 - UMAE HOSPITAL DE PEDIATRIA DEL CMNO, DEPARTAMENTO DE ABASTECIMIENTO Y EQUIPAMIENTO",JALISCO
1285,AA-06-A00-006A00997-N-1134-2024,NACIONAL,01-24-35   SERVICIOS PROFESIONALES PARA LA ELABORACIÓN DEL AVALÚO,INDAABIN,ADJUDICADO,,,ADJUDICACIÓN DIRECTA,SERVICIOS,E-2024-00068725,006A00997 - DIRECCIÓN GENERAL DE AVALÚOS Y OBRAS,CIUDAD DE MÉXICO
1286,AA-12-M7F-012M7F002-N-169-2025,NACIONAL,SERVICIO DE IMPRESIÓN DE BLOCKS PARA MEDICAMENTOS,INPSIQ,ADJUDICADO,,,ADJUDICACIÓN DIRECTA,SERVICIOS,E-2025-00076178,012M7F002 - SUBDIRECCION DE SERVICIOS GENERALES,CIUDAD DE MÉXICO
1287,AA-12-NCA-012NCA001-N-430-2025,NACIONAL,MATERIAL DE LIMPIEZA,INCARD,ADJUDICADO,,,ADJUDICACIÓN DIRECTA,ADQUISICIONES,E-2025-00077456,012NCA001 - SUBDIRECCION DE RECURSOS MATERIALES,CIUDAD DE MÉXICO
1288,AA-08-VSS-008VSS007-N-249-2025,NACIONAL,ABARROTES COMESTIBLES,APB,ADJUDICADO,,,ADJUDICACIÓN DIRECTA,ADQUISICIONES,E-2025-00095561,"008VSS007 - SUBGERENCIA REGIONAL NOROESTE, UNIDAD OPERATIVA CULIACÁN",SINALOA
1289,AA-08-VSS-008VSS008-N-660-2025,NACIONAL,ABARROTES COMESTIBLES,APB,ADJUDICADO,,,ADJUDICACIÓN DIRECTA,ADQUISICIONES,E-2025-00092726,008VSS008 - SUBGERENCIA OPERACIONES REGIONAL NORTE CENTRO,CHIHUAHUA
1290,AA-08-VSS-008VSS001-N-205-2025,NACIONAL,ABARROTES COMESTIBLES,APB,ADJUDICADO,,,ADJUDICACIÓN DIRECTA,ADQUISICIONES,E-2025-00093122,008VSS001 - GERENCIA REGIONAL SURESTE,TABASCO
1291,AA-08-VSS-008VSS981-N-162-2025,NACIONAL,PRODUCTOS DIVERSOS,APB,ADJUDICADO,,,ADJUDICACIÓN DIRECTA,ADQUISICIONES,E-2025-00096080,008VSS981 - DICONSA UNIDAD OPERATIVA MICHOCAN - ABASTO,MICHOACÁN DE OCAMPO
1292,AA-38-9ZW-0389ZW001-N-34-2025,NACIONAL,SUMINISTRO DE OVEROLES Y CHAMARRAS IMPERMEABLES,CICESE,ADJUDICADO,,,ADJUDICACIÓN DIRECTA,ADQUISICIONES,E-2025-00091357,"0389ZW001 - DEPARTAMENTO DE ADQUISICIONES, SUBDIRECCION DE RECURSOS MATERIALES Y SERVICIOS GENERALES",BAJA CALIFORNIA
1293,AA-81-003-922017981-N-66-2025,NACIONAL,MATERIAL PARA MANTENIMIENTO Y REHABILITACIÓN,COBAQ,ADJUDICADO,,,ADJUDICACIÓN DIRECTA,ADQUISICIONES,E-2025-00095733,922017981 - DIRECCIÓN ADMINISTRATIVA,QUERÉTARO
1294,AA-51-GYN-051GYN060-N-94-2025,NACIONAL,SERVICIOS PROFESIONALES TALLER DIBUJO Y PINTURA,ISSSTE,ADJUDICADO,,,ADJUDICACIÓN DIRECTA,ADQUISICIONES,E-2025-00093279,051GYN060 - DEPARTAMENTO DE RECURSOS MATERIALES Y OBRAS,DURANGO
1295,AA-08-VSS-008VSS983-N-217-2025,NACIONAL,ABARROTES COMESTIBLES,APB,ADJUDICADO,,,ADJUDICACIÓN DIRECTA,ADQUISICIONES,E-2025-00095846,008VSS983 - DIRECCIÓN DE COMERCIALIZACIÓN,MÉXICO
1296,AA-48-MDC-048MDC001-N-70-2023,NACIONAL,PRESTADOR DE SERVICIOS PROFESIONALES,IMCINE,ADJUDICADO,,,ADJUDICACIÓN DIRECTA,SERVICIOS,E-2023-00002265,048MDC001 - DIRECCION DE ADMINISTRACION Y FINANZAS,CIUDAD DE MÉXICO
1297,AA-60-N51-901004997-N-1-2023,NACIONAL,PÓLIZA DE SEGURO DE 47 VEHÍCULOS,AGS,ADJUDICADO,,,ADJUDICACIÓN DIRECTA,SERVICIOS,E-2023-00022705,901004997 - DIRECCIÓN GENERAL DE ADQUISICIONES,AGUASCALIENTES
1298,AA-50-GYR-050GYR030-N-75-2023,NACIONAL,AA - N-75- 2023 - ADQUISICION DE MEDICAMENTO Y ESTUPEFACIENTES/PSICOTROPICOS,IMSS,ADJUDICADO,,,ADJUDICACIÓN DIRECTA,ADQUISICIONES,E-2023-00022396,050GYR030 - COORDINACION DE ABASTECIMIENTO Y EQUIPAMIENTO,BAJA CALIFORNIA SUR
1299,AA-11-B00-011B00001-N-1446-2023,NACIONAL,PRESTACION DE SERVICIOS PROFESIONALES DAE 68,IPN,ADJUDICADO,,,ADJUDICACIÓN DIRECTA,SERVICIOS,E-2023-00022626,011B00001 - DIRECCION DE RECURSOS MATERIALES E INFRAESTRUCTURA,CIUDAD DE MÉXICO
1300,AA-08-VSS-008VSS989-N-21-2023,NACIONAL,HARINA DE MAIZ,APB,ADJUDICADO,,,ADJUDICACIÓN DIRECTA,ADQUISICIONES,E-2023-00023450,008VSS989 - SUCURSAL CENTRO-NORTE SUBGERENCIA DE ABASTO,ZACATECAS
1301,AA-50-GYR-050GYR028-I-84-2023,INTERNACIONAL ABIERTO,MEDICAMENTOS,IMSS,ADJUDICADO,,,ADJUDICACIÓN DIRECTA,ADQUISICIONES,E-2023-00042791,050GYR028 - COORDINACION DE ABASTECIMIENTO Y EQUIPAMIENTO DELEGACION REGIONAL ESTADO DE MEXICO ORIENTE,MÉXICO
1302,AA-12-NCD-012NCD001-N-137-2023,NACIONAL,BALONES DE DILATACIÓN PULMONAR,INER,ADJUDICADO,,,ADJUDICACIÓN DIRECTA,ADQUISICIONES,E-2023-00043278,012NCD001 - DEPARTAMENTO DE ADQUISICIONES,CIUDAD DE MÉXICO
1303,AA-06-A00-006A00997-N-1202-2023,NACIONAL,02-22-369 SERVICIOS PROFESIONALES PARA LA ELABORACIÓN DE AVALÚOS,INDAABIN,ADJUDICADO,,,ADJUDICACIÓN DIRECTA,SERVICIOS,E-2023-00043826,006A00997 - DIRECCIÓN GENERAL DE AVALÚOS Y OBRAS,CIUDAD DE MÉXICO
1304,AA-50-GYR-050GYR979-N-47-2023,NACIONAL,ADJUDICACIÓN DIRECTA,IMSS,ADJUDICADO,,,ADJUDICACIÓN DIRECTA,ADQUISICIONES,E-2023-00044025,050GYR979 - DEPARTAMENTO DE CONSERVACION Y SERVICIOS GENERALES,NUEVO LEÓN
1305,AA-15-412-015000999-N-871-2023,NACIONAL,PRESTADOR DE SERVICIOS,SEDATU,ADJUDICADO,,,ADJUDICACIÓN DIRECTA,SERVICIOS,E-2023-00044424,015000999 - DIRECCION GENERAL DE RECURSOS MATERIALES Y SERVICIOS GENERALES,CIUDAD DE MÉXICO
1306,AA-48-F00-048F00999-N-36-2025,NACIONAL,MARÍA EDITH ROJAS GUTIERREZ,E-Radio,ADJUDICADO,,,ADJUDICACIÓN DIRECTA,SERVICIOS,E-2025-00027897,048F00999 - JEFATURA DE RECURSOS MATERIALES Y SERVICIOS GENERALES,CIUDAD DE MÉXICO
1307,AA-11-B00-011B00001-N-1146-2025,NACIONAL,CONTRATACIÓN PARA LA PRESTACIÓN DE SERVICIOS PROFESIONALES,IPN,ADJUDICADO,,,ADJUDICACIÓN DIRECTA,SERVICIOS,E-2025-00024698,011B00001 - DIRECCION DE RECURSOS MATERIALES E INFRAESTRUCTURA,CIUDAD DE MÉXICO
1308,AA-08-VSS-008VSS007-N-67-2025,NACIONAL,ABARROTES COMESTIBLES,APB,ADJUDICADO,,,ADJUDICACIÓN DIRECTA,ADQUISICIONES,E-2025-00027962,"008VSS007 - SUBGERENCIA REGIONAL NOROESTE, UNIDAD OPERATIVA CULIACÁN",SINALOA
1309,AA-12-NDY-012NDY001-N-66-2025,NACIONAL,SE REQUIERE CONTRATAR A UN INGENIERO EN SISTEMAS PARA LOS SERVICIOS,INSP,ADJUDICADO,,,ADJUDICACIÓN DIRECTA,SERVICIOS,E-2025-00025285,012NDY001 - DEPARTAMENTO DE SERVICIOS GENERALES Y MANTENIMIENTO,MORELOS
1310,AA-12-NDY-012NDY001-N-83-2025,NACIONAL,ARRENDAMIENTO DE EQUIPO DE RED LAN Y WLAN EN EL INSP,INSP,ADJUDICADO,,,ADJUDICACIÓN DIRECTA,SERVICIOS,E-2025-00028197,012NDY001 - DEPARTAMENTO DE SERVICIOS GENERALES Y MANTENIMIENTO,MORELOS
1311,AA-48-410-048410003-N-692-2025,NACIONAL,SERVICIOS PROFESIONALES CONSISTENTES EN COADYUVAR EN EL CENTRO DE CULTURA DIGITA,CULTURA,ADJUDICADO,,,ADJUDICACIÓN DIRECTA,SERVICIOS,E-2025-00025409,048410003 - DEPARTAMENTO DE COMITE,CIUDAD DE MÉXICO
1312,AA-15-412-015000999-N-347-2023,NACIONAL,PRESTADOR DE SERVICIOS,SEDATU,ADJUDICADO,,,ADJUDICACIÓN DIRECTA,SERVICIOS,E-2023-00014055,015000999 - DIRECCION GENERAL DE RECURSOS MATERIALES Y SERVICIOS GENERALES,CIUDAD DE MÉXICO
1313,AA-12-NBG-012NBG003-I-43-2023,INTERNACIONAL ABIERTO,ADQUISICION DE MEDICAMENTOS MEDIANTE PROCEDIMIENTO DE CONSOLIDADA 2023-2024,HIM,ADJUDICADO,,,ADJUDICACIÓN DIRECTA,ADQUISICIONES,E-2023-00013540,012NBG003 - SUBDIRECCION DE RECURSOS MATERIALES,CIUDAD DE MÉXICO
1314,AA-72-006-913018952-N-6-2023,NACIONAL,ADQUISICIÓN DE VESTIMENTA ARTISTICA,CABAEH,ADJUDICADO,,,ADJUDICACIÓN DIRECTA,ADQUISICIONES,E-2023-00015767,913018952 - DIRECCIÓN DE SERVICIOS ADMINISTRATIVOS,HIDALGO
1315,AA-12-NDF-012NDF999-N-143-2023,NACIONAL,INR/2023/44,INR,ADJUDICADO,,,ADJUDICACIÓN DIRECTA,ADQUISICIONES,E-2023-00015338,012NDF999 - SUBDIRECCION DE COMPRAS Y SUMINISTROS,CIUDAD DE MÉXICO
1316,AA-06-A00-006A00997-N-2066-2023,NACIONAL,04-23-243 SERVICIOS PROFESIONALES PARA LA ELABORACIÓN DEL AVALÚO,INDAABIN,ADJUDICADO,,,ADJUDICACIÓN DIRECTA,SERVICIOS,E-2023-00063034,006A00997 - DIRECCIÓN GENERAL DE AVALÚOS Y OBRAS,CIUDAD DE MÉXICO
1317,AA-11-B00-011B00001-N-3796-2023,NACIONAL,ADQUISICIÓN DE MEDICINAS Y PRODUCTOS FARMACÉUTICOS,IPN,ADJUDICADO,,,ADJUDICACIÓN DIRECTA,ADQUISICIONES,E-2023-00062954,011B00001 - DIRECCION DE RECURSOS MATERIALES E INFRAESTRUCTURA,CIUDAD DE MÉXICO
1318,AA-69-Q57-910018998-N-52-2023,NACIONAL,ADQUISICIÓN DE REFACCIONES PARA LA REHABILITACIÓN DE HIPOCLORADORES,CAED,ADJUDICADO,,,ADJUDICACIÓN DIRECTA,ADQUISICIONES,E-2023-00062423,910018998 - SUBDIRECCIÓN DE ADMINISTRACIÓN Y FINANZAS,DURANGO
1319,AA-11-B01-011B01001-N-1874-2023,NACIONAL,DIRECTOR DE FOTOGRAFIA,ONCETV,ADJUDICADO,,,ADJUDICACIÓN DIRECTA,SERVICIOS,E-2023-00062103,011B01001 - DIRECCION DE ADMINISTRACION Y FINANZAS,CIUDAD DE MÉXICO
1320,AA-12-NDY-012NDY001-N-516-2023,NACIONAL,REALIZAR EL LEVANTAMIENTO DE LA INFORMACIÓN DE DIETA,INSP,ADJUDICADO,,,ADJUDICACIÓN DIRECTA,SERVICIOS,E-2023-00062246,012NDY001 - DEPARTAMENTO DE SERVICIOS GENERALES Y MANTENIMIENTO,MORELOS
1321,AA-51-GYN-051GYN057-N-6-2025,NACIONAL,"RECOLECCIÓN, TRASLADO Y TRATAMIENTO FINAL DE DESECHOS TÓXICOS",ISSSTE,ADJUDICADO,,,ADJUDICACIÓN DIRECTA,SERVICIOS,E-2025-00055258,051GYN057 - SUBDELEGACION DE ADMINISTRACION,ZACATECAS
1322,AA-06-A00-006A00997-N-1949-2025,NACIONAL,03-24-1033  SERVICIOS PROFESIONALES PARA LA ELABORACION DEL AVALUO,INDAABIN,ADJUDICADO,,,ADJUDICACIÓN DIRECTA,SERVICIOS,E-2025-00054126,006A00997 - DIRECCIÓN GENERAL DE AVALÚOS Y OBRAS,CIUDAD DE MÉXICO
1323,AA-21-W3S-021W3S002-N-68-2023,NACIONAL,ADQUISICION DE MATERIAL DE LIMPIEZA (GERENCIAS REGIONALES),FONATUR-INFRAESTRUCTURA,ADJUDICADO,,,ADJUDICACIÓN DIRECTA,ADQUISICIONES,E-2023-00040803,"021W3S002 - GERENCIA CENTRAL, SUBGERENCIA DE ADQUISICIONES",CIUDAD DE MÉXICO
1324,AA-08-VSS-008VSS996-N-66-2023,NACIONAL,PRODUCTOS DIVERSOS,APB,ADJUDICADO,,,ADJUDICACIÓN DIRECTA,ADQUISICIONES,E-2023-00039920,008VSS996 - SUBGERENCIA DE U.O.TUXTLA ABASTO,CHIAPAS
1325,AA-50-GYR-050GYR998-T-148-2023,INTERNACIONAL BAJO LA COBERTURA DE TRATADOS,ABTA2337ES04060111 D.P.D.N.,IMSS,ADJUDICADO,,,ADJUDICACIÓN DIRECTA,SERVICIOS,E-2023-00040850,"050GYR998 - UMAE, HOSPITAL DE ESPECIALIDADES, C.M.N. SIGLO XXI",CIUDAD DE MÉXICO
1326,AO-16-B00-016B00004-N-92-2023,NACIONAL,"DESAZOLVE PARCIAL Y RECTIFICACIÓN DEL RÍO EL SALADO, EN VARIOS MUNICIPIOS DE LOS",CONAGUA,ADJUDICADO,,,ADJUDICACIÓN DIRECTA,OBRA PÚBLICA,E-2023-00041142,"016B00004 - ORGANISMO DE CUENCA AGUAS DEL VALLE DE MEXICO, DIRECCION DE ADMINISTRACION",CIUDAD DE MÉXICO
1327,AA-15-QEZ-015QEZ999-N-6-2023,NACIONAL,ADQUISICION DE MATERIAL DE OFICINAS PARA EL PROGRAMA RRAJA,PA,ADJUDICADO,,,ADJUDICACIÓN DIRECTA,SERVICIOS,E-2023-00041397,015QEZ999 - REPRESENTACION CHIAPAS,CHIAPAS
1328,AA-08-132-008000976-N-19-2023,NACIONAL,ADQUISICIÓN Y ENTREGA DE MATERIALES Y ÚTILES DE OFICINA,SADER,ADJUDICADO,,,ADJUDICACIÓN DIRECTA,ADQUISICIONES,E-2023-00039780,008000976 - DELEGACION ESTATAL GUERRERO,GUERRERO
1329,AA-06-A00-006A00997-N-1936-2025,NACIONAL,01-24-1480  SERVICIOS PROFESIONALES PARA LA ELABORACION DEL AVALUO,INDAABIN,ADJUDICADO,,,ADJUDICACIÓN DIRECTA,SERVICIOS,E-2025-00054106,006A00997 - DIRECCIÓN GENERAL DE AVALÚOS Y OBRAS,CIUDAD DE MÉXICO
1330,AA-38-90Q-03890Q010-N-81-2025,NACIONAL,MANTENIMIENTO A SISTEMA/PLANTA DE ÓSMOSIS,CICY,ADJUDICADO,,,ADJUDICACIÓN DIRECTA,SERVICIOS,E-2025-00062092,03890Q010 - DIRECCIÓN ADMINISTRATIVA,YUCATÁN
1331,AA-08-VSS-008VSS981-N-112-2024,NACIONAL,PRODUCTOS DIVERSOS,APB,ADJUDICADO,,,ADJUDICACIÓN DIRECTA,ADQUISICIONES,E-2024-00044833,008VSS981 - DICONSA UNIDAD OPERATIVA MICHOCAN - ABASTO,MICHOACÁN DE OCAMPO
1332,AA-12-NDY-012NDY001-N-354-2024,NACIONAL,SERVICIO TÉCNICO PARA REALIZAR LAS ACTIVIDADES DE CONSTRUCCIÓN DE BASES.,INSP,ADJUDICADO,,,ADJUDICACIÓN DIRECTA,ADQUISICIONES,E-2024-00053884,012NDY001 - DEPARTAMENTO DE SERVICIOS GENERALES Y MANTENIMIENTO,MORELOS
1333,AA-11-B01-011B01001-N-83-2024,NACIONAL,MUSICALIZADOR (OPERACIONES TÉCNICAS),ONCETV,ADJUDICADO,,,ADJUDICACIÓN DIRECTA,SERVICIOS,E-2024-00000586,011B01001 - DIRECCION DE ADMINISTRACION Y FINANZAS,CIUDAD DE MÉXICO
1334,AA-13-J3A-013J3A001-N-16-2024,NACIONAL,ENERGIA ELECTRICA CORRESPONDIENTE AL PERIODO DEL 17 DE NOVIEMBRE AL 16 DE DIC.,	ASIPONA-LÁZARO CÁRDENAS,ADJUDICADO,,,ADJUDICACIÓN DIRECTA,SERVICIOS,E-2024-00001751,013J3A001 - LAZARO CARDENAS-GERENCIA DE ADMINISTRACION Y FINANZAS,MICHOACÁN DE OCAMPO
1335,AA-08-VSS-008VSS001-N-649-2023,NACIONAL,ABARROTES COMESTIBLES,APB,ADJUDICADO,,,ADJUDICACIÓN DIRECTA,ADQUISICIONES,E-2023-00134132,008VSS001 - GERENCIA REGIONAL SURESTE,TABASCO
1336,AA-48-MDC-048MDC001-N-51-2024,NACIONAL,SERVICIOS PROFESIONALES,IMCINE,ADJUDICADO,,,ADJUDICACIÓN DIRECTA,SERVICIOS,E-2024-00002271,048MDC001 - DIRECCION DE ADMINISTRACION Y FINANZAS,CIUDAD DE MÉXICO
1337,AA-38-9ZU-0389ZU001-N-209-2023,NACIONAL,ÁRBOLES PARA EL CENTRO,CIDESI,ADJUDICADO,,,ADJUDICACIÓN DIRECTA,ADQUISICIONES,E-2023-00064272,0389ZU001 - SUBDIRECCION DE RECURSOS MTERIALES Y SERVICIOS GENERALES,QUERÉTARO
1338,AO-75-T19-916007977-N-10-2023,NACIONAL,CONSTRUCCIÓN DE ESCUELAS EN MUNICIPIO DE LÁZARO CÁRDENAS,075T19,ADJUDICADO,,,ADJUDICACIÓN DIRECTA,OBRA PÚBLICA,E-2023-00064688,916007977 - DIR. DE PROC. DE LIC. CONT. DE OBRA Y SERV. RELACIONADOS,MICHOACÁN DE OCAMPO
1339,AA-11-B01-011B01001-N-625-2026,NACIONAL,CONDUCTOR_,ONCETV,ADJUDICADO,,,ADJUDICACIÓN DIRECTA,SERVICIOS,E-2025-00108366,011B01001 - DIRECCION DE ADMINISTRACION Y FINANZAS,CIUDAD DE MÉXICO
1340,AA-11-B01-011B01001-N-462-2026,NACIONAL,CONDUCTOR/INVESTIGADOR,ONCETV,ADJUDICADO,,,ADJUDICACIÓN DIRECTA,SERVICIOS,E-2025-00108133,011B01001 - DIRECCION DE ADMINISTRACION Y FINANZAS,CIUDAD DE MÉXICO
1341,AA-11-L5X-011L5X001-N-13-2025,NACIONAL,"SERVICIO DE ALIMENTOS, PARA EL EVENTO: “REUNIÓN NACIONAL DE TRABAJO""",CONALEP,ADJUDICADO,,,ADJUDICACIÓN DIRECTA,SERVICIOS,E-2025-00029804,011L5X001 - DIRECCIÓN DE INFRAESTRUCTURA Y ADQUISICIONES,MÉXICO
1342,AA-08-VSS-008VSS008-N-119-2025,NACIONAL,ABARROTES COMESTIBLES,APB,ADJUDICADO,,,ADJUDICACIÓN DIRECTA,ADQUISICIONES,E-2025-00035294,008VSS008 - SUBGERENCIA OPERACIONES REGIONAL NORTE CENTRO,CHIHUAHUA
1343,AA-47-MDL-047MDL998-N-189-2025,NACIONAL,SERVICIOS PROFESIONALES INDEPENDIENTES,IMER,ADJUDICADO,,,ADJUDICACIÓN DIRECTA,SERVICIOS,E-2025-00035803,"047MDL998 - DIRECCION DE ADMINISTRACION Y FINANZAS, SUBDIRECCION DE ADMINISTRACION",CIUDAD DE MÉXICO
1344,AA-47-AYL-006AYL998-N-420-2025,NACIONAL,SERVICIO DE SOPORTE TÉCNICO PARA SISTEMA DE AUTOMATIZACIÓN DE RADIO,SPR,ADJUDICADO,,,ADJUDICACIÓN DIRECTA,SERVICIOS,E-2025-00035848,006AYL998 - UNIDAD DE ADMINISTRACIÓN Y FINANZAS,CIUDAD DE MÉXICO
1345,AA-08-VSS-008VSS974-N-12-2024,NACIONAL,ECONOCERDO 12% P.C. Y SALVADILLO,APB,ADJUDICADO,,,ADJUDICACIÓN DIRECTA,ADQUISICIONES,E-2024-00018697,008VSS974 - UNIDAD OPERATIVA COAHUILA,COAHUILA DE ZARAGOZA
1346,AA-51-GYN-051GYN060-N-20-2024,NACIONAL,SERVICIO MÉDICO SUBROGADO DE ARTROSCOPIA.,ISSSTE,ADJUDICADO,,,ADJUDICACIÓN DIRECTA,SERVICIOS,E-2024-00017378,051GYN060 - DEPARTAMENTO DE RECURSOS MATERIALES Y OBRAS,DURANGO
1347,AA-11-B00-011B00001-N-974-2024,NACIONAL,SERVICIOS PROFESIONALES,IPN,ADJUDICADO,,,ADJUDICACIÓN DIRECTA,SERVICIOS,E-2024-00020545,011B00001 - DIRECCION DE RECURSOS MATERIALES E INFRAESTRUCTURA,CIUDAD DE MÉXICO
1348,AA-06-E00-006E00060-N-2-2024,NACIONAL,ADQUISICIÓN DE AGUA PURIFICADA PARA LAS UNIDADES ADMINISTRATIVAS DEL SAT,SAT,ADJUDICADO,,,ADJUDICACIÓN DIRECTA,ADQUISICIONES,E-2024-00017716,006E00060 - SUBADMINISTRACIÓN DE RECURSOS Y SERVICIOS DE CANCÚN,QUINTANA ROO
1349,AA-11-B00-011B00001-N-1141-2024,NACIONAL,PRESTACIÓN DE SERVICIOS PROFESIONALES ESIQIE-PSP-263-2024,IPN,ADJUDICADO,,,ADJUDICACIÓN DIRECTA,SERVICIOS,E-2024-00021521,011B00001 - DIRECCION DE RECURSOS MATERIALES E INFRAESTRUCTURA,CIUDAD DE MÉXICO
1350,AA-04-E2D-004E2D001-N-267-2024,NACIONAL,SERVICIO DE RETIRO,TGM,ADJUDICADO,,,ADJUDICACIÓN DIRECTA,ADQUISICIONES,E-2024-00022045,004E2D001 - GERENCIA DE ABASTECIMIENTOS,CIUDAD DE MÉXICO
1351,AA-12-NDY-012NDY001-N-59-2024,NACIONAL,PROCESAMIENTO DE MOSQUITOS PARA LA EVALUACIÓN DEL DIAGNÓSTICO,INSP,ADJUDICADO,,,ADJUDICACIÓN DIRECTA,SERVICIOS,E-2024-00021667,012NDY001 - DEPARTAMENTO DE SERVICIOS GENERALES Y MANTENIMIENTO,MORELOS
1352,AO-70-019-811020993-N-9-2023,NACIONAL,REHABILITACIÓN DE LA RED DE AGUA POTABLE EN LA COLONIA CONVIVE,SAPAL,ADJUDICADO,,,ADJUDICACIÓN DIRECTA,OBRA PÚBLICA,E-2023-00020401,811020993 - SISTEMA DE AGUA POTABLE Y ALCANTARILLADO DE LEÓN,GUANAJUATO
1353,AA-50-GYR-050GYR018-N-194-2023,NACIONAL,MANTENIMIENTO PREVENTIVO EQUIPOS DE CREMACIÓN VELATORIO IMSS-FIBESO N° 21,IMSS,ADJUDICADO,,,ADJUDICACIÓN DIRECTA,SERVICIOS,E-2023-00019675,"050GYR018 - JEFATURA DE SERVICIOS ADMINISTRATIVOS, COORDINACION DE ABASTECIMIENTO Y EQUIPAMIENTO",TAMAULIPAS
1354,AA-11-B01-011B01001-N-472-2023,NACIONAL,"CONDUCTOR ""A""",ONCETV,ADJUDICADO,,,ADJUDICACIÓN DIRECTA,SERVICIOS,E-2023-00022089,011B01001 - DIRECCION DE ADMINISTRACION Y FINANZAS,CIUDAD DE MÉXICO
1355,AA-68-014-909029969-N-1-2025,NACIONAL,PAIBIM	SM/033/2025 LAURA EMBRIZ LÓPEZ,SEMUJERES,ADJUDICADO,,,ADJUDICACIÓN DIRECTA,SERVICIOS,E-2025-00050083,909029969 - DIRECCIÓN EJECUTIVA DE ADMINISTRACIÓN Y FINANZAS,CIUDAD DE MÉXICO
1356,AA-06-A00-006A00997-N-1766-2025,NACIONAL,01-24-1267   SERVICIOS PROFESIONALES PARA LA ELABORACION DEL AVALUO,INDAABIN,ADJUDICADO,,,ADJUDICACIÓN DIRECTA,SERVICIOS,E-2025-00053644,006A00997 - DIRECCIÓN GENERAL DE AVALÚOS Y OBRAS,CIUDAD DE MÉXICO
1357,AA-20-131-020000871-N-40-2025,NACIONAL,CONSUMO DE ALIMENTOS,BIENESTAR,ADJUDICADO,,,ADJUDICACIÓN DIRECTA,ADQUISICIONES,E-2025-00056924,020000871 - SUBDELEGACION ADMINISTRATIVA,GUANAJUATO
1358,AA-18-T0Q-018T0Q002-N-81-2025,NACIONAL,SERVICIOS DE GESTIÓN Y EJECUCIÓN DE PROCEDIMIENTOS DE CONTRATACIONES,ININ,ADJUDICADO,,,ADJUDICACIÓN DIRECTA,SERVICIOS,E-2025-00064429,018T0Q002 - DEPARTAMENTO DE SERVICIOS GENERALES Y MANTENIMIENTO,MÉXICO
1359,AA-12-512-012000991-N-66-2025,NACIONAL,"SERVICIO DE DIFUSIÓN DE LA CAMPAÑA: VIDA SALUDABLE, VERSIÓN: VARIAS.",SSA,ADJUDICADO,,,ADJUDICACIÓN DIRECTA,SERVICIOS,E-2025-00063498,012000991 - DIRECCION GENERAL DE RECURSOS MATERIALES Y SERVICIOS GENERALES,CIUDAD DE MÉXICO
1360,AA-16-RHQ-016RHQ001-N-352-2026,NACIONAL,SERVICIO EN IMPARTICIÓN DE ASIGNATURAS DE FORMULACIÓN Y EVALUACIÓN DE PROYECTOS,CONAFOR,ADJUDICADO,,,ADJUDICACIÓN DIRECTA,SERVICIOS,E-2026-00002065,"016RHQ001 - GERENCIA DE RECURSOS MATERIALES, UNIDAD DE ADMINISTRACION Y FINANZAS",JALISCO
1361,AA-47-AYL-006AYL998-N-69-2026,NACIONAL,SERVICIO PROFESIONAL DE INFORMACIÓN PARA ALTAVOZ RADIO REGIÓN 2,SPR,ADJUDICADO,,,ADJUDICACIÓN DIRECTA,ADQUISICIONES,E-2026-00000404,006AYL998 - UNIDAD DE ADMINISTRACIÓN Y FINANZAS,CIUDAD DE MÉXICO
1362,AA-47-AYO-047AYO939-N-19-2026,NACIONAL,SERVICIO DE LIMPIEZA,IMSS-BIENESTAR,ADJUDICADO,,,ADJUDICACIÓN DIRECTA,SERVICIOS,E-2026-00000983,056AYO939 - HOSPITAL DE ESPECIALIDADES PEDIATRICAS,CHIAPAS
1363,AA-50-GYR-050GYR058-T-22-2026,INTERNACIONAL BAJO LA COBERTURA DE TRATADOS,T22 ADJUDICACIÓN DIRECTA DE MEDICINAS Y PRODUCTOS FARMACÉUTICOS,IMSS,ADJUDICADO,,,ADJUDICACIÓN DIRECTA,ADQUISICIONES,E-2026-00002118,"050GYR058 - UMAE HOSPITAL DE ESPECIALIDADES NO. 1 CMN BAJIO, DEPARTAMENTO DE ABASTECIMIENTO",GUANAJUATO
1364,AA-06-A00-006A00997-N-4369-2025,NACIONAL,2025-3918  SERVICIOS PROFESIONALES PARA LA ELABORACIÓN DEL AVALÚO,INDAABIN,ADJUDICADO,,,ADJUDICACIÓN DIRECTA,SERVICIOS,E-2025-00114726,006A00997 - DIRECCIÓN GENERAL DE AVALÚOS Y OBRAS,CIUDAD DE MÉXICO
1365,AA-50-GYR-050GYR069-N-160-2024,NACIONAL,SERVICIOS DE ANÁLISIS DE  AGUAS RESIDUALES,IMSS,ADJUDICADO,,,ADJUDICACIÓN DIRECTA,SERVICIOS,E-2024-00097596,"050GYR069 - DEPARTAMENTO DE ADQUISICIONES, BIENES Y EQUIPAMIENTO",CAMPECHE
1366,AA-11-B01-011B01001-N-2828-2024,NACIONAL,POSTPRODUCTOR,ONCETV,ADJUDICADO,,,ADJUDICACIÓN DIRECTA,SERVICIOS,E-2024-00093991,011B01001 - DIRECCION DE ADMINISTRACION Y FINANZAS,CIUDAD DE MÉXICO
1367,AA-09-J9E-009J9E001-N-58-2023,NACIONAL,MANTENIMIENTO PREVENTIVO Y CORRECTIVO DE MOTOCICLETAS DE LA GERENCIA ESTATAL MOR,SEPOMEX,ADJUDICADO,,,ADJUDICACIÓN DIRECTA,SERVICIOS,E-2023-00070585,055J9E001 - SUBDIRECCIÓN DE RECURSOS MATERIALES,MORELOS
1368,AA-12-NDE-012NDE001-N-208-2023,NACIONAL,SERVICIOS PROFESIONALES EN TRABAJO SOCIAL,INPER,ADJUDICADO,,,ADJUDICACIÓN DIRECTA,SERVICIOS,E-2023-00070917,012NDE001 - SUBDIRECCION DE RECURSOS MATERIALES Y CONSERVACION,CIUDAD DE MÉXICO
1369,AA-50-GYR-050GYR016-N-356-2023,NACIONAL,SUMINISTRO DE REFACCIONES PARA LA DELEGACIÓN 36,IMSS,ADJUDICADO,,,ADJUDICACIÓN DIRECTA,SERVICIOS,E-2023-00132176,"050GYR016 - COORDINACION DE ABASTECIMIENTO Y EQUIPAMIENTO, DELEGACION NORTE DEL DISTRITO FEDERAL",CIUDAD DE MÉXICO
1370,AA-55-J9E-055J9E001-N-47-2025,NACIONAL,SERVICIOS ADMINISTRADOS PARA LA OPERACIÓN DE LA PLATAFORMA INTERNACIONAL DE COME,SEPOMEX,ADJUDICADO,,,ADJUDICACIÓN DIRECTA,SERVICIOS,E-2025-00074238,055J9E001 - SUBDIRECCIÓN DE RECURSOS MATERIALES,CIUDAD DE MÉXICO
1371,AA-13-312-013000999-N-423-2023,NACIONAL,NAC 13-0403/23 REQ 678 OBUC018OR PRODUCTOS MINERALES NO METALICOS,SEMAR,ADJUDICADO,,,ADJUDICACIÓN DIRECTA,ADQUISICIONES,E-2023-00065435,013000999 - DIRECCION GENERAL ADJUNTA DE ADQUISICIONES,CIUDAD DE MÉXICO
1372,AA-51-GYN-051GYN030-N-77-2023,NACIONAL,"ADQUISICIÓN DE AGUA PURIFICADA PARA HOSPITALES, CLÍNICAS Y ESTNCIAS",ISSSTE,ADJUDICADO,,,ADJUDICACIÓN DIRECTA,ADQUISICIONES,E-2023-00066069,"051GYN030 - DELEGACION ESTATAL DE BAJA CALIFORNIA, DEPARTAMENTO DE RECURSOS MATERIALES Y OBRAS",BAJA CALIFORNIA
1373,AA-86-X60-927022960-N-3-2025,NACIONAL,ADQUISICION DE JUEGO DE AJEDREZ,COBATAB,ADJUDICADO,,,ADJUDICACIÓN DIRECTA,ADQUISICIONES,E-2025-00029715,927022960 - DIRECCIÓN ADMINISTRATIVA,TABASCO
1374,AA-07-H0M-007H0M001-N-86-2025,NACIONAL,"SERVICIO INTEGRAL PARA DISEÑAR, PRODUCIR, SUMINISTAR E INSTALAR STANDS DEL PROYE",TRENMAYA,ADJUDICADO,,,ADJUDICACIÓN DIRECTA,SERVICIOS,E-2025-00030993,007H0M001 - COORDINACIÓN GENERAL DE RECURSOS MATERIALES Y SERVICIOS GENERALES,YUCATÁN
1375,AA-11-L4J-011L4J995-N-127-2025,NACIONAL,663762 SW FLOWJO ACADPORTAL LIC (5-10 SEATS),CINVESTAV,ADJUDICADO,,,ADJUDICACIÓN DIRECTA,ADQUISICIONES,E-2025-00035571,011L4J995 - SUBDIRECCION DE RECURSOS MATERIALES,CIUDAD DE MÉXICO
1376,AA-09-632-009000985-N-16-2025,NACIONAL,ADQUISICIÓN DE AGUA EN GARRAFÓN DE LITROS,SICT,ADJUDICADO,,,ADJUDICACIÓN DIRECTA,ADQUISICIONES,E-2025-00044956,009000985 - CENTRO SCT GUERRERO,GUERRERO
1377,AA-50-GYR-050GYR067-N-70-2025,NACIONAL,MANTENIMIENTO Y/O SUSTITUCIÓN A CONSOLAS DE ENCAMADOS,IMSS,ADJUDICADO,,,ADJUDICACIÓN DIRECTA,SERVICIOS,E-2025-00047797,050GYR067 - UMAE HOSPITAL DE PEDIATRÍA SILVESTRE FRENK FREUND DEL CMN SIGLO XXI,CIUDAD DE MÉXICO
1378,AA-48-410-048410003-N-805-2025,NACIONAL,PRESTAR SERVICIOS PROFESIONALES EN LA COORDINACIÓN DEL SISTEMA NACIONAL DE FOMEN,CULTURA,ADJUDICADO,,,ADJUDICACIÓN DIRECTA,SERVICIOS,E-2025-00027850,048410003 - DEPARTAMENTO DE COMITE,CIUDAD DE MÉXICO
1379,AA-20-150-020000004-N-12-2025,NACIONAL,ADQUISICIÓN DE MATERIAL DE LIMPIEZA,BIENESTAR,ADJUDICADO,,,ADJUDICACIÓN DIRECTA,ADQUISICIONES,E-2025-00026746,020000004 - DELEGACIÓN DE PROGRAMAS PARA EL DESARROLLO EN EL ESTADO DE VERACRUZ,VERACRUZ
1380,AA-50-GYR-050GYR009-N-50-2025,NACIONAL,SERVICIO DE REALIZACIÓN DE MANIOBRAS,IMSS,ADJUDICADO,,,ADJUDICACIÓN DIRECTA,SERVICIOS,E-2025-00026876,050GYR009 - COORDINACION DE ABASTECIMIENTO Y EQUIPAMIENTO,CHIHUAHUA
1381,AA-48-410-048410003-N-803-2025,NACIONAL,"PRESTAR SERVICIOS PROFESIONALES EN EL SISTEMA NACIONAL DE FOMENTO MUSICAL, COADY",CULTURA,ADJUDICADO,,,ADJUDICACIÓN DIRECTA,SERVICIOS,E-2025-00027848,048410003 - DEPARTAMENTO DE COMITE,CIUDAD DE MÉXICO
1382,AA-06-A00-006A00997-N-2623-2025,NACIONAL,04-25-78   SERVICIOS PROFESIONALES PARA LA ELABORACIÓN DE AVALÚOS,INDAABIN,ADJUDICADO,,,ADJUDICACIÓN DIRECTA,SERVICIOS,E-2025-00069207,006A00997 - DIRECCIÓN GENERAL DE AVALÚOS Y OBRAS,CIUDAD DE MÉXICO
1383,AA-06-A00-006A00997-N-2542-2025,NACIONAL,04-25-85   SERVICIOS PROFESIONALES PARA LA ELABORCIÓN DE AVALÚOS,INDAABIN,ADJUDICADO,,,ADJUDICACIÓN DIRECTA,SERVICIOS,E-2025-00068935,006A00997 - DIRECCIÓN GENERAL DE AVALÚOS Y OBRAS,CIUDAD DE MÉXICO
1384,AA-11-L4J-011L4J995-N-281-2025,NACIONAL,"5915 SUMINISTRO Y COLOCACION DE 14 CORTINAS EN TELA OLIMPIA COLOR IVORY, CON MED",CINVESTAV,ADJUDICADO,,,ADJUDICACIÓN DIRECTA,SERVICIOS,E-2025-00067017,011L4J995 - SUBDIRECCION DE RECURSOS MATERIALES,CIUDAD DE MÉXICO
1385,AA-48-410-048410003-N-1186-2025,NACIONAL,PRESTAR SERVICIOS PROFESIONALES EN LA COORDINACIÓN DEL SISTEMA NACIONAL DE FOMEN,CULTURA,ADJUDICADO,,,ADJUDICACIÓN DIRECTA,SERVICIOS,E-2025-00068592,048410003 - DEPARTAMENTO DE COMITE,CIUDAD DE MÉXICO
1386,AA-06-G1C-006G1C001-N-23-2024,NACIONAL,CONTRATACIÓN DE UN MEDIO DE COMUNICACIÓN PARA LA DIFUSIÓN DE LA CAMPAÑA INSTITUC,BANOBRAS,ADJUDICADO,,,ADJUDICACIÓN DIRECTA,SERVICIOS,E-2024-00012216,006G1C001 - GERENCIA DE ADQUISICIONES,CIUDAD DE MÉXICO
1387,AA-48-410-048410003-N-298-2024,NACIONAL,SERVICIOS PROFESIONALES CONSISTENTES EN COADYUVAR EN LA ORGANIZACIÓN DE EVENTOS,CULTURA,ADJUDICADO,,,ADJUDICACIÓN DIRECTA,SERVICIOS,E-2024-00013958,048410003 - DEPARTAMENTO DE COMITE,CIUDAD DE MÉXICO
1388,AA-48-E00-048E00995-N-39-2024,NACIONAL,COADYUVAR EN EL CUMPLIMIENTO DE LAS OBLIGACIONES DE TRANSPARENCIA DE LA DRM,INBAL,ADJUDICADO,,,ADJUDICACIÓN DIRECTA,SERVICIOS,E-2024-00007498,048E00995 - DIRECCION DE RECURSOS MATERIALES,CIUDAD DE MÉXICO
1389,AA-06-G1C-006G1C001-N-38-2024,NACIONAL,CONTRATACIÓN DE UN MEDIO DE COMUNICACIÓN PARA LA DIFUSIÓN DE CAMPAÑA,BANOBRAS,ADJUDICADO,,,ADJUDICACIÓN DIRECTA,SERVICIOS,E-2024-00012253,006G1C001 - GERENCIA DE ADQUISICIONES,CIUDAD DE MÉXICO
1390,AA-08-VSS-008VSS998-N-160-2024,NACIONAL,FRIJOL A GRANEL,APB,ADJUDICADO,,,ADJUDICACIÓN DIRECTA,ADQUISICIONES,E-2024-00009100,008VSS998 - DIRECCIÓN COMERCIAL,CIUDAD DE MÉXICO
1391,AA-38-90A-03890A999-N-2-2024,NACIONAL,REVISIÓN DE TEXTOS ACADÉMICOS,CENTROGEO,ADJUDICADO,,,ADJUDICACIÓN DIRECTA,SERVICIOS,E-2024-00004824,03890A999 - JEFATURA DE ADQUISICIONES,CIUDAD DE MÉXICO
1392,AA-08-VSS-008VSS980-N-5-2024,NACIONAL,MEZCLA DE LECHE CON G.V. R/GRASA FORT FR,APB,ADJUDICADO,,,ADJUDICACIÓN DIRECTA,ADQUISICIONES,E-2024-00011096,008VSS980 - UNIDAD OPERATIVA GUERRERO - ABASTO,GUERRERO
1393,AA-11-B00-011B00001-N-365-2024,NACIONAL,ESIQIE-PSP-095-2024,IPN,ADJUDICADO,,,ADJUDICACIÓN DIRECTA,SERVICIOS,E-2024-00013802,011B00001 - DIRECCION DE RECURSOS MATERIALES E INFRAESTRUCTURA,CIUDAD DE MÉXICO
1394,AA-11-L4J-011L4J995-N-600-2023,NACIONAL,REQ 9298-2023,CINVESTAV,ADJUDICADO,,,ADJUDICACIÓN DIRECTA,ADQUISICIONES,E-2023-00098404,011L4J995 - SUBDIRECCION DE RECURSOS MATERIALES,CIUDAD DE MÉXICO
1395,AA-11-B00-011B00001-N-5706-2023,NACIONAL,SERVICIO DE MANTENIMIENTO A ASAP 2050,IPN,ADJUDICADO,,,ADJUDICACIÓN DIRECTA,SERVICIOS,E-2023-00098318,011B00001 - DIRECCION DE RECURSOS MATERIALES E INFRAESTRUCTURA,CIUDAD DE MÉXICO
1396,AA-11-B00-011B00001-N-5544-2023,NACIONAL,CONTRATACION DE SERVICIOS PROFESIONALES ESIME CULHUACAN,IPN,ADJUDICADO,,,ADJUDICACIÓN DIRECTA,SERVICIOS,E-2023-00098672,011B00001 - DIRECCION DE RECURSOS MATERIALES E INFRAESTRUCTURA,CIUDAD DE MÉXICO
1397,AA-50-GYR-050GYR020-T-222-2023,INTERNACIONAL BAJO LA COBERTURA DE TRATADOS,ADQUISICIÓN DE MEDICAMENTO VEDOLIZUMAB,IMSS,ADJUDICADO,,,ADJUDICACIÓN DIRECTA,ADQUISICIONES,E-2023-00099738,"050GYR020 - UMAE HOSPITAL DE ESPECIALIDADES, C.M.N.O. DEPARTAMENTO DE ABASTECIMIENTO",JALISCO
1398,AA-20-150-020000004-N-42-2023,NACIONAL,CONTRATO ABIERTO PARA EL SERVICIO DE BOX LUNCH,BIENESTAR,ADJUDICADO,,,ADJUDICACIÓN DIRECTA,ADQUISICIONES,E-2023-00099251,020000004 - DELEGACION VERACRUZ-SUBDELEGACION DE ADMINISTRACION Y DESARROLLO ORGANIZACIONAL,VERACRUZ
1399,AA-06-G3A-006G3A001-N-24-2023,NACIONAL,SERVICIOS PROFESIONALES INDEPENDIENTES EN MATERIA LABORAL,CONDUSEF,ADJUDICADO,,,ADJUDICACIÓN DIRECTA,SERVICIOS,E-2023-00019795,006G3A001 - DIRECCIÓN DE RECURSOS MATERIALES Y SERVICIOS GENERALES,CIUDAD DE MÉXICO
1400,AA-13-312-013000999-T-90-2023,INTERNACIONAL BAJO LA COBERTURA DE TRATADOS,IMP. 13-SCIA/A001-2023 AERO012/23,SEMAR,ADJUDICADO,,,ADJUDICACIÓN DIRECTA,SERVICIOS,E-2023-00020893,013000999 - DIRECCION GENERAL ADJUNTA DE ADQUISICIONES,CIUDAD DE MÉXICO
1401,AA-50-GYR-050GYR979-N-29-2023,NACIONAL,ADJUDICACIÓN DIRECTA,IMSS,ADJUDICADO,,,ADJUDICACIÓN DIRECTA,SERVICIOS,E-2023-00020427,050GYR979 - DEPARTAMENTO DE CONSERVACION Y SERVICIOS GENERALES,NUEVO LEÓN
1402,AA-08-VSS-008VSS983-N-20-2025,NACIONAL,ABARROTES NO COMESTIBLES,APB,ADJUDICADO,,,ADJUDICACIÓN DIRECTA,ADQUISICIONES,E-2025-00013717,008VSS983 - DIRECCIÓN DE COMERCIALIZACIÓN,MÉXICO
1403,AA-86-X75-927006974-N-322-2024,NACIONAL,27101.-VESTUARIO Y UNIFORMES,SSALUDTAB,ADJUDICADO,,,ADJUDICACIÓN DIRECTA,ADQUISICIONES,E-2025-00009030,927006974 - DIRECCIÓN DE RECURSOS MATERIALES,TABASCO
1404,AA-08-VSS-008VSS998-N-1127-2024,NACIONAL,ABARROTES COMESTIBLES,APB,ADJUDICADO,,,ADJUDICACIÓN DIRECTA,ADQUISICIONES,E-2024-00104313,008VSS998 - DIRECCIÓN COMERCIAL,CIUDAD DE MÉXICO
1405,AA-08-VSS-008VSS976-N-285-2024,NACIONAL,ABARROTES COMESTIBLES,APB,ADJUDICADO,,,ADJUDICACIÓN DIRECTA,ADQUISICIONES,E-2024-00082117,"008VSS976 - UNIDAD OPERATIVA MIXTECA, ABASTO",OAXACA
1406,AA-08-VSS-008VSS988-N-350-2024,NACIONAL,PASTAS PARA SOPA HUECAS,APB,ADJUDICADO,,,ADJUDICACIÓN DIRECTA,ADQUISICIONES,E-2024-00109063,008VSS988 - UNIDAD OPERATIVA ISTMO-COSTA,OAXACA
1407,AA-12-NDF-012NDF999-N-330-2024,NACIONAL,INR/2024/517,INR,ADJUDICADO,,,ADJUDICACIÓN DIRECTA,ADQUISICIONES,E-2024-00064641,012NDF999 - SUBDIRECCION DE COMPRAS Y SUMINISTROS,CIUDAD DE MÉXICO
1408,AA-11-B00-011B00001-N-5138-2024,NACIONAL,PRESTACION DE SERVICIOS PROFESIONALES QUE REQUIERE LA ENCB,IPN,ADJUDICADO,,,ADJUDICACIÓN DIRECTA,SERVICIOS,E-2024-00065627,011B00001 - DIRECCION DE RECURSOS MATERIALES E INFRAESTRUCTURA,CIUDAD DE MÉXICO
1409,AA-50-GYR-050GYR035-N-63-2024,NACIONAL,AA-50-GYR-050GYR035-N-63-2024,IMSS,ADJUDICADO,,,ADJUDICACIÓN DIRECTA,ADQUISICIONES,E-2024-00066369,050GYR035 - COORD DE ABAST Y EQ DELEG NUEVO LEON,NUEVO LEÓN
1410,AA-06-G2T-006G2T002-N-268-2024,NACIONAL,MANTENIMIENTO AJUSTE Y CALIBRACIÓN DE BOMBAS PROMINENT Z-44C,CMM,ADJUDICADO,,,ADJUDICACIÓN DIRECTA,SERVICIOS,E-2024-00065915,006G2T002 - DIRECCIÓN CORPORATIVA DE ADMINSITRACIÓN,SAN LUIS POTOSÍ
1411,AA-08-VST-008VST977-N-60-2024,NACIONAL,SERVICIO MANTENIMIENTO PREVENTIVO CORRECTIVO PARA MAQUINAS ENVASADORAS,LECHEPARAELBIENESTAR,ADJUDICADO,,,ADJUDICACIÓN DIRECTA,SERVICIOS,E-2024-00056193,008VST977 - GERENCIA DE RECURSOS MATERIALES Y SERVICIOS GENERALES,MÉXICO
1412,AA-08-VSS-008VSS972-N-58-2024,NACIONAL,ABARROTES NO COMESTIBLES,APB,ADJUDICADO,,,ADJUDICACIÓN DIRECTA,ADQUISICIONES,E-2024-00056847,008VSS972 - UNIDAD OPERATIVA ACAYUCAN,VERACRUZ
1413,AA-12-NDY-012NDY001-N-364-2024,NACIONAL,REVISIÓN Y REGISTRO EN REPOSITORIO DE DATOS DE LAS ACTIVIDADES ACADÉMICAS,INSP,ADJUDICADO,,,ADJUDICACIÓN DIRECTA,SERVICIOS,E-2024-00054871,012NDY001 - DEPARTAMENTO DE SERVICIOS GENERALES Y MANTENIMIENTO,MORELOS
1414,AA-06-HIU-006HIU001-N-71-2024,NACIONAL,SERVICIOS PARA LA TRANSMISIÓN DE ANUNCIOS COMERCIALES EN RADIO CON MMI,NAFIN,ADJUDICADO,,,ADJUDICACIÓN DIRECTA,SERVICIOS,E-2024-00067819,006HIU001 - SUBGERENCIA DE ADQUISICIONES,CIUDAD DE MÉXICO
1415,AA-12-O00-012O00999-T-18-2024,INTERNACIONAL BAJO LA COBERTURA DE TRATADOS,ADQUISICIÓN DE PLAGUICIDAS (PRODUCTOS INSECTICIDAS),SSA,ADJUDICADO,,,ADJUDICACIÓN DIRECTA,ADQUISICIONES,E-2024-00065955,012O00999 - CENTRO NACIONAL DE PROGRAMAS PREVENTIVOS Y CONTROL DE ENFERMEDADES,CIUDAD DE MÉXICO
1416,AA-08-VSS-008VSS985-N-276-2024,NACIONAL,INDUSTRIAL PATRONA CHETUMAL,APB,ADJUDICADO,,,ADJUDICACIÓN DIRECTA,ADQUISICIONES,E-2024-00046805,008VSS985 - GERENCIA REGIONAL PENINSULAR,QUINTANA ROO
1417,AA-11-B00-011B00001-N-4613-2024,NACIONAL,PRESTACIÓN DE SERVICIOS PROFESIONALES.,IPN,ADJUDICADO,,,ADJUDICACIÓN DIRECTA,SERVICIOS,E-2024-00045537,011B00001 - DIRECCION DE RECURSOS MATERIALES E INFRAESTRUCTURA,CIUDAD DE MÉXICO
1418,AA-47-AYB-047AYB001-N-43-2024,NACIONAL,ADQUISICIÓN Y SUMINISTRO DE BIENES PARA EL EQUIPAMIENTO DE LAS CASAS Y COMEDORES,INPI,ADJUDICADO,,,ADJUDICACIÓN DIRECTA,ADQUISICIONES,E-2024-00044624,047AYB001 - DIRECCION DE ADQUISICIONES Y OBRA PUBLICA,CIUDAD DE MÉXICO
1419,AA-08-VSS-008VSS979-N-600-2023,NACIONAL,HARINA DE MAIZ MACSA,APB,ADJUDICADO,,,ADJUDICACIÓN DIRECTA,ADQUISICIONES,E-2023-00112678,"008VSS979 - UNIDAD OPERATIVA DURANGO, ABASTO",DURANGO
1420,AA-08-VSS-008VSS974-N-620-2023,NACIONAL,HARINA DE MAIZ VITAMINADA,APB,ADJUDICADO,,,ADJUDICACIÓN DIRECTA,ADQUISICIONES,E-2023-00115705,008VSS974 - UNIDAD OPERATIVA COAHUILA,COAHUILA DE ZARAGOZA
1421,AA-08-VSS-008VSS004-N-100-2023,NACIONAL,PRODUCTOS DIVERSOS,APB,ADJUDICADO,,,ADJUDICACIÓN DIRECTA,ADQUISICIONES,E-2023-00114949,008VSS004 - SUBGERENCIA MICHOACÁN,MICHOACÁN DE OCAMPO
1422,AA-13-312-013000999-N-1390-2023,NACIONAL,NAC 13-1441/23 REQ 2054 ARMA070/23 MATERIALES DE SEGURIDAD PUBLICA,SEMAR,ADJUDICADO,,,ADJUDICACIÓN DIRECTA,ADQUISICIONES,E-2023-00124117,013000999 - DIRECCION GENERAL ADJUNTA DE ADQUISICIONES,CIUDAD DE MÉXICO
1423,AA-13-312-013000999-N-1222-2024,NACIONAL,NAC 13-1269/24 REQ 1782  CTL00179OR MANTENIMIENTO Y CONSERVACION DE MAQUINARIA Y,SEMAR,ADJUDICADO,,,ADJUDICACIÓN DIRECTA,SERVICIOS,E-2024-00096662,013000999 - DIRECCION GENERAL ADJUNTA DE ADQUISICIONES,CIUDAD DE MÉXICO
1424,AA-50-GYR-050GYR045-T-189-2024,INTERNACIONAL BAJO LA COBERTURA DE TRATADOS,CONTRATACION DEL SERVICIO MEDICO INTEGRAL DE MINIMA INVASION,IMSS,ADJUDICADO,,,ADJUDICACIÓN DIRECTA,SERVICIOS,E-2024-00092713,050GYR045 - UMAE HOSPITAL DE ESPECILIDADES NO.71 DEPTO DE ABASTECIMIENTO,COAHUILA DE ZARAGOZA
1425,AA-50-GYR-050GYR045-N-207-2024,NACIONAL,CONTRATACION DEL SERVICIO MEDICO INTEGRAL DE DIALISIS DPA,IMSS,ADJUDICADO,,,ADJUDICACIÓN DIRECTA,SERVICIOS,E-2024-00097107,050GYR045 - UMAE HOSPITAL DE ESPECILIDADES NO.71 DEPTO DE ABASTECIMIENTO,COAHUILA DE ZARAGOZA
1426,AA-06-A00-006A00997-N-2669-2024,NACIONAL,04-24-461    SERVICIOS PROFESIONALES PARA LA ELABORACION DEL AVALUO,INDAABIN,ADJUDICADO,,,ADJUDICACIÓN DIRECTA,SERVICIOS,E-2024-00095431,006A00997 - DIRECCIÓN GENERAL DE AVALÚOS Y OBRAS,CIUDAD DE MÉXICO
1427,AA-08-VSS-008VSS977-N-402-2024,NACIONAL,ABARROTES COMESTIBLES,APB,ADJUDICADO,,,ADJUDICACIÓN DIRECTA,ADQUISICIONES,E-2024-00095960,"008VSS977 - UNIDAD OPERATIVA NAYARIT, ABASTO",NAYARIT
1428,AA-06-G2T-006G2T002-N-427-2024,NACIONAL,REFACCIONES Y ACCESORIOS MENORES DE MAQUINARIA Y OTROS EQUIPOS,CMM,ADJUDICADO,,,ADJUDICACIÓN DIRECTA,ADQUISICIONES,E-2024-00099171,006G2T002 - DIRECCIÓN CORPORATIVA DE ADMINISTRACIÓN,SAN LUIS POTOSÍ
1429,AA-47-AYL-006AYL998-N-59-2024,NACIONAL,SERVICIO DE APOYO EN LOS PROCESOS ADMINISTRATIVOS DE LOS BIENES DEL SPR,SPR,ADJUDICADO,,,ADJUDICACIÓN DIRECTA,SERVICIOS,E-2024-00001358,006AYL998 - UNIDAD DE ADMINISTRACIÓN Y FINANZAS,CIUDAD DE MÉXICO
1430,AA-38-9ZW-0389ZW001-I-7-2024,INTERNACIONAL ABIERTO,SUMINISTRO DE BATERÍAS,CICESE,ADJUDICADO,,,ADJUDICACIÓN DIRECTA,ADQUISICIONES,E-2024-00020056,"0389ZW001 - DEPARTAMENTO DE ADQUISICIONES, SUBDIRECCION DE RECURSOS MATERIALES Y SERVICIOS GENERALES",BAJA CALIFORNIA
1431,AA-08-VSS-008VSS998-N-246-2024,NACIONAL,MAIZ BLANCO,APB,ADJUDICADO,,,ADJUDICACIÓN DIRECTA,ADQUISICIONES,E-2024-00020340,008VSS998 - DIRECCIÓN COMERCIAL,CIUDAD DE MÉXICO
1432,AA-11-B00-011B00001-N-2062-2024,NACIONAL,CONTRATO-DDP-PSP-2024-008,IPN,ADJUDICADO,,,ADJUDICACIÓN DIRECTA,SERVICIOS,E-2024-00028611,011B00001 - DIRECCION DE RECURSOS MATERIALES E INFRAESTRUCTURA,CIUDAD DE MÉXICO
1433,AA-08-VST-008VST968-N-1-2024,NACIONAL,SERVICIO DE VIGILANCIA INTRAMUROS MES DE MARZO,LECHEPARAELBIENESTAR,ADJUDICADO,,,ADJUDICACIÓN DIRECTA,SERVICIOS,E-2024-00021567,"008VST968 - PROGRAMA DE ABASTO SOCIAL PUEBLA, COORDINACIÓN DE OPERACIONES",PUEBLA
1434,AA-70-Q94-911043999-N-9-2024,NACIONAL,"COMPRA DE IMPRESIÓN DE TÍTULOS, MICAS DE SEGURIDAD Y CONSTANCIA ESPECIAL",UGTO,ADJUDICADO,,,ADJUDICACIÓN DIRECTA,ADQUISICIONES,E-2024-00019710,911043999 - DEPARTAMENTO DE ADQUISICIONES Y CONTROL DE BIENES,GUANAJUATO
1435,AA-48-410-048410003-N-981-2024,NACIONAL,"SERVICIOS PROFESIONALES CONSISTENTES EN COADYUVAR CON LA CORRECCIÓN DE ESTILO, L",CULTURA,ADJUDICADO,,,ADJUDICACIÓN DIRECTA,SERVICIOS,E-2024-00026042,048410003 - DEPARTAMENTO DE COMITE,CIUDAD DE MÉXICO
1436,AA-06-G1C-006G1C001-N-118-2023,NACIONAL,CONTRATACIÓN DE UN MEDIO DE COMUNICACIÓN PARA LA DIFUSIÓN DE LA CAMPAÑA,BANOBRAS,ADJUDICADO,,,ADJUDICACIÓN DIRECTA,SERVICIOS,E-2023-00091766,006G1C001 - GERENCIA DE ADQUISICIONES,CIUDAD DE MÉXICO
1437,AA-08-VSS-008VSS996-N-449-2023,NACIONAL,ABARROTES NO COMESTIBLES,APB,ADJUDICADO,,,ADJUDICACIÓN DIRECTA,ADQUISICIONES,E-2023-00091110,008VSS996 - SUBGERENCIA DE U.O.TUXTLA ABASTO,CHIAPAS
1438,AA-11-B01-011B01001-N-2364-2023,NACIONAL,AUXILIAR ADMINISTRATIVO DE ALIANZAS ESTRATÉGICAS,ONCETV,ADJUDICADO,,,ADJUDICACIÓN DIRECTA,SERVICIOS,E-2023-00092660,011B01001 - DIRECCION DE ADMINISTRACION Y FINANZAS,CIUDAD DE MÉXICO
1439,AA-06-G0N-006G0N001-N-94-2023,NACIONAL,"ESPACIOS EN RADIO, COMO PARTE DEL PROGRAMA DE COMUNICACIÓN SOCIAL DEL BANCOMEXT",BANCOMEXT,ADJUDICADO,,,ADJUDICACIÓN DIRECTA,SERVICIOS,E-2023-00092832,006G0N001 - SUBDIRECCIÓN DE ADQUISICIONES DE BIENES MUEBLES Y SERVICIOS,CIUDAD DE MÉXICO
1440,AA-06-G1C-006G1C001-N-112-2023,NACIONAL,CONTRATACIÓN DE UN MEDIO DE COMUNICACIÓN PARA LA DIFUSIÓN DE LA CAMPAÑA,BANOBRAS,ADJUDICADO,,,ADJUDICACIÓN DIRECTA,SERVICIOS,E-2023-00091509,006G1C001 - GERENCIA DE ADQUISICIONES,CIUDAD DE MÉXICO
1441,AA-48-E00-048E00995-N-1174-2023,NACIONAL,ANÁLISIS HISTÓRICO Y CULTURAL EN MÉXICO DE LAS MUESTRAS INTERNACIONALES DE ARTE,INBAL,ADJUDICADO,,,ADJUDICACIÓN DIRECTA,SERVICIOS,E-2023-00092926,048E00995 - DIRECCION DE RECURSOS MATERIALES,CIUDAD DE MÉXICO
1442,AA-38-91C-03891C999-N-84-2025,NACIONAL,SERVICIO DE IMPRESIÓN DE LIBROS,COLEF,ADJUDICADO,,,ADJUDICACIÓN DIRECTA,SERVICIOS,E-2025-00048263,03891C999 - DIRECCION DE RECURSOS MATERIALES Y SERVICIOS,BAJA CALIFORNIA
1443,AA-12-NDY-012NDY001-N-283-2025,NACIONAL,REALIZACIÓN DEL LEVANTAMIENTO DE  INFORMACIÓN DEL  CUESTIONARIO DE HOGAR,INSP,ADJUDICADO,,,ADJUDICACIÓN DIRECTA,SERVICIOS,E-2025-00048867,012NDY001 - DEPARTAMENTO DE SERVICIOS GENERALES Y MANTENIMIENTO,MORELOS
1444,AA-50-GYR-050GYR071-N-51-2025,NACIONAL,ADQUISICIÓN DE  MATERIAL DE ASEO,IMSS,ADJUDICADO,,,ADJUDICACIÓN DIRECTA,ADQUISICIONES,E-2025-00045744,050GYR071 - HOSPITAL DE TRAUMATOLOGIA Y ORTOPEDIA LOMAS VERDES,MÉXICO
1445,AA-38-91S-03891S999-N-22-2025,NACIONAL,SERVICIOS PROFESIONALES,MORA,ADJUDICADO,,,ADJUDICACIÓN DIRECTA,SERVICIOS,E-2025-00046776,03891S999 - DIR. ADMON. Y FINANZAS - DEPARTAMENTO DE RECURSOS MATERIALES Y SERVICIOS GENERALES,CIUDAD DE MÉXICO
1446,AA-50-GYR-050GYR035-N-16-2023,NACIONAL,AA-50-GYR-050GYR035-N16-2023 SERVICIOS INTEGRAL DE TALLER DE LINEAS ESTRATÉGICAS,IMSS,ADJUDICADO,,,ADJUDICACIÓN DIRECTA,SERVICIOS,E-2023-00024665,050GYR035 - COORD DE ABAST Y EQ DELEG NUEVO LEON,NUEVO LEÓN
1447,AA-11-B00-011B00001-N-2119-2023,NACIONAL,PRESTACIÓN DE SERVICIOS PROFESIONALES REQUERIDOS POR EL CENLEX UNIDAD ZACATENCO,IPN,ADJUDICADO,,,ADJUDICACIÓN DIRECTA,SERVICIOS,E-2023-00026878,011B00001 - DIRECCION DE RECURSOS MATERIALES E INFRAESTRUCTURA,CIUDAD DE MÉXICO
1448,AA-51-GYN-051GYN023-N-56-2023,NACIONAL,"""EXPRESIÓN CORPORAL DANCÍSTICA""",ISSSTE,ADJUDICADO,,,ADJUDICACIÓN DIRECTA,SERVICIOS,E-2023-00027884,"051GYN023 - REPRESENTACION ESTATAL EN MORELOS, SUBDELEGACION DE ADMINISTRACION",MORELOS
1449,AA-08-VSS-008VSS983-N-500-2025,NACIONAL,ABARROTES COMESTIBLES,APB,ADJUDICADO,,,ADJUDICACIÓN DIRECTA,ADQUISICIONES,E-2025-00118058,008VSS983 - DIRECCIÓN DE COMERCIALIZACIÓN,MÉXICO
1450,AA-12-NDY-012NDY001-N-841-2025,NACIONAL,SE REQUIERE PROVEEDOR CON NIVEL DE LICENCIATURA PARA PRESTAR LOS SERVICIOS PROFE,INSP,ADJUDICADO,,,ADJUDICACIÓN DIRECTA,SERVICIOS,E-2025-00117145,012NDY001 - DEPARTAMENTO DE SERVICIOS GENERALES Y MANTENIMIENTO,MORELOS
1451,AA-47-AYO-047AYO941-N-42-2025,NACIONAL,SERVICIO MEDICO INTEGRAL DE ANESTESIA,IMSS-BIENESTAR,ADJUDICADO,,,ADJUDICACIÓN DIRECTA,SERVICIOS,E-2025-00059199,"056AYO941 - HOSPITAL REGIONAL DE ALTA ESPECIALIDAD DE LA PENÍNSULA DE YUCATÁN, DIRECCIÓN DE RECURSOS MATERIALES",YUCATÁN
1452,AA-12-NDF-012NDF999-N-425-2023,NACIONAL,PEDIDO 555 MENOR BIOMET,INR,ADJUDICADO,,,ADJUDICACIÓN DIRECTA,ADQUISICIONES,E-2023-00052034,012NDF999 - SUBDIRECCION DE COMPRAS Y SUMINISTROS,CIUDAD DE MÉXICO
1453,AA-08-VSS-008VSS995-N-209-2023,NACIONAL,ABARROTES NO COMESTIBLES,APB,ADJUDICADO,,,ADJUDICACIÓN DIRECTA,ADQUISICIONES,E-2023-00052357,"008VSS995 - UNIDAD OPERATIVA QUERETARO, ABASTO",QUERÉTARO
1454,AA-11-B00-011B00001-N-464-2024,NACIONAL,SERVICIOS PROFESIONALES DIVISIÓN DE PROGRAMACIÓN Y CONTROL DE PAGOS,IPN,ADJUDICADO,,,ADJUDICACIÓN DIRECTA,SERVICIOS,E-2024-00014658,011B00001 - DIRECCION DE RECURSOS MATERIALES E INFRAESTRUCTURA,CIUDAD DE MÉXICO
1455,AA-08-VSS-008VSS985-N-11-2024,NACIONAL,"HARINA DE MAIZ VITAMINADA, HARINA DE MAIZ ANTOJITOS",APB,ADJUDICADO,,,ADJUDICACIÓN DIRECTA,ADQUISICIONES,E-2024-00010305,008VSS985 - GERENCIA REGIONAL PENINSULAR,YUCATÁN
1456,AA-47-MDL-047MDL998-N-142-2024,NACIONAL,SERVICIOS PROFESIONALES INDEPENDIENTES,IMER,ADJUDICADO,,,ADJUDICACIÓN DIRECTA,SERVICIOS,E-2024-00009903,"047MDL998 - DIRECCION DE ADMINISTRACION Y FINANZAS, SUBDIRECCION DE ADMINISTRACION",CIUDAD DE MÉXICO
1457,AA-50-GYR-050GYR031-N-91-2024,NACIONAL,"SERVICIO MEDICO SUBROGADO DE PROCEDIMIENTOS OFTALMOLÓGICOS, EJERCICIO 2024",IMSS,ADJUDICADO,,,ADJUDICACIÓN DIRECTA,SERVICIOS,E-2024-00013257,050GYR031 - COORDINACION DE ABASTECIMIENTO Y EQUIPAMIENTO,SONORA
1458,AA-12-NDE-012NDE001-N-108-2023,NACIONAL,SERVICIO DE FUMIGACIÓN,INPER,ADJUDICADO,,,ADJUDICACIÓN DIRECTA,SERVICIOS,E-2023-00031488,012NDE001 - SUBDIRECCION DE RECURSOS MATERIALES Y CONSERVACION,CIUDAD DE MÉXICO
1459,AA-43-240-043240999-N-29-2023,NACIONAL,"MANTENIMIENTO DEL SISTEMA DE AUDIO, VIDEO Y GRABACIÓN DEL IFT",CRT,ADJUDICADO,,,ADJUDICACIÓN DIRECTA,SERVICIOS,E-2023-00031731,055A00002 - DIRECCION DE PROCEDIMIENTOS DE ADQUISICIONES,CIUDAD DE MÉXICO
1460,AA-11-B00-011B00001-N-3482-2023,NACIONAL,SUBCONTRATACIÓN DE SERVICIOS CON TERCEROS,IPN,ADJUDICADO,,,ADJUDICACIÓN DIRECTA,SERVICIOS,E-2023-00054744,011B00001 - DIRECCION DE RECURSOS MATERIALES E INFRAESTRUCTURA,MÉXICO
1461,AA-08-VSS-008VSS999-N-30-2023,NACIONAL,MANTECA VEGETAL,APB,ADJUDICADO,,,ADJUDICACIÓN DIRECTA,ADQUISICIONES,E-2023-00055461,008VSS999 - SUBGERENCIA DE LA UNIDAD OPERATIVA NUEVO LEÓN,NUEVO LEÓN
1462,AA-06-A00-006A00997-N-5613-2023,NACIONAL,01-23-1259    SERVICIOS PROFESIONALES PARA LA ELABORACIÓN DEL AVALÚO,INDAABIN,ADJUDICADO,,,ADJUDICACIÓN DIRECTA,SERVICIOS,E-2023-00130875,006A00997 - DIRECCIÓN GENERAL DE AVALÚOS Y OBRAS,CIUDAD DE MÉXICO
1463,AA-11-MAR-011MAR001-N-159-2023,NACIONAL,PÓLIZA DE SOPORTE TÉCNICO PARA EQUIPO DE RED DE DATOS CORE.,FCE,ADJUDICADO,,,ADJUDICACIÓN DIRECTA,SERVICIOS,E-2023-00132200,011MAR001 - SUBGERENCIA DE RECURSOS MATERIALES,CIUDAD DE MÉXICO
1464,AA-51-GYN-051GYN056-N-105-2023,NACIONAL,SERVICIO DE HOSPITALIZACIÓN PSIQUIATRICA,ISSSTE,ADJUDICADO,,,ADJUDICACIÓN DIRECTA,SERVICIOS,E-2023-00130130,"051GYN056 - DELEGACION ESTATAL SAN LUIS POTOSI, SUBDELEGACION DE ADMINISTRACION",SAN LUIS POTOSÍ
1465,AA-50-GYR-050GYR998-N-1138-2023,NACIONAL,AA-50-GYR-050GYR998-N-1138-2023,IMSS,ADJUDICADO,,,ADJUDICACIÓN DIRECTA,ADQUISICIONES,E-2023-00129078,"050GYR998 - UMAE, HOSPITAL DE ESPECIALIDADES, C.M.N. SIGLO XXI",CIUDAD DE MÉXICO
1466,AA-13-J3A-013J3A001-N-300-2023,NACIONAL,SERVICIO DE ALIMENTOS PARA EVENTO CONMEMORATIVO LLEVADO A CABO EN EL MES DE OCTU,	ASIPONA-LÁZARO CÁRDENAS,ADJUDICADO,,,ADJUDICACIÓN DIRECTA,SERVICIOS,E-2023-00132999,013J3A001 - LAZARO CARDENAS-GERENCIA DE ADMINISTRACION Y FINANZAS,MICHOACÁN DE OCAMPO
1467,AA-13-J3A-013J3A001-N-286-2023,NACIONAL,SERVICIO DE PUBLICACIÓN DE 4 MEDIAS PLANAS EN PERIÓDICO EL ECONOMISTA,	ASIPONA-LÁZARO CÁRDENAS,ADJUDICADO,,,ADJUDICACIÓN DIRECTA,SERVICIOS,E-2023-00131156,013J3A001 - LAZARO CARDENAS-GERENCIA DE ADMINISTRACION Y FINANZAS,MICHOACÁN DE OCAMPO
1468,AA-07-112-007000997-N-332-2023,NACIONAL,"FP04-TM-R045/2023, ADQUISICION DE ACEITES CON MARCA",SEDENA,ADJUDICADO,,,ADJUDICACIÓN DIRECTA,ADQUISICIONES,E-2023-00132197,007000997 - SUBDIRECCIÓN DE ADQUISICIONES,CIUDAD DE MÉXICO
1469,AA-12-NBG-012NBG003-I-323-2023,INTERNACIONAL ABIERTO,RM-AF-0767/23,HIM,ADJUDICADO,,,ADJUDICACIÓN DIRECTA,ADQUISICIONES,E-2023-00056462,012NBG003 - SUBDIRECCION DE RECURSOS MATERIALES,CIUDAD DE MÉXICO
1470,AA-51-GYN-051GYN031-N-64-2023,NACIONAL,ADQUISICIÓN DE PRODUCTOS ALIMENTICIOS,ISSSTE,ADJUDICADO,,,ADJUDICACIÓN DIRECTA,ADQUISICIONES,E-2023-00057088,051GYN031 - DELEGACION ESTATAL DEL ISSSTE EN YUCATAN,YUCATÁN
1471,AA-08-VSS-008VSS981-N-117-2023,NACIONAL,SAL COM. REF.,APB,ADJUDICADO,,,ADJUDICACIÓN DIRECTA,ADQUISICIONES,E-2023-00055918,008VSS981 - DICONSA UNIDAD OPERATIVA MICHOCAN - ABASTO,MICHOACÁN DE OCAMPO
1472,AA-51-GYN-051GYN057-N-19-2023,NACIONAL,SERVICIO DE DESINFECCIÓN,ISSSTE,ADJUDICADO,,,ADJUDICACIÓN DIRECTA,SERVICIOS,E-2023-00056414,051GYN057 - SUBDELEGACION DE ADMINISTRACION,ZACATECAS
1473,AA-06-A00-006A00997-N-296-2024,NACIONAL,04-23-2317   SERVICIOS PROFESIONALES PARA LA ELABORACIÓN DEL AVALÚO,INDAABIN,ADJUDICADO,,,ADJUDICACIÓN DIRECTA,SERVICIOS,E-2024-00039789,006A00997 - DIRECCIÓN GENERAL DE AVALÚOS Y OBRAS,CIUDAD DE MÉXICO
1474,AA-50-GYR-050GYR082-N-138-2024,NACIONAL,MATERIAL CURACION SUSTANTIVO ABRIL,IMSS,ADJUDICADO,,,ADJUDICACIÓN DIRECTA,ADQUISICIONES,E-2024-00041741,050GYR082 - HOSPITAL DE TRAUMATOLOGIA Y ORTOPEDIA NO. 21,NUEVO LEÓN
1475,AA-08-VSS-008VSS990-N-318-2024,NACIONAL,ABARROTES COMESTIBLES,APB,ADJUDICADO,,,ADJUDICACIÓN DIRECTA,ADQUISICIONES,E-2024-00087145,"008VSS990 - GERENCIA REGIONAL HIDALGO, SUBGERENCIA DE ABASTO",HIDALGO
1476,AA-38-90W-03890W999-N-111-2024,NACIONAL,SERVICIO DEL CURSO  DE CAPACITACIÓN ADMINISTRACIÓN EFECTIVA DEL TIEMPO,CIESAS,ADJUDICADO,,,ADJUDICACIÓN DIRECTA,SERVICIOS,E-2024-00103540,"03890W999 - DIRECCION DE ADMINISTRACION, DEPARTAMENTO DE SERVICIOS GENERALES",CIUDAD DE MÉXICO
1477,AA-06-E00-006E00032-N-16-2025,NACIONAL,MANTENIMIENTO A INSTALACIONES ELÉCTRICAS,SAT,ADJUDICADO,,,ADJUDICACIÓN DIRECTA,SERVICIOS,E-2025-00073416,006E00032 - SUBADMINISTRACIÓN DE RECURSOS Y SERVICOS DE OAXACA,OAXACA
1478,AA-08-I00-008I00002-N-55-2025,NACIONAL,SERVICIO DE CORREO ELECTRÓNICO Y HERRAMIENTAS DE COLABORACIÓN INSTITUCIONAL,CONAPESCA,ADJUDICADO,,,ADJUDICACIÓN DIRECTA,SERVICIOS,E-2025-00119456,"008I00002 - UNIDAD DE ADMINISTRACIÓN, SUBDIRECCIÓN DE RECURSOS MATERIALES Y SERVICIOS GENERALES",SINALOA
1479,AA-08-VSS-008VSS972-N-163-2026,NACIONAL,ABARROTES COMESTIBLES,APB,ADJUDICADO,,,ADJUDICACIÓN DIRECTA,ADQUISICIONES,E-2026-00003070,008VSS972 - UNIDAD OPERATIVA ACAYUCAN,VERACRUZ
1480,AA-38-9ZY-0389ZY998-N-61-2025,NACIONAL,ALIMENTO PECES,CIAD,ADJUDICADO,,,ADJUDICACIÓN DIRECTA,ADQUISICIONES,E-2025-00117575,0389ZY998 - SUBDIRECCION DE RECURSOS MATERIALES,SINALOA
1481,AA-47-AYL-006AYL998-N-203-2026,NACIONAL,SERVICIO DE ASISTENCIA DE PRODUCCIÓN Y REALIZACIÓN PARA CÁPSULAS Y PROGRAMAS DE,SPR,ADJUDICADO,,,ADJUDICACIÓN DIRECTA,SERVICIOS,E-2026-00000626,006AYL998 - UNIDAD DE ADMINISTRACIÓN Y FINANZAS,CIUDAD DE MÉXICO
1482,AA-70-036-911003999-N-51-2025,NACIONAL,SEG-AA-N-51-2025,070036,ADJUDICADO,,,ADJUDICACIÓN DIRECTA,ADQUISICIONES,E-2025-00121121,911003999 - DIRECCION GENERAL DE RECURSOS MATERIALES Y SERVICIOS GENERALES,GUANAJUATO
1483,AA-08-VSS-008VSS979-N-254-2024,NACIONAL,INSECTICIDA,APB,ADJUDICADO,,,ADJUDICACIÓN DIRECTA,ADQUISICIONES,E-2024-00108236,"008VSS979 - UNIDAD OPERATIVA DURANGO, ABASTO",DURANGO
1484,AA-08-VSS-008VSS969-N-515-2024,NACIONAL,ABARROTES NO COMESTIBLES,APB,ADJUDICADO,,,ADJUDICACIÓN DIRECTA,ADQUISICIONES,E-2024-00099358,008VSS969 - UNIDAD OPERATIVA ORIZABA,VERACRUZ
1485,AA-11-B01-011B01001-N-143-2025,NACIONAL,PRODUCTOR/REALIZADOR,ONCETV,ADJUDICADO,,,ADJUDICACIÓN DIRECTA,SERVICIOS,E-2024-00115775,011B01001 - DIRECCION DE ADMINISTRACION Y FINANZAS,CIUDAD DE MÉXICO
1486,AA-08-VSS-008VSS979-N-282-2024,NACIONAL,MANTECA DE CERDO,APB,ADJUDICADO,,,ADJUDICACIÓN DIRECTA,ADQUISICIONES,E-2024-00108902,"008VSS979 - UNIDAD OPERATIVA DURANGO, ABASTO",DURANGO
1487,AA-51-GYN-051GYN061-N-71-2024,NACIONAL,SUBCONTRATACIÓN DE SERVICIOS CON TERCEROS,ISSSTE,ADJUDICADO,,,ADJUDICACIÓN DIRECTA,SERVICIOS,E-2024-00101860,"051GYN061 - DELEGACION ESTATAL HIDALGO, DEPARTAMENTO DE RECURSOS MATERIALES Y OBRAS",HIDALGO
1488,AA-51-GYN-051GYN056-N-80-2023,NACIONAL,SERVICIO DE NEONATOLOGIA PARA EL HOSPITAL GENERAL ISSSTE,ISSSTE,ADJUDICADO,,,ADJUDICACIÓN DIRECTA,SERVICIOS,E-2023-00124581,"051GYN056 - DELEGACION ESTATAL SAN LUIS POTOSI, SUBDELEGACION DE ADMINISTRACION",SAN LUIS POTOSÍ
1489,AA-50-GYR-050GYR075-N-170-2023,NACIONAL,GRUPO 511 MUEBLES DE OFICINA Y ESTANTERÍA,IMSS,ADJUDICADO,,,ADJUDICACIÓN DIRECTA,ADQUISICIONES,E-2023-00123707,050GYR075 - COORDINACION DE ABASTECIMIENTO Y EQUIPAMIENTO DELEGACION QUERETARO,QUERÉTARO
1490,AA-08-VSS-008VSS984-N-838-2023,NACIONAL,ABARROTES COMESTIBLES,APB,ADJUDICADO,,,ADJUDICACIÓN DIRECTA,ADQUISICIONES,E-2023-00124522,"008VSS984 - SUBGERENCIA REGIONAL NOROESTE, UNIDAD OPERATIVA CULIACÁN",BAJA CALIFORNIA
1491,AA-50-GYR-050GYR988-T-25-2023,INTERNACIONAL BAJO LA COBERTURA DE TRATADOS,SERVICIO MÉDICO INTEGRAL DE TAMIZ METABÓLICO NEONATAL AMPLIADO  2023-2025,IMSS,ADJUDICADO,,,ADJUDICACIÓN DIRECTA,SERVICIOS,E-2023-00120727,050GYR988 - DA-UADQ-CABCS-DSI,CIUDAD DE MÉXICO
1492,AA-50-GYR-050GYR010-N-168-2023,NACIONAL,AA-50-GYR-050GYR010-N-168-2023 ADQUISICIÓN DE MATERIAL DE CURACION,IMSS,ADJUDICADO,,,ADJUDICACIÓN DIRECTA,ADQUISICIONES,E-2023-00124262,050GYR010 - COORDINACION DE ABASTECIMIENTO Y EQUIPAMIENTO,DURANGO
1493,AA-08-VSS-008VSS008-N-852-2024,NACIONAL,ABARROTES COMESTIBLES,APB,ADJUDICADO,,,ADJUDICACIÓN DIRECTA,ADQUISICIONES,E-2024-00101190,008VSS008 - SUBGERENCIA OPERACIONES REGIONAL NORTE CENTRO,CHIHUAHUA
1494,AA-50-GYR-050GYR075-N-47-2025,NACIONAL,SERVICIO MÉDICO INTEGRAL PARA CENTROS DE EXCELENCIA OFTALMOLÓGICA (SMI PARA CEO),IMSS,ADJUDICADO,,,ADJUDICACIÓN DIRECTA,SERVICIOS,E-2025-00015217,050GYR075 - COORDINACION DE ABASTECIMIENTO Y EQUIPAMIENTO DELEGACION QUERETARO,QUERÉTARO
1495,AA-11-B00-011B00001-N-5791-2024,NACIONAL,ARTÍCULOS METÁLICOS PARA LA CONSTRUCCIÓN,IPN,ADJUDICADO,,,ADJUDICACIÓN DIRECTA,ADQUISICIONES,E-2024-00097648,011B00001 - DIRECCION DE RECURSOS MATERIALES E INFRAESTRUCTURA,MÉXICO
1496,AA-20-141-020000008-N-26-2023,NACIONAL,SERVICIO INTEGRAL PARA EL PROCESO DE CAPTURA DE LA ESTRATEGIA DE BANCARIZACIÓN,BIENESTAR,ADJUDICADO,,,ADJUDICACIÓN DIRECTA,SERVICIOS,E-2023-00073588,"020000008 - DELEGACION PUEBLA, COORDINACION DE RECURSOS MATERIALES",PUEBLA
1497,AA-06-A00-006A00997-N-2923-2023,NACIONAL,04-23-1273  SERVICIOS PROFESIONALES PARA LA ELABORACIÓN DEL AVALÚO,INDAABIN,ADJUDICADO,,,ADJUDICACIÓN DIRECTA,SERVICIOS,E-2023-00072097,006A00997 - DIRECCIÓN GENERAL DE AVALÚOS Y OBRAS,CIUDAD DE MÉXICO
1498,AA-13-J4V-013J4V001-N-230-2023,NACIONAL,"INSTRUCTOR ACADÉMICO PARA FORMACIÓN, ACTUALIZACIÓN Y/O CAPACITACIÓN",FIDENA,ADJUDICADO,,,ADJUDICACIÓN DIRECTA,SERVICIOS,E-2023-00072185,013J4V001 - DIRECCION DE ADMINISTRACION Y FINANZAS,CIUDAD DE MÉXICO
1499,AA-08-VSS-008VSS983-N-423-2023,NACIONAL,ABARROTES COMESTIBLES,APB,ADJUDICADO,,,ADJUDICACIÓN DIRECTA,ADQUISICIONES,E-2023-00085485,008VSS983 - DIRECCIÓN DE COMERCIALIZACIÓN,MÉXICO
1500,AO-89-L47-830124970-N-8-2023,NACIONAL,REHABILITACION DE ALUMBRADO PUBLICO EN CALLE ALFA Y OMEGA DE LA LOCALIDAD LA VIC,089L47,ADJUDICADO,,,ADJUDICACIÓN DIRECTA,OBRA PÚBLICA,E-2023-00086754,830124970 - DIRECCIÓN DE OBRAS PÚBLICAS,VERACRUZ
1501,AA-06-G1C-006G1C001-N-224-2025,NACIONAL,CONTRATACIÓN DE UN MEDIO DE COMUNICACIÓN PARA LA DIFUSIÓN DE LA CAMPAÑA,BANOBRAS,ADJUDICADO,,,ADJUDICACIÓN DIRECTA,SERVICIOS,E-2025-00105330,006G1C001 - GERENCIA DE ADQUISICIONES,CIUDAD DE MÉXICO
1502,AA-09-JZL-009JZL002-N-202-2025,NACIONAL,CONTRATACIÓN DEL SERVICIO DE LA CAMPAÑA SERVICIOS ASA 2025 TODOS TUS VIAJES INIC,ASA,ADJUDICADO,,,ADJUDICACIÓN DIRECTA,SERVICIOS,E-2025-00099996,009JZL002 - GERENCIA DE LICITACIONES,CIUDAD DE MÉXICO
1503,AA-11-B01-011B01001-N-59-2026,NACIONAL,ASISTENTE DE PRODUCCIÓN ONCE DIGITAL,ONCETV,ADJUDICADO,,,ADJUDICACIÓN DIRECTA,SERVICIOS,E-2025-00107427,011B01001 - DIRECCION DE ADMINISTRACION Y FINANZAS,CIUDAD DE MÉXICO
1504,AA-08-VSS-008VSS983-N-163-2026,NACIONAL,ABARROTES NO COMESTIBLES,APB,ADJUDICADO,,,ADJUDICACIÓN DIRECTA,ADQUISICIONES,E-2026-00034384,"008VSS983 - ALIMENTACIÓN PARA EL BIENESTAR-UNIDAD OPERATIVA ESTADO DE MÉXICO, ABASTO",MÉXICO
1505,AA-15-412-015000999-N-637-2024,NACIONAL,PRESTADOR DE SERVICIOS,SEDATU,ADJUDICADO,,,ADJUDICACIÓN DIRECTA,SERVICIOS,E-2024-00023068,015000999 - DIRECCION GENERAL DE RECURSOS MATERIALES Y SERVICIOS GENERALES,CIUDAD DE MÉXICO
1506,AA-48-L6U-048L6U001-N-50-2024,NACIONAL,SERVICIO DE SUMINISTRO Y CAMBIO DE ALFOMBRAS,CECUT,ADJUDICADO,,,ADJUDICACIÓN DIRECTA,SERVICIOS,E-2024-00027895,048L6U001 - GERENCIA DE RECURSOS MATERIALES,BAJA CALIFORNIA
1507,AA-45-500-045000001-N-13-2024,NACIONAL,ADQUISICIÓN DE AGUA PURIFICADA EMBOTELLADA EN GARRAFONES DE 20 LITROS,CNE,ADJUDICADO,,,ADJUDICACIÓN DIRECTA,ADQUISICIONES,E-2024-00022500,018F00002 - UNIDAD DE ADMINISTRACION,CIUDAD DE MÉXICO
1508,AA-50-GYR-050GYR014-I-151-2024,INTERNACIONAL ABIERTO,AA-50-GYR-050GYR014-I-151-2024 ADQ. MAT. OSTEOSINTESIS Y ENDOPROTESIS,IMSS,ADJUDICADO,,,ADJUDICACIÓN DIRECTA,ADQUISICIONES,E-2024-00027864,050GYR014 - COORDINACION DE ABASTECIMIENTO Y EQUIPAMIENTO,VERACRUZ
1509,AA-11-B00-011B00001-N-1996-2024,NACIONAL,PRESTACION DE SERVICIOS PROFESIONALES QUE REQUIERE LA ENCB,IPN,ADJUDICADO,,,ADJUDICACIÓN DIRECTA,SERVICIOS,E-2024-00027974,011B00001 - DIRECCION DE RECURSOS MATERIALES E INFRAESTRUCTURA,CIUDAD DE MÉXICO
1510,AA-08-RJL-008RJL001-N-55-2024,NACIONAL,IMIPAS-DA-PATZ-AD-55-2024,IMIPAS,ADJUDICADO,,,ADJUDICACIÓN DIRECTA,SERVICIOS,E-2024-00007080,008RJL001 - DIRECCIÓN GENERAL ADJUNTA DE ADMINISTRACIÓN - SUBDIRECCIÓN DE RECURSOS MATERIALES,CIUDAD DE MÉXICO
1511,AA-20-128-020000011-N-3-2024,NACIONAL,ADQUISICION DE COMBUSTIBLE PARA VEHICULOS TERRESTRES,BIENESTAR,ADJUDICADO,,,ADJUDICACIÓN DIRECTA,ADQUISICIONES,E-2024-00007150,020000011 - DELEGACION CHIHUAHUA,CHIHUAHUA
1512,AA-15-412-015000999-N-304-2024,NACIONAL,PRESTADOR DE SERVICIOS,SEDATU,ADJUDICADO,,,ADJUDICACIÓN DIRECTA,SERVICIOS,E-2024-00007813,015000999 - DIRECCION GENERAL DE RECURSOS MATERIALES Y SERVICIOS GENERALES,CIUDAD DE MÉXICO
1513,AA-13-J3A-013J3A001-N-74-2024,NACIONAL,ENERGÍA ELÉCTRICA DEL MES DE DICIEMBRE DE 2023.,	ASIPONA-LÁZARO CÁRDENAS,ADJUDICADO,,,ADJUDICACIÓN DIRECTA,SERVICIOS,E-2024-00010551,013J3A001 - LAZARO CARDENAS-GERENCIA DE ADMINISTRACION Y FINANZAS,MICHOACÁN DE OCAMPO
1514,AA-48-E00-048E00995-N-48-2024,NACIONAL,"PLANEACIÓN, LOGÍSTICA Y SEGUIMIENTO DE ACTIVIDADES ARTÍSTICAS",INBAL,ADJUDICADO,,,ADJUDICACIÓN DIRECTA,SERVICIOS,E-2024-00007802,048E00995 - DIRECCION DE RECURSOS MATERIALES,CIUDAD DE MÉXICO
1515,AA-12-NCD-012NCD001-N-130-2023,NACIONAL,MATERIALES Y ACCESORIOS PARA SUMINISTRO DE LABORATORIO,INER,ADJUDICADO,,,ADJUDICACIÓN DIRECTA,ADQUISICIONES,E-2023-00041037,012NCD001 - DEPARTAMENTO DE ADQUISICIONES,CIUDAD DE MÉXICO
1516,AA-08-VSS-008VSS996-N-96-2023,NACIONAL,SAL ENVAZADA,APB,ADJUDICADO,,,ADJUDICACIÓN DIRECTA,ADQUISICIONES,E-2023-00043102,008VSS996 - SUBGERENCIA DE U.O.TUXTLA ABASTO,CHIAPAS
1517,AA-50-GYR-050GYR041-N-188-2023,NACIONAL,SERVICIO DE ARRENDAMIENTO DE VEHICULOS,IMSS,ADJUDICADO,,,ADJUDICACIÓN DIRECTA,ADQUISICIONES,E-2023-00041611,"050GYR041 - DELEGACION TLAXCALA, COORDINACION DE ABASTECIMIENTO Y EQUIPAMIENTO",TLAXCALA
1518,AO-87-J02-828016973-N-1-2023,NACIONAL,MANTENIMIENTO DE SEÑALETICA,087J02,ADJUDICADO,,,ADJUDICACIÓN DIRECTA,OBRA PÚBLICA,E-2023-00042143,828016973 - DIRECCIÓN DE OBRAS PÚBLICAS,TAMAULIPAS
1519,AA-11-B00-011B00001-N-2735-2023,NACIONAL,SERVICIOS PROFESIONALES EN CECYT 7 CUAUHTÉMOC,IPN,ADJUDICADO,,,ADJUDICACIÓN DIRECTA,SERVICIOS,E-2023-00041044,011B00001 - DIRECCION DE RECURSOS MATERIALES E INFRAESTRUCTURA,CIUDAD DE MÉXICO
1520,AA-10-711-010000999-N-58-2025,NACIONAL,CONTRATACIÓN DE UN EXPERTO INDEPENDIENTE EN MATERIA DE VALUACIÓN DE DAÑOS ECONÓM,SE,ADJUDICADO,,,ADJUDICACIÓN DIRECTA,SERVICIOS,E-2025-00076466,010000999 - DIRECCION GENERAL DE RECURSOS MATERIALES Y ARCHIVO,CIUDAD DE MÉXICO
1521,AA-72-063-913087946-N-16-2024,NACIONAL,SERVICIOS DE CAPACITACIÓN - PROABIM,IHM,ADJUDICADO,,,ADJUDICACIÓN DIRECTA,SERVICIOS,E-2024-00107706,913087946 - DIRECCIÓN DE ADMINISTRACIÓN Y FINANZAS,HIDALGO
1522,AA-50-GYR-050GYR082-N-305-2024,NACIONAL,MANTENIMIENTO PREVENTIVO Y CORRECTIVO A DISPENSADORES DE ISODINE,IMSS,ADJUDICADO,,,ADJUDICACIÓN DIRECTA,SERVICIOS,E-2024-00107896,050GYR082 - HOSPITAL DE TRAUMATOLOGIA Y ORTOPEDIA NO. 21,NUEVO LEÓN
1523,AA-11-B01-011B01001-N-3241-2024,NACIONAL,DESARROLLADOR JR. A,ONCETV,ADJUDICADO,,,ADJUDICACIÓN DIRECTA,SERVICIOS,E-2024-00102473,011B01001 - DIRECCION DE ADMINISTRACION Y FINANZAS,CIUDAD DE MÉXICO
1524,AA-51-GYN-051GYN017-N-86-2024,NACIONAL,SUMINISTRO DE GAS LP PARA LA CLÍNICA DE MEDICINA FAMILIAR DEL ISSSTE EN COZUMEL,ISSSTE,ADJUDICADO,,,ADJUDICACIÓN DIRECTA,SERVICIOS,E-2024-00107223,051GYN017 - DEPARTAMENTO DE RECURSOS MATERIALES Y OBRAS EN QUINTANA ROO,QUINTANA ROO
1525,AA-08-VSS-008VSS972-N-763-2024,NACIONAL,ABARROTES COMESTIBLES,APB,ADJUDICADO,,,ADJUDICACIÓN DIRECTA,ADQUISICIONES,E-2024-00105450,008VSS972 - UNIDAD OPERATIVA ACAYUCAN,VERACRUZ
1526,AA-47-EZN-047EZN999-N-41-2024,NACIONAL,ESTADOS FINANCIEROS EJERCICIO 2024 ARCHIVO GENERAL DE LA NACIÓN,AGN,ADJUDICADO,,,ADJUDICACIÓN DIRECTA,SERVICIOS,E-2024-00105559,047EZN999 - DIRECCION DE ADMINISTRACION,CIUDAD DE MÉXICO
1527,AA-08-VSS-008VSS001-N-237-2023,NACIONAL,ATUN EN ACEITE Y AGUA,APB,ADJUDICADO,,,ADJUDICACIÓN DIRECTA,ADQUISICIONES,E-2023-00079470,008VSS001 - GERENCIA REGIONAL SURESTE,TABASCO
1528,AA-15-412-015000999-N-1425-2023,NACIONAL,PRESTADOR DE SERVICIOS,SEDATU,ADJUDICADO,,,ADJUDICACIÓN DIRECTA,SERVICIOS,E-2023-00079396,015000999 - DIRECCION GENERAL DE RECURSOS MATERIALES Y SERVICIOS GENERALES,CIUDAD DE MÉXICO
1529,AO-85-X11-926003986-N-15-2023,NACIONAL,CONTRATO MIXTO DE SERVICIOS RELACIONADOS CON LA OBRA PÚBLICA DE LA SCG.,SABGSON,ADJUDICADO,,,ADJUDICACIÓN DIRECTA,SERVICIOS RELACIONADOS CON LA OBRA,E-2023-00080177,926003986 - DIRECCIÓN GENERAL DE ADMINISTRACIÓN Y CONTROL PRESUPUESTAL,SONORA
1530,AA-51-GYN-051GYN061-N-40-2023,NACIONAL,MANTENIMIENTO Y CONSERVACIÓN PARA CÁMARAS Y EQUIPOS DE REFRIGERACIÓN,ISSSTE,ADJUDICADO,,,ADJUDICACIÓN DIRECTA,SERVICIOS,E-2023-00080350,"051GYN061 - DELEGACION ESTATAL HIDALGO, DEPARTAMENTO DE RECURSOS MATERIALES Y OBRAS",HIDALGO
1531,AA-09-KCZ-009KCZ002-N-58-2023,NACIONAL,SERVICIO INTEGRAL DE LOGÍSTICA PARA LLEVAR A CABO EL EVENTO DEL TERCER INFORME,FINABIEN,ADJUDICADO,,,ADJUDICACIÓN DIRECTA,SERVICIOS,E-2023-00079879,006KCZ002 - DIRECCIÓN DE ADMINISTRACIÓN,CIUDAD DE MÉXICO
1532,AA-50-GYR-050GYR001-N-274-2023,NACIONAL,"GRUPOS 010 Y 030, MEDICAMENTOS Y LÁCTEOS",IMSS,ADJUDICADO PARCIAL,,,ADJUDICACIÓN DIRECTA,ADQUISICIONES,E-2023-00080622,"050GYR001 - DEL. GUERRERO, COORDINACION DE ABASTECIMIENTO Y EQUIPAMIENTO",GUERRERO
1533,AA-27-514-027000002-N-303-2023,NACIONAL,CINCO AL MILLAR DGRMSG DC-1353-2023 AL DC-1355-2023,SABG,ADJUDICADO,,,ADJUDICACIÓN DIRECTA,SERVICIOS,E-2023-00079632,027000002 - DIRECCION GENERAL DE RECURSOS MATERIALES Y SERVICIOS GENERALES,CIUDAD DE MÉXICO
1534,AO-48-D00-048D00004-N-38-2024,NACIONAL,"INTERVENCIÓN DEL SITIO ARQUEOLÓGICO DAINZÚ, OAXACA",INAH,ADJUDICADO,,,ADJUDICACIÓN DIRECTA,OBRA PÚBLICA,E-2024-00041822,048D00004 - COORDINACION NACIONAL DE OBRAS Y PROYECTOS,CIUDAD DE MÉXICO
1535,AA-11-B00-011B00001-N-3494-2024,NACIONAL,"ADQUISICIÓN DE MINERALES NO METÁLICOS EN EL CICATA, UNIDAD QUERÉTARO",IPN,ADJUDICADO,,,ADJUDICACIÓN DIRECTA,ADQUISICIONES,E-2024-00045505,011B00001 - DIRECCION DE RECURSOS MATERIALES E INFRAESTRUCTURA,QUERÉTARO
1536,AA-06-A00-006A00997-N-658-2024,NACIONAL,02-23-441   SERVICIOS PROFESIONALES PARA LA ELABORACIÓN DEL AVALÚO,INDAABIN,ADJUDICADO,,,ADJUDICACIÓN DIRECTA,SERVICIOS,E-2024-00053327,006A00997 - DIRECCIÓN GENERAL DE AVALÚOS Y OBRAS,CIUDAD DE MÉXICO
1537,AA-04-E2D-004E2D001-N-222-2024,NACIONAL,"LA IMPRESION, ACABADO Y EMPAQUE DE INSTRUCTIVOS",TGM,ADJUDICADO,,,ADJUDICACIÓN DIRECTA,ADQUISICIONES,E-2024-00047991,004E2D001 - GERENCIA DE ABASTECIMIENTOS,CIUDAD DE MÉXICO
1538,AA-11-B00-011B00001-N-3522-2024,NACIONAL,PRESTACION DE SERVICIOS PROFESIONALES INDEPENDIENTES DE LA DDC,IPN,ADJUDICADO,,,ADJUDICACIÓN DIRECTA,SERVICIOS,E-2024-00045608,011B00001 - DIRECCION DE RECURSOS MATERIALES E INFRAESTRUCTURA,CIUDAD DE MÉXICO
1539,AA-08-VSS-008VSS012-N-136-2024,NACIONAL,CHOCOLATE EN POLVO SEGALMEX,APB,ADJUDICADO,,,ADJUDICACIÓN DIRECTA,ADQUISICIONES,E-2024-00048817,008VSS012 - COORDINACIÓN DE ADMINISTRACIÓN Y FINANZAS,TAMAULIPAS
1540,AA-13-312-013000999-N-840-2024,NACIONAL,NAC 13-0846/24  REQ 1497 ABAS4013OR/24 ARTÍCULOS METÁLICOS PARA LA CONSTRUCCIÓN,SEMAR,ADJUDICADO,,,ADJUDICACIÓN DIRECTA,ADQUISICIONES,E-2024-00068834,013000999 - DIRECCION GENERAL ADJUNTA DE ADQUISICIONES,CIUDAD DE MÉXICO
1541,AA-13-J3A-013J3A001-N-210-2024,NACIONAL,SERVICIO DE DISEÑO E IMPRESION DE MATERIAL PARA LA PARTICIPACIÓN DE LA ASIPONA.,	ASIPONA-LÁZARO CÁRDENAS,ADJUDICADO,,,ADJUDICACIÓN DIRECTA,SERVICIOS,E-2024-00069376,013J3A001 - LAZARO CARDENAS-GERENCIA DE ADMINISTRACION Y FINANZAS,MICHOACÁN DE OCAMPO
1542,AA-11-B01-011B01001-N-2387-2024,NACIONAL,DISEÑADOR(A) Y ANIMADOR(A) DE ONCE NIÑAS Y NIÑOS,ONCETV,ADJUDICADO,,,ADJUDICACIÓN DIRECTA,SERVICIOS,E-2024-00070927,011B01001 - DIRECCION DE ADMINISTRACION Y FINANZAS,CIUDAD DE MÉXICO
1543,AO-72-017-913041994-N-52-2023,NACIONAL,"REHABILITACIÓN GENERAL DE AULAS Y REHABILITACIÓN GENERAL DE SANITARIOS, EN EL  P",INHIFE,ADJUDICADO,,,ADJUDICACIÓN DIRECTA,OBRA PÚBLICA,E-2023-00036548,"913041994 - DIRECCIÓN DE PRESUPUESTOS, PROYECTOS Y COSTOS",HIDALGO
1544,AA-11-B00-011B00001-N-2584-2023,NACIONAL,PRESTACION DE SERVICIOS PROFESIONALES CENLEX SANTO TOMAS,IPN,ADJUDICADO,,,ADJUDICACIÓN DIRECTA,SERVICIOS,E-2023-00038138,011B00001 - DIRECCION DE RECURSOS MATERIALES E INFRAESTRUCTURA,CIUDAD DE MÉXICO
1545,AA-08-RJL-008RJL001-N-52-2023,NACIONAL,COADYUVAR EN LA EVALUACIÓN BIOLÓGICA PESQUERA Y COLECTA DE DATOS DE DIFERENTES R,IMIPAS,ADJUDICADO,,,ADJUDICACIÓN DIRECTA,SERVICIOS,E-2023-00037287,008RJL001 - DIRECCIÓN GENERAL ADJUNTA DE ADMINISTRACIÓN - SUBDIRECCIÓN DE RECURSOS MATERIALES,CIUDAD DE MÉXICO
1546,AA-08-VSS-008VSS990-N-212-2023,NACIONAL,ABARROTES COMESTIBLES,APB,ADJUDICADO,,,ADJUDICACIÓN DIRECTA,ADQUISICIONES,E-2023-00037674,"008VSS990 - GERENCIA REGIONAL HIDALGO, SUBGERENCIA DE ABASTO",HIDALGO
1547,AA-08-VSS-008VSS990-N-224-2023,NACIONAL,ABARROTES COMESTIBLES,APB,ADJUDICADO,,,ADJUDICACIÓN DIRECTA,ADQUISICIONES,E-2023-00037907,"008VSS990 - GERENCIA REGIONAL HIDALGO, SUBGERENCIA DE ABASTO",HIDALGO
1548,AA-12-NCA-012NCA001-N-40-2024,NACIONAL,SERVICIO DE FOTOCOPIADO CON EQUIPOS EN COMODATO SIN INCLUIR PAPEL.,INCARD,ADJUDICADO,,,ADJUDICACIÓN DIRECTA,SERVICIOS,E-2024-00029774,012NCA001 - SUBDIRECCION DE RECURSOS MATERIALES,CIUDAD DE MÉXICO
1549,AA-11-B00-011B00001-N-3041-2024,NACIONAL,PRESTACIÓN DE SERVICIOS PROFESIONALES,IPN,ADJUDICADO,,,ADJUDICACIÓN DIRECTA,SERVICIOS,E-2024-00040709,011B00001 - DIRECCION DE RECURSOS MATERIALES E INFRAESTRUCTURA,CIUDAD DE MÉXICO
1550,AA-12-NDY-012NDY001-N-159-2024,NACIONAL,SERVICIO DE DESARROLLO DE LAS ESTRATEGIAS DE MEJORA CONTINUA.,INSP,ADJUDICADO,,,ADJUDICACIÓN DIRECTA,SERVICIOS,E-2024-00039929,012NDY001 - DEPARTAMENTO DE SERVICIOS GENERALES Y MANTENIMIENTO,MORELOS
1551,AA-06-G2T-006G2T002-N-257-2024,NACIONAL,MANTENIMIENTO Y CONSERVACIÓN DE MAQUINARIA Y EQUIPO,CMM,ADJUDICADO,,,ADJUDICACIÓN DIRECTA,SERVICIOS,E-2024-00036647,006G2T002 - DIRECCIÓN CORPORATIVA DE ADMINSITRACIÓN,SAN LUIS POTOSÍ
1552,AA-27-830-027000002-N-477-2026,NACIONAL,"SERVICIOS DE INSPECCIÓN, CONTROL Y VIGILANCIA DGAG",SABG,ADJUDICADO,,,ADJUDICACIÓN DIRECTA,SERVICIOS,E-2026-00027692,027000002 - DIRECCIÓN GENERAL DE RECURSOS MATERIALES Y SERVICIOS GENERALES,CIUDAD DE MÉXICO
1553,AA-48-VZG-048VZG999-N-59-2026,NACIONAL,CANEK FERNANDO SHULTZ TYLER,FONART,ADJUDICADO,,,ADJUDICACIÓN DIRECTA,SERVICIOS,E-2026-00032991,048VZG999 - DIRECCION DE ADMINISTRACION Y FINANZAS,CIUDAD DE MÉXICO
1554,AA-06-HJO-006HJO001-N-13-2026,NACIONAL,SERVICIO DE AUDITORÍA EXTERNA FIDEICOMISO 10046,BANCODELBIENESTAR,ADJUDICADO,,,ADJUDICACIÓN DIRECTA,SERVICIOS,E-2026-00026266,006HJO001 - DIRECCIÓN DE RECURSOS MATERIALES,CIUDAD DE MÉXICO
1555,AA-47-AYL-006AYL998-N-409-2024,NACIONAL,"SERVICIO PROFESIONAL DE CREACIÓN, INVESTIGACIÓN Y PROYECCIÓN DE SOLUCIONES EN",SPR,ADJUDICADO,,,ADJUDICACIÓN DIRECTA,SERVICIOS,E-2024-00029735,006AYL998 - UNIDAD DE ADMINISTRACIÓN Y FINANZAS,CIUDAD DE MÉXICO
1556,AA-80-V22-921044966-N-3-2024,NACIONAL,SSEP-DSG-ADJ-034-2024,SSEP,ADJUDICADO,,,ADJUDICACIÓN DIRECTA,SERVICIOS,E-2024-00027418,"921044966 - DIRECCIÓN DE OPERACIÓN DE OBRA, BIENES, SERVICIOS GENERALES Y PROCESOS DE GESTIÓN",PUEBLA
1557,AA-51-GYN-051GYN015-N-22-2024,NACIONAL,ACTIVIDADES EDUCATIVAS Y RECREATIVAS,ISSSTE,ADJUDICADO,,,ADJUDICACIÓN DIRECTA,ADQUISICIONES,E-2024-00024409,051GYN015 - DEPARTAMENRO DE ADQUISICIONES,CIUDAD DE MÉXICO
1558,AA-08-VSS-008VSS998-N-286-2024,NACIONAL,MAIZ BLANCO,APB,ADJUDICADO,,,ADJUDICACIÓN DIRECTA,ADQUISICIONES,E-2024-00029148,008VSS998 - DIRECCIÓN COMERCIAL,CIUDAD DE MÉXICO
1559,AA-11-L4J-011L4J998-N-53-2023,NACIONAL,SERVICIO DE MANTENIMIENTO A ESPECTROFOTOMETRO DE MASAS XEVO TQD.,CINVESTAV,ADJUDICADO,,,ADJUDICACIÓN DIRECTA,SERVICIOS,E-2023-00046571,011L4J998 - DEPARTAMENTO DE ADQUISICIONES EN IRAPUATO,GUANAJUATO
1560,AA-47-AYB-047AYB001-N-76-2023,NACIONAL,CAMPAÑA DE COMUNICACIÓN SOCIAL 2023,INPI,ADJUDICADO,,,ADJUDICACIÓN DIRECTA,SERVICIOS,E-2023-00047405,047AYB001 - DIRECCION DE ADQUISICIONES Y OBRA PUBLICA,CIUDAD DE MÉXICO
1561,AA-09-KCZ-009KCZ002-N-70-2024,NACIONAL,SERVICIO DE AUDITORÍA EXTERNA PARA DICTAMINAR LOS ESTADOS FINANCIEROS,FINABIEN,ADJUDICADO,,,ADJUDICACIÓN DIRECTA,SERVICIOS,E-2024-00051366,006KCZ002 - DIRECCIÓN DE ADMINISTRACIÓN,CIUDAD DE MÉXICO
1562,AA-08-VSS-008VSS976-N-498-2025,NACIONAL,ABARROTES COMESTIBLES,APB,ADJUDICADO,,,ADJUDICACIÓN DIRECTA,ADQUISICIONES,E-2025-00103429,"008VSS976 - UNIDAD OPERATIVA MIXTECA, ABASTO",OAXACA
1563,AA-08-VSS-008VSS980-N-192-2025,NACIONAL,PRODUCTOS DIVERSOS,APB,ADJUDICADO,,,ADJUDICACIÓN DIRECTA,ADQUISICIONES,E-2025-00103497,008VSS980 - UNIDAD OPERATIVA GUERRERO - ABASTO,GUERRERO
1564,AA-08-VSS-008VSS981-N-303-2025,NACIONAL,PRODUCTOS DIVERSOS,APB,ADJUDICADO,,,ADJUDICACIÓN DIRECTA,ADQUISICIONES,E-2025-00101548,008VSS981 - DICONSA UNIDAD OPERATIVA MICHOCAN - ABASTO,MICHOACÁN DE OCAMPO
1565,AA-08-VSS-008VSS007-N-321-2025,NACIONAL,ABARROTES COMESTIBLES,APB,ADJUDICADO,,,ADJUDICACIÓN DIRECTA,ADQUISICIONES,E-2025-00100970,"008VSS007 - SUBGERENCIA REGIONAL NOROESTE, UNIDAD OPERATIVA CULIACÁN",SINALOA
1566,AA-08-VSS-008VSS982-N-166-2025,NACIONAL,PRODUCTOS DIVERSOS,APB,ADJUDICADO,,,ADJUDICACIÓN DIRECTA,ADQUISICIONES,E-2025-00102971,008VSS982 - UNIDAD OPERATIVA MORELOS,MORELOS
1567,AA-08-VSS-008VSS978-N-129-2025,NACIONAL,ABARROTES NO COMESTIBLES,APB,ADJUDICADO,,,ADJUDICACIÓN DIRECTA,ADQUISICIONES,E-2025-00103213,"008VSS978 - UNIDAD OPERATIVA POZA RICA, ABASTO",VERACRUZ
1568,AA-08-VSS-008VSS981-N-317-2025,NACIONAL,AZUCAR ESTANDAR,APB,ADJUDICADO,,,ADJUDICACIÓN DIRECTA,ADQUISICIONES,E-2025-00101994,008VSS981 - DICONSA UNIDAD OPERATIVA MICHOCAN - ABASTO,MICHOACÁN DE OCAMPO
1569,AA-08-VSS-008VSS968-N-246-2025,NACIONAL,"ATUN DOLORES ENSALADA, ATUN EL DORADO ACEITE, AGUA AF, AGUA, ACEITE POUCH",APB,ADJUDICADO,,,ADJUDICACIÓN DIRECTA,ADQUISICIONES,E-2025-00100787,008VSS968 - UNIDAD OPERATIVA TAPACHULA ABASTO,CHIAPAS
1570,AA-48-410-048410003-N-1293-2025,NACIONAL,SERVICIOS PROFESIONALES CONSISTENTE EN LA LOGÍSTICA DE DESARROLLO DE ACTIVIDADES,CULTURA,ADJUDICADO,,,ADJUDICACIÓN DIRECTA,SERVICIOS,E-2025-00091201,048410003 - DEPARTAMENTO DE COMITE,CIUDAD DE MÉXICO
1571,AA-48-E00-048E00995-N-132-2026,NACIONAL,ACTIVIDADES DE LEMENTOS ESCENOGRÁFICOS UTILIZADOS EN LAS OBRAS DE TEATRO,INBAL,ADJUDICADO,,,ADJUDICACIÓN DIRECTA,SERVICIOS,E-2026-00006323,048E00995 - DIRECCION DE RECURSOS MATERIALES,CIUDAD DE MÉXICO
1572,AA-08-VSS-008VSS972-N-175-2026,NACIONAL,ABARROTES COMESTIBLES,APB,ADJUDICADO,,,ADJUDICACIÓN DIRECTA,ADQUISICIONES,E-2026-00003276,008VSS972 - UNIDAD OPERATIVA ACAYUCAN,VERACRUZ
1573,AA-08-VSS-008VSS978-N-264-2025,NACIONAL,ABARROTES COMESTIBLES,APB,ADJUDICADO,,,ADJUDICACIÓN DIRECTA,ADQUISICIONES,E-2026-00005799,"008VSS978 - UNIDAD OPERATIVA POZA RICA, ABASTO",VERACRUZ
1574,AA-08-VSS-008VSS990-N-299-2025,NACIONAL,ABARROTES COMESTIBLES,APB,ADJUDICADO,,,ADJUDICACIÓN DIRECTA,ADQUISICIONES,E-2026-00004229,008VSS990 - ALIMENTACIÓN PARA EL BIENESTAR - UNIDAD OPERATIVA HIDALGO ABASTO,HIDALGO
1575,AA-11-MAR-011MAR001-N-95-2023,NACIONAL,"SERVICIO DE BANQUETE, AMBIENTACIÓN MUSICAL Y BEBIDAS.",FCE,ADJUDICADO,,,ADJUDICACIÓN DIRECTA,SERVICIOS,E-2023-00045237,011MAR001 - SUBGERENCIA DE RECURSOS MATERIALES,CIUDAD DE MÉXICO
1576,AA-48-E00-048E00995-N-699-2025,NACIONAL,PRESENTACION DE VEINTICUATRO FUNCIONES DE LA OBRA“ERRANTES – VIAJE A LA MEMORIA”,INBAL,ADJUDICADO,,,ADJUDICACIÓN DIRECTA,SERVICIOS,E-2025-00036724,048E00995 - DIRECCION DE RECURSOS MATERIALES,CIUDAD DE MÉXICO
1577,AA-13-312-013000999-N-128-2025,NACIONAL,NAC 13-0107ACOMB-25 REQ 356 COMB006/25 SUBCONTRATACION DE SERVICIOS CON TERCEROS,SEMAR,ADJUDICADO,,,ADJUDICACIÓN DIRECTA,SERVICIOS,E-2025-00030899,013000999 - DIRECCION GENERAL ADJUNTA DE ADQUISICIONES,CIUDAD DE MÉXICO
1578,AA-08-VSS-008VSS998-N-191-2023,NACIONAL,MAIZ BLANCO,APB,ADJUDICADO,,,ADJUDICACIÓN DIRECTA,ADQUISICIONES,E-2023-00103699,008VSS998 - DIRECCIÓN COMERCIAL,CIUDAD DE MÉXICO
1579,AA-08-VSS-008VSS001-N-433-2023,NACIONAL,CAFE SOLUBLE UNICO,APB,ADJUDICADO,,,ADJUDICACIÓN DIRECTA,ADQUISICIONES,E-2023-00109809,008VSS001 - GERENCIA REGIONAL SURESTE,TABASCO
1580,AA-08-VSS-008VSS999-N-288-2023,NACIONAL,DETERGENTE MARCA PROPIA,APB,ADJUDICADO,,,ADJUDICACIÓN DIRECTA,ADQUISICIONES,E-2023-00107570,008VSS999 - SUBGERENCIA DE LA UNIDAD OPERATIVA NUEVO LEÓN,NUEVO LEÓN
1581,AA-12-M00-012M00001-N-8-2023,NACIONAL,SERVICIO DE IMPRESIÓN DE MATERIAL PROMOCIONAL DE LA CONAMED 2023,SSA,ADJUDICADO,,,ADJUDICACIÓN DIRECTA,SERVICIOS,E-2023-00101576,012M00001 - DIRECCION DE RECURSOS HUMANOS MATERIALES Y SERVICIOS GENERALES,CIUDAD DE MÉXICO
1582,AA-12-NDY-012NDY001-N-820-2023,NACIONAL,DESCRIPCIÓN DE LA INFORMACIÓN DE ANTROPOMETRÍA EN LAS VIVIENDAS,INSP,ADJUDICADO,,,ADJUDICACIÓN DIRECTA,SERVICIOS,E-2023-00102294,012NDY001 - DEPARTAMENTO DE SERVICIOS GENERALES Y MANTENIMIENTO,MORELOS
1583,AA-48-L3N-048L3N001-N-45-2026,NACIONAL,APOYO ADMINISTRATIVO PARA LA ELABORACIÓN DE LA MATRIZ DE RIESGOS Y EL PROGRAMA D,CCC,ADJUDICADO,,,ADJUDICACIÓN DIRECTA,SERVICIOS,E-2026-00022596,"048L3N001 - SUBDIRECCION DE ADMINISTRACION Y FINANZAS, DEPARTAMENTO DE SERVICIOS",CIUDAD DE MÉXICO
1584,AA-51-GYN-051GYN905-N-36-2026,NACIONAL,APOYO PARA EL REGISTRO DE LAS CUENTAS CONTABLES A FIN DE INTEGRAR LA INFORMACIÓN,ISSSTE,ADJUDICADO,,,ADJUDICACIÓN DIRECTA,SERVICIOS,E-2026-00021973,051GYN905 - SUBDIRECCION DE ADMINISTRACION,CIUDAD DE MÉXICO
1585,AA-08-VSS-008VSS989-N-75-2026,NACIONAL,ABARROTES COMESTIBLES,APB,ADJUDICADO,,,ADJUDICACIÓN DIRECTA,ADQUISICIONES,E-2026-00023111,008VSS989 - ALIMENTACIÓN PARA EL BIENESTAR - UNIDAD OPERATIVA ZACATECAS ABASTO,ZACATECAS
1586,AA-08-VSS-008VSS008-N-519-2023,NACIONAL,GALLETAS VARIAS,APB,ADJUDICADO,,,ADJUDICACIÓN DIRECTA,ADQUISICIONES,E-2023-00087633,008VSS008 - SUBGERENCIA OPERACIONES REGIONAL NORTE CENTRO,CHIHUAHUA
1587,AA-11-B01-011B01001-N-2001-2023,NACIONAL,INSTRUCTOR DE CONOCIMIENTOS Y HABILIDADES,ONCETV,ADJUDICADO,,,ADJUDICACIÓN DIRECTA,SERVICIOS,E-2023-00085574,011B01001 - DIRECCION DE ADMINISTRACION Y FINANZAS,CIUDAD DE MÉXICO
1588,AA-08-VSS-008VSS992-N-644-2025,NACIONAL,ABARROTES COMESTIBLES,APB,ADJUDICADO,,,ADJUDICACIÓN DIRECTA,ADQUISICIONES,E-2026-00002494,"008VSS992 - GERENCIA REGIONAL OCCIDENTAL, ABASTO",JALISCO
1589,AA-15-412-015000999-N-121-2026,NACIONAL,PRESTADOR DE SERVICIOS,SEDATU,ADJUDICADO,,,ADJUDICACIÓN DIRECTA,SERVICIOS,E-2026-00012300,015000999 - DIRECCION GENERAL DE RECURSOS MATERIALES Y SERVICIOS GENERALES,CIUDAD DE MÉXICO
1590,AA-06-KCZ-006KCZ002-N-11-2026,NACIONAL,SERVICIO DE AUDITORIA EXTERNA,FINABIEN,ADJUDICADO,,,ADJUDICACIÓN DIRECTA,SERVICIOS,E-2026-00011340,006KCZ002 - DIRECCIÓN DE ADMINISTRACIÓN,CIUDAD DE MÉXICO
1591,AA-13-J3A-013J3A001-N-28-2026,NACIONAL,"ARRENDAMIENTO DE EQUIPO DE FOTOCOPIADO, IMPRESIÓN Y DIGITALIZACIÓN DE DOCUMENTOS",	ASIPONA-LÁZARO CÁRDENAS,ADJUDICADO,,,ADJUDICACIÓN DIRECTA,ARRENDAMIENTOS,E-2026-00010819,013J3A001 - LAZARO CARDENAS-GERENCIA DE ADMINISTRACION Y FINANZAS,MICHOACÁN DE OCAMPO
1592,AA-08-VSS-008VSS991-N-16-2026,NACIONAL,ABARROTES NO COMESTIBLES,APB,ADJUDICADO,,,ADJUDICACIÓN DIRECTA,ADQUISICIONES,E-2026-00008978,"008VSS991 - UNIDAD OPERATIVA SAN LUIS POTOSÍ, SUBGERENCIA DE LA UNIDAD OPERATIVA",SAN LUIS POTOSÍ
1593,AA-15-412-015000999-N-22-2026,NACIONAL,PRESTADOR DE SERVICIOS,SEDATU,ADJUDICADO,,,ADJUDICACIÓN DIRECTA,SERVICIOS,E-2026-00011203,015000999 - DIRECCION GENERAL DE RECURSOS MATERIALES Y SERVICIOS GENERALES,CIUDAD DE MÉXICO
1594,AA-06-A00-006A00997-N-4543-2023,NACIONAL,03-23-295   SERVICIOS PROFESIONALES PARA LA ELABORACIÓN DEL AVALÚO,INDAABIN,ADJUDICADO,,,ADJUDICACIÓN DIRECTA,SERVICIOS,E-2023-00106774,006A00997 - DIRECCIÓN GENERAL DE AVALÚOS Y OBRAS,CIUDAD DE MÉXICO
1595,AA-08-VSS-008VSS013-N-455-2023,NACIONAL,JABON DE LAVANDERIA,APB,ADJUDICADO,,,ADJUDICACIÓN DIRECTA,ADQUISICIONES,E-2023-00104530,008VSS013 - GERENCIA REGIONAL OAXACA,OAXACA
1596,AA-08-VSS-008VSS979-N-508-2023,NACIONAL,PRODUCTOS DIVERSOS,APB,ADJUDICADO,,,ADJUDICACIÓN DIRECTA,ADQUISICIONES,E-2023-00103642,"008VSS979 - UNIDAD OPERATIVA DURANGO, ABASTO",DURANGO
1597,AA-12-NCD-012NCD002-N-101-2023,NACIONAL,"SERVICIOS DE CALIBRACIÓN A MICROPIPETAS MONOCANAL, MULTICANAL Y REPETIDORAS",INER,ADJUDICADO,,,ADJUDICACIÓN DIRECTA,SERVICIOS,E-2023-00104762,012NCD002 - SUBDIRECCION DE SERVICIOS GENERALES,CIUDAD DE MÉXICO
1598,AO-51-GYN-051GYN001-N-62-2024,NACIONAL,APOYO EN LOS TRABAJOS DE LAS OBRAS EN AUXILIO AL RESIDENTE,ISSSTE,ADJUDICADO,,,ADJUDICACIÓN DIRECTA,SERVICIOS RELACIONADOS CON LA OBRA,E-2024-00012457,051GYN001 - SUBDIRECCION DE OBRAS Y CONTRATACION,CIUDAD DE MÉXICO
1599,AA-48-410-048410003-N-636-2024,NACIONAL,PRESTAR SERVICIOS PROFESIONALES EN EL SISTEMA NACIONAL DE FOMENTO MUSICAL,CULTURA,ADJUDICADO,,,ADJUDICACIÓN DIRECTA,SERVICIOS,E-2024-00012403,048410003 - DEPARTAMENTO DE COMITE,CIUDAD DE MÉXICO
1600,AA-11-B01-011B01001-N-17-2026,NACIONAL,COORDINADOR DE INVITADOS.,ONCETV,ADJUDICADO,,,ADJUDICACIÓN DIRECTA,SERVICIOS,E-2025-00107395,011B01001 - DIRECCION DE ADMINISTRACION Y FINANZAS,CIUDAD DE MÉXICO
1601,AA-08-B00-008B00001-N-201-2025,NACIONAL,SERVICIO DE ARRENDAMIENTO DE EQUIPO DE CÓMPUTO PERSONAL Y PERIFÉRICOS,SENASICA,ADJUDICADO,,,ADJUDICACIÓN DIRECTA,ARRENDAMIENTOS,E-2025-00105395,008B00001 - DIRECCIÓN DE RECURSOS MATERIALES Y SERVICIOS GENERALES,CIUDAD DE MÉXICO
1602,AA-85-X28-926016949-N-82-2024,NACIONAL,PRESTACIÓN DE SERVICIOS,SEMUJERES,ADJUDICADO,,,ADJUDICACIÓN DIRECTA,SERVICIOS,E-2024-00111552,926016949 - COORDINACION EJECUTIVA,SONORA
1603,AA-48-E00-048E00995-N-114-2025,NACIONAL,ENLACE DE PRODUCCIÓN ENTRE LA CNO Y LA GERENCIA DEL PALACIO DE BELLAS ARTES,INBAL,ADJUDICADO,,,ADJUDICACIÓN DIRECTA,SERVICIOS,E-2025-00010770,048E00995 - DIRECCION DE RECURSOS MATERIALES,CIUDAD DE MÉXICO
1604,AA-15-412-015000999-N-1435-2024,NACIONAL,PRESTADOR DE SERVICIOS,SEDATU,ADJUDICADO,,,ADJUDICACIÓN DIRECTA,SERVICIOS,E-2024-00111601,015000999 - DIRECCION GENERAL DE RECURSOS MATERIALES Y SERVICIOS GENERALES,CIUDAD DE MÉXICO
1605,AA-08-VSS-008VSS987-N-88-2024,NACIONAL,LIMPIADORES,APB,ADJUDICADO,,,ADJUDICACIÓN DIRECTA,ADQUISICIONES,E-2024-00091167,008VSS987 - SUBGERENCIA REGIONAL TLAXCALA,TLAXCALA
1606,AA-09-JZL-009JZL002-N-169-2025,NACIONAL,"CONTRATACIÓN DEL SERVICIO CAMPAÑA 60 ANIVERSARIO DE ASA, VERSIÓN ""60 RAZONES PAR",ASA,ADJUDICADO,,,ADJUDICACIÓN DIRECTA,SERVICIOS,E-2025-00096828,009JZL002 - GERENCIA DE LICITACIONES,CIUDAD DE MÉXICO
1607,AA-06-HJY-006HJY001-N-156-2025,NACIONAL,SERVICIO DE DIFUSIÓN DE LAS CAMPAÑAS PARA PROMOCIÓN Y PUBLICIDAD DE LOTERÍA NACI,PRONOSTICOS,ADJUDICADO,,,ADJUDICACIÓN DIRECTA,SERVICIOS,E-2025-00097281,006HJY001 - GERENCIA DE RECURSOS MATERIALES,CIUDAD DE MÉXICO
1608,AA-06-A00-006A00997-N-3401-2025,NACIONAL,02-25-399    SERVICIOS PROFESIONALES PARA LA ELABORACION DEL AVALUO,INDAABIN,ADJUDICADO,,,ADJUDICACIÓN DIRECTA,SERVICIOS,E-2025-00090974,006A00997 - DIRECCIÓN GENERAL DE AVALÚOS Y OBRAS,CIUDAD DE MÉXICO
1609,AA-08-VSS-008VSS981-N-193-2025,NACIONAL,PRODUCTOS DIVERSOS,APB,ADJUDICADO,,,ADJUDICACIÓN DIRECTA,ADQUISICIONES,E-2025-00097650,008VSS981 - DICONSA UNIDAD OPERATIVA MICHOCAN - ABASTO,MICHOACÁN DE OCAMPO
1610,AA-08-VSS-008VSS980-N-249-2023,NACIONAL,PRODUCTOS DIVERSOS,APB,ADJUDICADO,,,ADJUDICACIÓN DIRECTA,ADQUISICIONES,E-2023-00076221,008VSS980 - UNIDAD OPERATIVA GUERRERO - ABASTO,GUERRERO
1611,AA-48-L9Y-048L9Y001-N-272-2023,NACIONAL,APOYO PARA LA REALIZACIÓN DE CONCILIACIONES CONTABLES E IMPUESTOS,FICINE,ADJUDICADO,,,ADJUDICACIÓN DIRECTA,SERVICIOS,E-2023-00076894,048L9Y001 - DIRECCION DE ADMINISTRACION Y FINANZAS,CIUDAD DE MÉXICO
1612,AA-38-9ZU-0389ZU001-N-245-2023,NACIONAL,100116837 - HI TEC,CIDESI,ADJUDICADO,,,ADJUDICACIÓN DIRECTA,SERVICIOS,E-2023-00074509,0389ZU001 - SUBDIRECCION DE RECURSOS MTERIALES Y SERVICIOS GENERALES,QUERÉTARO
1613,AA-21-W3S-021W3S002-N-161-2023,NACIONAL,MATERIALES COMPLEMENTARIOS,FONATUR-INFRAESTRUCTURA,ADJUDICADO,,,ADJUDICACIÓN DIRECTA,ADQUISICIONES,E-2023-00075369,"021W3S002 - GERENCIA CENTRAL, SUBGERENCIA DE ADQUISICIONES",QUINTANA ROO
1614,AA-38-91C-03891C999-N-37-2025,NACIONAL,"SERVICIO DE RECOLECCIÓN DE BASURA EN EL COLEF, UNIDAD TIJUANA, BAJA CALIFORNIA",COLEF,ADJUDICADO,,,ADJUDICACIÓN DIRECTA,SERVICIOS,E-2025-00019927,03891C999 - DIRECCION DE RECURSOS MATERIALES Y SERVICIOS,BAJA CALIFORNIA
1615,AA-12-M7F-012M7F002-N-18-2025,NACIONAL,APOYAR EN LA GESTIÓN EDUCATIVA DE LOS CURSOS DEL PROGRAMA ANUAL DE EDUCACIÓN,INPSIQ,ADJUDICADO,,,ADJUDICACIÓN DIRECTA,SERVICIOS,E-2025-00014919,012M7F002 - SUBDIRECCION DE SERVICIOS GENERALES,CIUDAD DE MÉXICO
1616,AA-48-L9Y-048L9Y001-N-104-2025,NACIONAL,SERVICIO DE APOYO TÉCNICO EN PROYECCIÓN Y SONIDO DE LAS SALAS DE CINETECA,FICINE,ADJUDICADO,,,ADJUDICACIÓN DIRECTA,SERVICIOS,E-2025-00023064,048L9Y001 - DIRECCION DE ADMINISTRACION Y FINANZAS,CIUDAD DE MÉXICO
1617,AA-13-J4V-013J4V001-N-136-2025,NACIONAL,ENLACE DE MANTENIMIENTO INFORMÁTICO,FIDENA,ADJUDICADO,,,ADJUDICACIÓN DIRECTA,SERVICIOS,E-2025-00025179,013J4V001 - DIRECCION DE ADMINISTRACION Y FINANZAS,CIUDAD DE MÉXICO
1618,AA-81-003-922017981-N-95-2025,NACIONAL,MATERIAL PARA MANTENIMIENTO Y REHABILITACIÓN,COBAQ,ADJUDICADO,,,ADJUDICACIÓN DIRECTA,SERVICIOS,E-2025-00098056,922017981 - DIRECCIÓN ADMINISTRATIVA,QUERÉTARO
1619,AA-08-VSS-008VSS995-N-377-2025,NACIONAL,ABARROTES NO COMESTIBLES,APB,ADJUDICADO,,,ADJUDICACIÓN DIRECTA,ADQUISICIONES,E-2025-00089932,"008VSS995 - UNIDAD OPERATIVA QUERETARO, ABASTO",QUERÉTARO
1620,AA-20-144-020000876-N-3-2025,NACIONAL,SUMINISTRO DE ALIMENTACION,BIENESTAR,ADJUDICADO,,,ADJUDICACIÓN DIRECTA,SERVICIOS,E-2025-00010567,020000876 - SUBDELEGACION DE ADMINISTRACION,SAN LUIS POTOSÍ
1621,AA-06-H00-006H00999-N-24-2025,NACIONAL,SERVICIO DE MANTENIMIENTO PREVENTIVO Y CORRECTIVO DE ELEVADORES MARCA SCHINDLER,ANAM,ADJUDICADO,,,ADJUDICACIÓN DIRECTA,SERVICIOS,E-2025-00036662,006H00999 - DIRECCIÓN DE RECURSOS MATERIALES Y SERVICIOS GENERALES,CIUDAD DE MÉXICO
1622,AA-50-GYR-050GYR030-N-90-2025,NACIONAL,"AA-N-90-2025 - SERVICIO SUBROGADO DE ESTUDIOS DE LABORATORIO, PARA ATENDER LA DE",IMSS,ADJUDICADO,,,ADJUDICACIÓN DIRECTA,SERVICIOS,E-2025-00036671,050GYR030 - COORDINACION DE ABASTECIMIENTO Y EQUIPAMIENTO,BAJA CALIFORNIA SUR
1623,AA-08-VSS-008VSS998-N-244-2025,NACIONAL,GRANOS A GRANEL,APB,ADJUDICADO,,,ADJUDICACIÓN DIRECTA,ADQUISICIONES,E-2025-00037474,008VSS998 - DIRECCIÓN COMERCIAL,CIUDAD DE MÉXICO
1624,AA-11-L4J-011L4J990-N-31-2025,NACIONAL,SERVICIOS PROFESIONALES MAYO-DICIEMBRE LUCIA HEREDIA 11-L4J-162,CINVESTAV,ADJUDICADO,,,ADJUDICACIÓN DIRECTA,SERVICIOS,E-2025-00037105,011L4J990 - UNIDAD DE GENOMICA AVANZADA,GUANAJUATO
1625,AA-47-AYL-006AYL998-N-402-2025,NACIONAL,SERVICIO PROFESIONAL DE APOYO EN LA GESTIÓN DE REPOSITORIOS DE LOGS,SPR,ADJUDICADO,,,ADJUDICACIÓN DIRECTA,SERVICIOS,E-2025-00029711,006AYL998 - UNIDAD DE ADMINISTRACIÓN Y FINANZAS,CIUDAD DE MÉXICO
1626,AA-08-VSS-008VSS001-N-63-2025,NACIONAL,ABARROTES COMESTIBLES,APB,ADJUDICADO,,,ADJUDICACIÓN DIRECTA,ADQUISICIONES,E-2025-00037621,008VSS001 - GERENCIA REGIONAL SURESTE,TABASCO
1627,AA-13-J3A-013J3A001-N-98-2025,NACIONAL,DICTAMEN EXTERNO DEL PROYECTO DE INVERSIÓN “VIALIDAD ALTERNA AL RECINTO.,	ASIPONA-LÁZARO CÁRDENAS,ADJUDICADO,,,ADJUDICACIÓN DIRECTA,SERVICIOS,E-2025-00019129,013J3A001 - LAZARO CARDENAS-GERENCIA DE ADMINISTRACION Y FINANZAS,MICHOACÁN DE OCAMPO
1628,AA-08-VSS-008VSS998-N-198-2024,NACIONAL,MAIZ BLANCO,APB,ADJUDICADO,,,ADJUDICACIÓN DIRECTA,ADQUISICIONES,E-2024-00013687,008VSS998 - DIRECCIÓN COMERCIAL,CIUDAD DE MÉXICO
1629,AA-13-J4V-013J4V001-N-108-2025,NACIONAL,AUDITOR/EVALUADOR DE CAMPO,FIDENA,ADJUDICADO,,,ADJUDICACIÓN DIRECTA,SERVICIOS,E-2025-00022137,013J4V001 - DIRECCION DE ADMINISTRACION Y FINANZAS,CIUDAD DE MÉXICO
1630,AA-51-GYN-051GYN052-N-17-2025,NACIONAL,SERVICIO DOTACIÓN DE DOSÍMETROS Y LECTURA,ISSSTE,ADJUDICADO,,,ADJUDICACIÓN DIRECTA,SERVICIOS,E-2025-00022149,051GYN052 - DELEGACION ESTATAL DEL ISSSTE EN BAJA CALIFORNIA SUR,BAJA CALIFORNIA SUR
1631,AA-11-B00-011B00001-N-880-2025,NACIONAL,PRESTACIÓN DE SERVICIOS PROFESIONALES CELEX,IPN,ADJUDICADO,,,ADJUDICACIÓN DIRECTA,SERVICIOS,E-2025-00023192,011B00001 - DIRECCION DE RECURSOS MATERIALES E INFRAESTRUCTURA,CIUDAD DE MÉXICO
1632,AA-15-412-015000999-N-165-2026,NACIONAL,PRESTADOR DE SERVICIOS,SEDATU,ADJUDICADO,,,ADJUDICACIÓN DIRECTA,SERVICIOS,E-2026-00012796,015000999 - DIRECCION GENERAL DE RECURSOS MATERIALES Y SERVICIOS GENERALES,CIUDAD DE MÉXICO
1633,AA-51-GYN-051GYN073-N-3-2026,NACIONAL,SUMINISTRO DE GARRAFONES DE 20 LITROS,ISSSTE,ADJUDICADO,,,ADJUDICACIÓN DIRECTA,ADQUISICIONES,E-2026-00013423,051GYN073 - SUBDIRECCIÒN ADMINISTRATIVA DEL HOSPITAL REGIONAL 1º DE OCTUBRE,CIUDAD DE MÉXICO
1634,AA-08-VSS-008VSS990-N-424-2025,NACIONAL,ABARROTES COMESTIBLES,APB,ADJUDICADO,,,ADJUDICACIÓN DIRECTA,ADQUISICIONES,E-2026-00013677,008VSS990 - ALIMENTACIÓN PARA EL BIENESTAR - UNIDAD OPERATIVA HIDALGO ABASTO,HIDALGO
1635,AA-15-412-015000999-N-1652-2024,NACIONAL,PRESTADOR DE SERVICIOS,SEDATU,ADJUDICADO,,,ADJUDICACIÓN DIRECTA,SERVICIOS,E-2024-00113236,015000999 - DIRECCION GENERAL DE RECURSOS MATERIALES Y SERVICIOS GENERALES,CIUDAD DE MÉXICO
1636,AA-12-NDF-012NDF999-N-554-2024,NACIONAL,"PEDIDO 736 MAYOR BIOMET MEXICO, S.A. DE C.V. (OSTEOSINTESIS)",INR,ADJUDICADO,,,ADJUDICACIÓN DIRECTA,ADQUISICIONES,E-2024-00113479,012NDF999 - SUBDIRECCION DE COMPRAS Y SUMINISTROS,CIUDAD DE MÉXICO
1637,AA-08-VSS-008VSS992-N-592-2024,NACIONAL,ABARROTES COMESTIBLES,APB,ADJUDICADO,,,ADJUDICACIÓN DIRECTA,ADQUISICIONES,E-2024-00113814,"008VSS992 - GERENCIA REGIONAL OCCIDENTAL, ABASTO",JALISCO
1638,AA-12-NDF-012NDF999-N-496-2024,NACIONAL,PEDIDO MENOR 395 SUMINISTROS MEDICOS DEL CENTRO S.A. DE C.V.,INR,ADJUDICADO,,,ADJUDICACIÓN DIRECTA,ADQUISICIONES,E-2024-00094548,012NDF999 - SUBDIRECCION DE COMPRAS Y SUMINISTROS,CIUDAD DE MÉXICO
1639,AA-13-312-013000999-N-362-2023,NACIONAL,NAC 13-0336/23 REQ 6191 HID023 MATERIALES Y UTILES DE OFICINA,SEMAR,ADJUDICADO,,,ADJUDICACIÓN DIRECTA,ADQUISICIONES,E-2023-00060587,013000999 - DIRECCION GENERAL ADJUNTA DE ADQUISICIONES,CIUDAD DE MÉXICO
1640,AA-32-412-032000001-N-146-2023,NACIONAL,ADQUISICIÓN DE MATERIALES Y ÚTILES DE OFICINA,TFJA,ADJUDICADO,,,ADJUDICACIÓN DIRECTA,ADQUISICIONES,E-2023-00058759,032000001 - DIRECCION GENERAL DE RECURSOS MATERIALES Y SERVICIOS GENERALES,CIUDAD DE MÉXICO
1641,AA-21-W3S-021W3S002-N-126-2023,NACIONAL,ADQUISICION DE HERRAMIENTA,FONATUR-INFRAESTRUCTURA,ADJUDICADO,,,ADJUDICACIÓN DIRECTA,ADQUISICIONES,E-2023-00060047,"021W3S002 - GERENCIA CENTRAL, SUBGERENCIA DE ADQUISICIONES",OAXACA
1642,AA-06-A00-006A00997-N-1734-2023,NACIONAL,01-23-161 SERVICIOS PROFESIONALES PARA LA ELABORACION DEL AVALUO,INDAABIN,ADJUDICADO,,,ADJUDICACIÓN DIRECTA,SERVICIOS,E-2023-00059500,006A00997 - DIRECCIÓN GENERAL DE AVALÚOS Y OBRAS,CIUDAD DE MÉXICO
1643,AA-85-X28-926016949-N-47-2022,NACIONAL,CONTRATO DE PRESTACIÒN DE SERVICIOS,SEMUJERES,ADJUDICADO,,,ADJUDICACIÓN DIRECTA,SERVICIOS,E-2023-00058689,926016949 - COORDINACION EJECUTIVA,SONORA
1644,AA-08-VSS-008VSS978-N-141-2023,NACIONAL,PRODUCTOS DIVERSOS,APB,ADJUDICADO,,,ADJUDICACIÓN DIRECTA,ADQUISICIONES,E-2023-00058757,"008VSS978 - UNIDAD OPERATIVA POZA RICA, ABASTO",VERACRUZ
1645,AA-50-GYR-050GYR011-I-144-2023,INTERNACIONAL ABIERTO,AD-121-23 ADQUISICIÓN DE BIENES TERAPÉUTICOS,IMSS,ADJUDICADO,,,ADJUDICACIÓN DIRECTA,ADQUISICIONES,E-2023-00059643,050GYR011 - COORDINACION DE ABASTECIMIENTO Y EQUIPAMIENTO,YUCATÁN
1646,AA-50-GYR-050GYR060-T-283-2024,INTERNACIONAL BAJO LA COBERTURA DE TRATADOS,CONSUMIBLES DE EQUIPO MEDICO.1,IMSS,ADJUDICADO,,,ADJUDICACIÓN DIRECTA,ADQUISICIONES,E-2024-00109425,"050GYR060 - UMAE HOSPITAL DE PEDIATRIA DEL CMNO, DEPARTAMENTO DE ABASTECIMIENTO Y EQUIPAMIENTO",JALISCO
1647,AA-47-AYO-047AYO933-N-4-2025,NACIONAL,SERVICIO MEDICO INTEGRAL DE HEMODIALISIS,IMSS-BIENESTAR,ADJUDICADO,,,ADJUDICACIÓN DIRECTA,SERVICIOS,E-2025-00005980,056AYO933 - COORDINACIÓN ESTATAL DE IMSS BIENESTAR EN SONORA,SONORA
1648,AA-48-E00-048E00995-N-275-2025,NACIONAL,COADYUVAR  EN LA ATENCIÓN AL PÚBLICO EN EL ÁREA DE COMERCIALIZACIÓN,INBAL,ADJUDICADO,,,ADJUDICACIÓN DIRECTA,SERVICIOS,E-2025-00010450,048E00995 - DIRECCION DE RECURSOS MATERIALES,CIUDAD DE MÉXICO
1649,AA-08-VSS-008VSS975-N-381-2024,NACIONAL,ABARROTES COMESTIBLES,APB,ADJUDICADO,,,ADJUDICACIÓN DIRECTA,ADQUISICIONES,E-2024-00095405,"008VSS975 - UNIDAD OPERATIVA CAMPECHE, OPERACIONES Y ABASTO",CAMPECHE
1650,AA-48-L9Y-048L9Y001-N-422-2024,NACIONAL,SERVICIO DE APOYO Y FUNCIONAMIENTO DE LOS SERVICIOS GENERALES,FICINE,ADJUDICADO,,,ADJUDICACIÓN DIRECTA,SERVICIOS,E-2024-00083242,048L9Y001 - DIRECCION DE ADMINISTRACION Y FINANZAS,CIUDAD DE MÉXICO
1651,AA-11-L4J-011L4J995-N-14-2025,NACIONAL,663762 SW FLOWJO ACADPORTAL LIC 5-10 SEATS,CINVESTAV,ADJUDICADO,,,ADJUDICACIÓN DIRECTA,ADQUISICIONES,E-2025-00009977,011L4J995 - SUBDIRECCION DE RECURSOS MATERIALES,CIUDAD DE MÉXICO
1652,AA-11-B01-011B01001-N-3650-2024,NACIONAL,MAQUILLISTA PEINADORA,ONCETV,ADJUDICADO,,,ADJUDICACIÓN DIRECTA,SERVICIOS,E-2024-00103240,011B01001 - DIRECCION DE ADMINISTRACION Y FINANZAS,CIUDAD DE MÉXICO
1653,AA-48-D00-048D00001-N-453-2024,NACIONAL,SERVICIO DE DESARROLLO DE PROYECTO Y EJECUCIÓN DEL MONTAJE MUSEOGRÁFICO,INAH,ADJUDICADO,,,ADJUDICACIÓN DIRECTA,SERVICIOS,E-2024-00085085,048D00001 - COORDINACION NACIONAL DE RECURSOS MATERIALES Y SERVICIOS,CIUDAD DE MÉXICO
1654,AA-48-E00-048E00995-N-112-2025,NACIONAL,SERVICIOS COMO MAESTRA INTERNA PARA GUIAR A LOS CANTANTES SOLISTAS,INBAL,ADJUDICADO,,,ADJUDICACIÓN DIRECTA,SERVICIOS,E-2025-00010757,048E00995 - DIRECCION DE RECURSOS MATERIALES,CIUDAD DE MÉXICO
1655,AA-08-VSS-008VSS006-N-328-2024,NACIONAL,ABARROTES COMESTIBLES,APB,ADJUDICADO,,,ADJUDICACIÓN DIRECTA,ADQUISICIONES,E-2024-00101837,008VSS006 - GERENCIA REGIONAL PUEBLA,PUEBLA
1656,AA-06-HIU-006HIU001-N-93-2023,NACIONAL,SERVICIOS PARA LA TRANSMISICIÓN DE ANUNCIOS COMERCIALES EN RADIO,NAFIN,ADJUDICADO,,,ADJUDICACIÓN DIRECTA,SERVICIOS,E-2023-00089156,006HIU001 - SUBGERENCIA DE ADQUISICIONES,CIUDAD DE MÉXICO
1657,AA-20-143-020000878-N-6-2023,NACIONAL,CONTRATACION DEL SERVICIO DE RENTA DE MOBILIARIO,BIENESTAR,ADJUDICADO,,,ADJUDICACIÓN DIRECTA,SERVICIOS,E-2023-00008062,020000878 - DEL. QUINTANA ROO - SUBDELEGACION DE ADMINISTRACION-COORDINACION DE RECURSOS MATERIALES,QUINTANA ROO
1658,AA-06-A00-006A00997-N-3101-2023,NACIONAL,01-22-1310   SERVICIOS PROFESIONALES PARA LA ELABORACIÓN DEL AVALÚO,INDAABIN,ADJUDICADO,,,ADJUDICACIÓN DIRECTA,SERVICIOS,E-2023-00073998,006A00997 - DIRECCIÓN GENERAL DE AVALÚOS Y OBRAS,CIUDAD DE MÉXICO
1659,AA-13-J2V-013J2V002-N-19-2023,NACIONAL,"""SERVICIO DE COLOCACION DE MALLA REJA EN AREA DE PEINES""",	ASIPONA-Puerto Vallarta,ADJUDICADO,,,ADJUDICACIÓN DIRECTA,SERVICIOS,E-2023-00072423,013J2V002 - PUERTO VALLARTA-ADMINISTRACION DEL SISTEMA PORTUARIO NACIONAL PUERTO VALLARTA S.A. DE C.V.,JALISCO
1660,AA-11-L4J-011L4J999-N-329-2023,NACIONAL,BIENES DE PAPELERIA FUERA DE LA TIENDA DIGITAL Y LIMPIEZA PARA LA UNIDAD TLAXCAL,CINVESTAV,ADJUDICADO,,,ADJUDICACIÓN DIRECTA,ADQUISICIONES,E-2023-00072007,011L4J999 - SUBDIRECCION DE RECURSOS MATERIALES,CIUDAD DE MÉXICO
1661,AA-13-J2R-013J2R002-N-61-2023,NACIONAL,ANALISIS COSTO-BENEFICIO DEL PROYECTO MUELLE PESQUERO DEL SAUZAL,ASIPONA-Ensenada,ADJUDICADO,,,ADJUDICACIÓN DIRECTA,SERVICIOS,E-2023-00073166,013J2R002 - ENSENADA-GERENCIA DE ADMINISTRACION Y FINANZAS,BAJA CALIFORNIA
1662,AA-12-NDF-012NDF999-N-590-2024,NACIONAL,"PEDIDO MAYOR RUY MAY DISTRIBUCIONES, S.A. DE C.V. (OSTEOSINTESIS) MAX",INR,ADJUDICADO,,,ADJUDICACIÓN DIRECTA,ADQUISICIONES,E-2024-00117434,012NDF999 - SUBDIRECCION DE COMPRAS Y SUMINISTROS,CIUDAD DE MÉXICO
1663,AA-38-9ZU-0389ZU001-N-220-2024,NACIONAL,SUMINISTRO Y APLICACION DE PINTURA BASE SOLVENTE MARCA COMEX EN FACHADAS DE  EDI,CIDESI,ADJUDICADO,,,ADJUDICACIÓN DIRECTA,SERVICIOS,E-2024-00117635,0389ZU001 - SUBDIRECCION DE RECURSOS MTERIALES Y SERVICIOS GENERALES,QUERÉTARO
1664,AA-10-711-010000999-N-2-2025,NACIONAL,SERVICIO DE VIGILANCIA Y SEGURIDAD INTRAMUROS EN LOS INMUEBLES DE DEL SECTOR CEN,SE,ADJUDICADO,,,ADJUDICACIÓN DIRECTA,SERVICIOS,E-2025-00000151,010000999 - DIRECCION GENERAL DE RECURSOS MATERIALES Y ARCHIVO,CIUDAD DE MÉXICO
1665,AA-38-9ZU-0389ZU001-N-199-2024,NACIONAL,INSTALACION DE LETRERO CONAHCYT Y RESTAURACION DE LETRERO CIDESI,CIDESI,ADJUDICADO,,,ADJUDICACIÓN DIRECTA,SERVICIOS,E-2024-00117609,0389ZU001 - SUBDIRECCION DE RECURSOS MTERIALES Y SERVICIOS GENERALES,QUERÉTARO
1666,AA-08-VSS-008VSS979-N-450-2024,NACIONAL,ACEITE COMESTIBLE,APB,ADJUDICADO,,,ADJUDICACIÓN DIRECTA,ADQUISICIONES,E-2025-00000508,"008VSS979 - UNIDAD OPERATIVA DURANGO, ABASTO",DURANGO
1667,AA-08-VSS-008VSS995-N-344-2024,NACIONAL,ABARROTES COMESTIBLES,APB,ADJUDICADO,,,ADJUDICACIÓN DIRECTA,ADQUISICIONES,E-2024-00096275,"008VSS995 - UNIDAD OPERATIVA QUERETARO, ABASTO",QUERÉTARO
1668,AA-16-RHQ-016RHQ001-N-2-2025,NACIONAL,SERVICIO DE LIMPIEZA,CONAFOR,ADJUDICADO,,,ADJUDICACIÓN DIRECTA,SERVICIOS,E-2025-00000351,"016RHQ001 - GERENCIA DE RECURSOS MATERIALES, UNIDAD DE ADMINISTRACION Y FINANZAS",JALISCO
1669,AA-06-HHN-006HHN001-N-6-2025,NACIONAL,IPAB/003/2025,IPAB,ADJUDICADO,,,ADJUDICACIÓN DIRECTA,SERVICIOS,E-2025-00000035,006HHN001 - DIRECCIÓN GENERAL ADJUNTA DE ADMINISTRACIÓN,CIUDAD DE MÉXICO
1670,AA-08-VSS-008VSS985-N-518-2024,NACIONAL,"PALA REDONDA, MACHETE RECTO",APB,ADJUDICADO,,,ADJUDICACIÓN DIRECTA,ADQUISICIONES,E-2024-00093097,008VSS985 - GERENCIA REGIONAL PENINSULAR,YUCATÁN
1671,AA-50-GYR-050GYR027-N-264-2024,NACIONAL,SERVICIO DE MANTENIMIENTO DE PLANTAS TRATADORAS DE AGUA/ADJ 1222 232 24,IMSS,ADJUDICADO,,,ADJUDICACIÓN DIRECTA,SERVICIOS,E-2025-00001038,050GYR027 - OFICINA DE ADQUISICIONES DE LA DELEGACION GUANAJUATO,GUANAJUATO
1672,AA-11-B01-011B01001-N-50-2025,NACIONAL,"AUXILIAR JURÍDICO DE TRÁMITE, GESTIÓN Y CONSOLIDACIÓN",ONCETV,ADJUDICADO,,,ADJUDICACIÓN DIRECTA,SERVICIOS,E-2024-00115675,011B01001 - DIRECCION DE ADMINISTRACION Y FINANZAS,CIUDAD DE MÉXICO
1673,AA-20-127-020000872-N-36-2024,NACIONAL,MATERIALES Y ÚTILES DE OFICINA,BIENESTAR,ADJUDICADO,,,ADJUDICACIÓN DIRECTA,ADQUISICIONES,E-2024-00115072,020000872 - SUBDELEGACION DE ADMINISTRACION,CHIAPAS
1674,AA-11-B00-011B00001-N-4035-2023,NACIONAL,ADQUISICIÓN DE INSUMOS DE ARTICULOS METALICOS,IPN,ADJUDICADO,,,ADJUDICACIÓN DIRECTA,ADQUISICIONES,E-2023-00069652,011B00001 - DIRECCION DE RECURSOS MATERIALES E INFRAESTRUCTURA,CIUDAD DE MÉXICO
1675,AA-48-VZG-048VZG999-N-95-2023,NACIONAL,ROCÍO RODRÍGUEZ CEDILLO,FONART,ADJUDICADO,,,ADJUDICACIÓN DIRECTA,SERVICIOS,E-2023-00068204,048VZG999 - DIRECCION DE ADMINISTRACION Y FINANZAS,CIUDAD DE MÉXICO
1676,AA-06-A00-006A00997-N-2668-2023,NACIONAL,04-23-755 SERVICIOS PROFESIONALES PARA LA ELABORACIÓN DE AVALÚOS,INDAABIN,ADJUDICADO,,,ADJUDICACIÓN DIRECTA,SERVICIOS,E-2023-00069513,006A00997 - DIRECCIÓN GENERAL DE AVALÚOS Y OBRAS,CIUDAD DE MÉXICO
1677,EP-12-NBV-012NBV001-N-2-2026,NACIONAL,SERVICIO DE SEGURIDAD PROTECCIÓN Y VIGILANCIA,INCAN,ADJUDICADO,,,ADJUDICACIÓN DIRECTA,SERVICIOS,E-2026-00000298,012NBV001 - DIRECCION DE ADMINISTRACION,CIUDAD DE MÉXICO
1678,AA-32-412-032000001-N-12-2023,NACIONAL,SERVICIO DE VIGILANCIA,TFJA,ADJUDICADO,,,ADJUDICACIÓN DIRECTA,SERVICIOS,E-2023-00008788,032000001 - DIRECCION GENERAL DE RECURSOS MATERIALES Y SERVICIOS GENERALES,CHIHUAHUA
1679,AA-06-G3A-006G3A001-N-31-2024,NACIONAL,018/ ESPACIO PUBLICITARIO CUADRO COMPARATIVO DE COMISIONES VIGENTES PRIMER TRIME,CONDUSEF,ADJUDICADO,,,ADJUDICACIÓN DIRECTA,SERVICIOS,E-2024-00016771,006G3A001 - DIRECCIÓN DE RECURSOS MATERIALES Y SERVICIOS GENERALES,CIUDAD DE MÉXICO
1680,AA-08-VSS-008VSS995-N-403-2023,NACIONAL,ABARROTES COMESTIBLES,APB,ADJUDICADO,,,ADJUDICACIÓN DIRECTA,ADQUISICIONES,E-2023-00107066,"008VSS995 - UNIDAD OPERATIVA QUERETARO, ABASTO",QUERÉTARO
1681,AA-12-NBT-012NBT999-N-509-2023,NACIONAL,CONTRATO ABIERTO DE PRESTACIÓN DE SERVICIOS QUE PARA LA REALIZACIÓN DE AUDITORÍA,IMSS-BIENESTAR,ADJUDICADO,,,ADJUDICACIÓN DIRECTA,SERVICIOS,E-2023-00107990,"056AYO936 - DIRECCION DE ADMINISTRACION Y FINANZAS, SUBDIRECCION DE RECURSOS MATERIALES",TAMAULIPAS
1682,AA-11-B01-011B01001-N-2792-2023,NACIONAL,CONDUCTOR    .,ONCETV,ADJUDICADO,,,ADJUDICACIÓN DIRECTA,SERVICIOS,E-2023-00103475,011B01001 - DIRECCION DE ADMINISTRACION Y FINANZAS,CIUDAD DE MÉXICO
1683,AA-89-Y58-930060989-N-10-2023,NACIONAL,ADQUISICIÓN DE ROPA,DIFVER,ADJUDICADO,,,ADJUDICACIÓN DIRECTA,ADQUISICIONES,E-2023-00107220,930060989 - SUBDIRECCIÓN DE RECURSOS MATERIALES Y SERVICIOS GENERALES,VERACRUZ
1684,AA-51-GYN-051GYN041-T-232-2023,INTERNACIONAL BAJO LA COBERTURA DE TRATADOS,PARCHES DE LIDOCAÍNA 5% CON 700 MG. CAJA CON 3 SOBRES RESELLABLES CON 5 PARCHES,ISSSTE,ADJUDICADO,,,ADJUDICACIÓN DIRECTA,ADQUISICIONES,E-2023-00108963,051GYN041 - CENTRO MEDICO NACIONAL 20 DE NOVIEMBRE,CIUDAD DE MÉXICO
1685,AA-48-VZG-048VZG999-N-90-2026,NACIONAL,KYARA TRUJILLO ALATRISTE,FONART,ADJUDICADO,,,ADJUDICACIÓN DIRECTA,SERVICIOS,E-2026-00033051,048VZG999 - DIRECCION DE ADMINISTRACION Y FINANZAS,CIUDAD DE MÉXICO
1686,AA-06-G1C-006G1C001-N-36-2026,NACIONAL,"CONTRATACIÓN DEL SERVICIO INTEGRAL DE LIMPIEZA DE ÁREAS, INMUEBLES Y TRENES DEL",BANOBRAS,ADJUDICADO,,,ADJUDICACIÓN DIRECTA,SERVICIOS,E-2026-00030300,006G1C001 - GERENCIA DE ADQUISICIONES,CIUDAD DE MÉXICO
1687,AA-10-K2H-010K2H001-N-55-2024,NACIONAL,SERVICIO DE MANTENIMIENTO AL SISTEMA MECANICO Y DE GENERACION DE VAPOR,CENAM,ADJUDICADO,,,ADJUDICACIÓN DIRECTA,SERVICIOS,E-2024-00022557,010K2H001 - DIRECCION GENERAL DE ADMINISTRACION Y FINANZAS,QUERÉTARO
1688,AA-20-400-020000884-N-12-2024,NACIONAL,"CONTRATO PARA EL ARRENDAMIENTO DE MOBILIARIO, MARZO 2024 PAM",BIENESTAR,ADJUDICADO,,,ADJUDICACIÓN DIRECTA,ARRENDAMIENTOS,E-2024-00024890,020000884 - SUBDELEGACION DE ADMINISTRACION,MÉXICO
1689,AA-51-GYN-051GYN060-N-104-2023,NACIONAL,PRODUCTOS ALIMENTICIOS PARA EL HSRYC,ISSSTE,ADJUDICADO,,,ADJUDICACIÓN DIRECTA,ADQUISICIONES,E-2024-00026558,051GYN060 - DEPARTAMENTO DE RECURSOS MATERIALES Y OBRAS,DURANGO
1690,AA-14-P7R-014P7R001-N-20-2024,NACIONAL,SUMINISTRO DE AGUA DE GARRAFÓN PARA LAS OFICINAS DEL INFONACOT,INFONACOT,ADJUDICADO,,,ADJUDICACIÓN DIRECTA,ADQUISICIONES,E-2024-00019082,"014P7R001 - DIRECCION DE RECURSOS MATERIALES Y SERVICIOS GENERALES, SUBDIRECCION GENERAL DE ADMON",CIUDAD DE MÉXICO
1691,AA-11-B00-011B00001-N-3369-2023,NACIONAL,ADQUISIÓN DE INSUMOS,IPN,ADJUDICADO,,,ADJUDICACIÓN DIRECTA,ADQUISICIONES,E-2023-00053359,011B00001 - DIRECCION DE RECURSOS MATERIALES E INFRAESTRUCTURA,CIUDAD DE MÉXICO
1692,AA-20-132-020000003-N-34-2023,NACIONAL,SERVICIO DE IMPRESIONES 013,BIENESTAR,ADJUDICADO,,,ADJUDICACIÓN DIRECTA,SERVICIOS,E-2023-00053415,"020000003 - DELEGACION GUERRERO, COORDINACION DE RECURSOS MATERIALES",GUERRERO
1693,AA-08-VSS-008VSS013-N-21-2023,NACIONAL,HARINA DE MAÍZ,APB,ADJUDICADO,,,ADJUDICACIÓN DIRECTA,ADQUISICIONES,E-2023-00053069,008VSS013 - GERENCIA REGIONAL OAXACA,OAXACA
1694,AA-11-L4J-011L4J999-N-372-2024,NACIONAL,SERVICIO DE REPARACIÓN A EQUIPOS IMAC,CINVESTAV,ADJUDICADO,,,ADJUDICACIÓN DIRECTA,ADQUISICIONES,E-2024-00058338,011L4J999 - SUBDIRECCION DE RECURSOS MATERIALES,CIUDAD DE MÉXICO
1695,AA-06-HIU-006HIU001-N-52-2024,NACIONAL,SERVICIOS PARA LA TRANSMISIÓN DE ANUNCIOS COMERCIALES EN RADIO,NAFIN,ADJUDICADO,,,ADJUDICACIÓN DIRECTA,SERVICIOS,E-2024-00067181,006HIU001 - SUBGERENCIA DE ADQUISICIONES,CIUDAD DE MÉXICO
1696,AA-51-GYN-051GYN893-N-31-2024,NACIONAL,ADQUISICIÓN DE SOLUCION PARA DIALISIS PERITONEAL CON ICODEXTRINA,ISSSTE,ADJUDICADO,,,ADJUDICACIÓN DIRECTA,ADQUISICIONES,E-2024-00063894,"051GYN893 - REPRESENTACION ESTATAL AGUASCALIENTES, DEPARTAMENTO DE RECURSOS MATERIALES Y OBRAS",AGUASCALIENTES
1697,AA-08-VSS-008VSS007-N-54-2024,NACIONAL,ABARROTES NO COMESTIBLES,APB,ADJUDICADO,,,ADJUDICACIÓN DIRECTA,ADQUISICIONES,E-2024-00057683,"008VSS007 - SUBGERENCIA REGIONAL NOROESTE, UNIDAD OPERATIVA CULIACÁN",SINALOA
1698,AA-08-VSS-008VSS975-N-384-2025,NACIONAL,ABARROTES NO COMESTIBLES,APB,ADJUDICADO,,,ADJUDICACIÓN DIRECTA,ADQUISICIONES,E-2025-00118105,"008VSS975 - UNIDAD OPERATIVA CAMPECHE, OPERACIONES Y ABASTO",CAMPECHE
1699,AA-06-A00-006A00997-N-4442-2025,NACIONAL,2025-2356- SERVICIOS PROFESIONALES PARA LA ELABORACION DEL AVALUO,INDAABIN,ADJUDICADO,,,ADJUDICACIÓN DIRECTA,SERVICIOS,E-2025-00115328,006A00997 - DIRECCIÓN GENERAL DE AVALÚOS Y OBRAS,CIUDAD DE MÉXICO
1700,AA-06-A00-006A00997-N-4495-2025,NACIONAL,2025-2608- SERVICIOS PROFESIONALES PARA LA ELABORACIÓN DEL AVALÚO,INDAABIN,ADJUDICADO,,,ADJUDICACIÓN DIRECTA,SERVICIOS,E-2025-00116603,006A00997 - DIRECCIÓN GENERAL DE AVALÚOS Y OBRAS,CIUDAD DE MÉXICO
1701,AA-11-MAX-011MAX001-N-775-2025,NACIONAL,ENCUADERNADO RÚSTICA COSIDA Y EMPAQUE,IEPSA,ADJUDICADO,,,ADJUDICACIÓN DIRECTA,SERVICIOS,E-2025-00115220,011MAX001 - SUBGERENCIA DE ADQUISICIONES Y CONTRATACION DE SERVICIOS,CIUDAD DE MÉXICO
1702,AA-51-GYN-051GYN017-N-14-2024,NACIONAL,SERVICIO FISIOTERAPIA EN CASA DE DIA,ISSSTE,ADJUDICADO,,,ADJUDICACIÓN DIRECTA,SERVICIOS,E-2024-00018823,051GYN017 - DEPARTAMENTO DE RECURSOS MATERIALES Y OBRAS EN QUINTANA ROO,QUINTANA ROO
1703,AA-11-B00-011B00001-N-1444-2024,NACIONAL,PRESTACIÓN DE SERVICIOS PROFESIONALES CELEX,IPN,ADJUDICADO,,,ADJUDICACIÓN DIRECTA,SERVICIOS,E-2024-00023423,011B00001 - DIRECCION DE RECURSOS MATERIALES E INFRAESTRUCTURA,CIUDAD DE MÉXICO
1704,AA-20-123-020000889-N-12-2024,NACIONAL,SERVICIO DE IMPRESION,BIENESTAR,ADJUDICADO,,,ADJUDICACIÓN DIRECTA,SERVICIOS,E-2024-00026912,020000889 - DELEGACION BAJA CALIFORNIA SUR,BAJA CALIFORNIA SUR
1705,AA-13-J4V-013J4V001-N-171-2024,NACIONAL,INSTRUCTOR ACADÉMICO PARA FORMACIÓN ACTUALIZACIÓN Y/O CAPACITACIÓN,FIDENA,ADJUDICADO,,,ADJUDICACIÓN DIRECTA,SERVICIOS,E-2024-00023533,013J4V001 - DIRECCION DE ADMINISTRACION Y FINANZAS,CIUDAD DE MÉXICO
1706,AA-48-F00-048F00999-N-41-2024,NACIONAL,SÁNCHEZ ANELL SAYURY BEDELIZ RE/AD-41-XIV/2024/1.3/040,E-Radio,ADJUDICADO,,,ADJUDICACIÓN DIRECTA,SERVICIOS,E-2024-00023832,048F00999 - JEFATURA DE RECURSOS MATERIALES Y SERVICIOS GENERALES,CIUDAD DE MÉXICO
1707,AA-38-90E-03890E999-N-158-2023,NACIONAL,SERVICIO DE ENERGIA ELELCTRICA,CIMAV,ADJUDICADO,,,ADJUDICACIÓN DIRECTA,SERVICIOS,E-2023-00108678,03890E999 - DIRECCION DE ADMINISTRACION Y FINANZAS,NUEVO LEÓN
1708,AA-50-GYR-050GYR013-N-227-2023,NACIONAL,ADJDIR-200-2023 MTTO PREV Y CORREC  EQ AIRE ACONDICIONADO REGION ISTMO,IMSS,ADJUDICADO,,,ADJUDICACIÓN DIRECTA,SERVICIOS,E-2023-00099090,050GYR013 - COORDINACION DE ABASTECIMIENTO Y EQUIPAMIENTO,OAXACA
1709,AA-13-J3A-013J3A001-N-255-2023,NACIONAL,"SERVICIO DE PUBLICACIÓN DE 1 PLANA, EN REVISTA ALTO NIVEL.",	ASIPONA-LÁZARO CÁRDENAS,ADJUDICADO,,,ADJUDICACIÓN DIRECTA,SERVICIOS,E-2023-00112085,013J3A001 - LAZARO CARDENAS-GERENCIA DE ADMINISTRACION Y FINANZAS,MICHOACÁN DE OCAMPO
1710,AA-38-91Q-03891Q001-N-87-2023,NACIONAL,MANEJO CLÍNICO VETERINARIO Y ACTIVIDADES DE EDUCACIÓN AMBIENTAL CON MONOS,INECOL,ADJUDICADO,,,ADJUDICACIÓN DIRECTA,SERVICIOS,E-2023-00057614,03891Q001 - SUBDIRECCION DE BIENES Y SERVICIOS,VERACRUZ
1711,AA-06-A00-006A00997-N-1566-2023,NACIONAL,04-23-492  SERVICIOS PROFESIONALES PARA LA ELABORACIÓN DEL AVALÚO,INDAABIN,ADJUDICADO,,,ADJUDICACIÓN DIRECTA,SERVICIOS,E-2023-00057587,006A00997 - DIRECCIÓN GENERAL DE AVALÚOS Y OBRAS,CIUDAD DE MÉXICO
1712,AA-38-90U-03890U001-N-19-2023,NACIONAL,OC2332717/ OC2332608 MATERIALES DIVERSOS DE FERRETERIA,CIQA,ADJUDICADO,,,ADJUDICACIÓN DIRECTA,ADQUISICIONES,E-2023-00057332,03890U001 - DIRECCION ADMINISTRATIVA,COAHUILA DE ZARAGOZA
1713,AA-08-VSS-008VSS979-N-209-2023,NACIONAL,DETERGENTE EN POLVO,APB,ADJUDICADO,,,ADJUDICACIÓN DIRECTA,ADQUISICIONES,E-2023-00057539,"008VSS979 - UNIDAD OPERATIVA DURANGO, ABASTO",DURANGO
1714,AA-48-D00-048D00001-N-336-2023,NACIONAL,SERVICIO PROFESIONAL DE ANTROPOLOGO(A) SOCIAL,INAH,ADJUDICADO,,,ADJUDICACIÓN DIRECTA,SERVICIOS,E-2023-00057633,048D00001 - COORDINACION NACIONAL DE RECURSOS MATERIALES Y SERVICIOS,CIUDAD DE MÉXICO
1715,AA-18-T0O-018T0O004-N-264-2023,NACIONAL,MAQUILA DE CELDA DE PRUEBAS,IMP,ADJUDICADO,,,ADJUDICACIÓN DIRECTA,SERVICIOS,E-2023-00097145,018T0O004 - GERENCIA DE PROVEEDURIA Y SERVICIOS,CIUDAD DE MÉXICO
1716,AA-12-NDY-012NDY001-N-768-2023,NACIONAL,REALIZAR ACTIVIDADES DE CAPTURA DE LOS DATOS OBTENIDOS DURANTE EL LEVANTAMIENTO,INSP,ADJUDICADO,,,ADJUDICACIÓN DIRECTA,SERVICIOS,E-2023-00097368,012NDY001 - DEPARTAMENTO DE SERVICIOS GENERALES Y MANTENIMIENTO,MORELOS
1717,AA-08-VSS-008VSS008-N-689-2023,NACIONAL,ABARROTES VARIOS,APB,ADJUDICADO,,,ADJUDICACIÓN DIRECTA,ADQUISICIONES,E-2023-00097419,008VSS008 - SUBGERENCIA OPERACIONES REGIONAL NORTE CENTRO,CHIHUAHUA
1718,AA-11-B01-011B01001-N-2665-2023,NACIONAL,EDITOR   .,ONCETV,ADJUDICADO,,,ADJUDICACIÓN DIRECTA,SERVICIOS,E-2023-00097180,011B01001 - DIRECCION DE ADMINISTRACION Y FINANZAS,CIUDAD DE MÉXICO
1719,AA-08-VSS-008VSS989-N-324-2024,NACIONAL,PAPEL HIGIENICO,APB,ADJUDICADO,,,ADJUDICACIÓN DIRECTA,ADQUISICIONES,E-2024-00101699,008VSS989 - SUCURSAL CENTRO-NORTE SUBGERENCIA DE ABASTO,ZACATECAS
1720,AA-11-B01-011B01001-N-3704-2024,NACIONAL,REDACTOR DIRECCIÓN DE NOTICIARIOS,ONCETV,ADJUDICADO,,,ADJUDICACIÓN DIRECTA,SERVICIOS,E-2024-00116731,011B01001 - DIRECCION DE ADMINISTRACION Y FINANZAS,CIUDAD DE MÉXICO
1721,AA-08-VSS-008VSS007-N-334-2024,NACIONAL,ABARROTES NO COMESTIBLES,APB,ADJUDICADO,,,ADJUDICACIÓN DIRECTA,ADQUISICIONES,E-2024-00101439,"008VSS007 - SUBGERENCIA REGIONAL NOROESTE, UNIDAD OPERATIVA CULIACÁN",SINALOA
1722,AA-13-J3A-013J3A001-N-39-2026,NACIONAL,SERVICIOS DE AUDITORÍA EXTERNA PARA DICTAMINAR LOS ESTADOS FINANCIEROS 2025.,	ASIPONA-LÁZARO CÁRDENAS,ADJUDICADO,,,ADJUDICACIÓN DIRECTA,SERVICIOS,E-2026-00018008,013J3A001 - LAZARO CARDENAS-GERENCIA DE ADMINISTRACION Y FINANZAS,MICHOACÁN DE OCAMPO
1723,AA-08-VSS-008VSS981-N-137-2026,NACIONAL,AVENA GRANVITA,APB,ADJUDICADO,,,ADJUDICACIÓN DIRECTA,ADQUISICIONES,E-2026-00038281,008VSS981 - DICONSA UNIDAD OPERATIVA MICHOCAN - ABASTO,MICHOACÁN DE OCAMPO
1724,AA-86-X75-927006974-N-89-2023,NACIONAL,29501.-REFACCIONES Y ACCESORIOS MENORES DE EQUIPO E INSTRUMENTAL MEDICO Y DE LAB,SSALUDTAB,ADJUDICADO,,,ADJUDICACIÓN DIRECTA,ADQUISICIONES,E-2023-00074755,927006974 - SUBDIRECCIÓN DE RECURSOS MATERIALES Y SERVICIOS GENERALES,TABASCO
1725,AA-50-GYR-050GYR007-N-476-2023,NACIONAL,S18/AD/158/2023 CONTRATACION SERVICIO VIVERES HOSPITALES 2023,IMSS,ADJUDICADO,,,ADJUDICACIÓN DIRECTA,SERVICIOS,E-2023-00077534,050GYR007 - COORDINACIÓN DE ABASTECIMIENTO Y EQUIPAMIENTO,AGUASCALIENTES
1726,AO-51-GYN-051GYN045-N-54-2023,NACIONAL,SERVICIO DE MANTENIMIENTO A RED PRINCIPAL DE GASES MEDICINALES EN EL HOSPITAL GE,ISSSTE,ADJUDICADO,,,ADJUDICACIÓN DIRECTA,SERVICIOS RELACIONADOS CON LA OBRA,E-2023-00077300,051GYN045 - DEPARTAMENTO DE OBRAS Y SERVICIOS GENERALES,CIUDAD DE MÉXICO
1727,AA-50-GYR-050GYR031-N-213-2023,NACIONAL,MATERIAL DE OSTEOSINTESIS Y ENDOPROTESIS PARA UNIDADES HOSPITALARIAS IMSS BIENE,IMSS,ADJUDICADO,,,ADJUDICACIÓN DIRECTA,ADQUISICIONES,E-2023-00076707,050GYR031 - COORDINACION DE ABASTECIMIENTO Y EQUIPAMIENTO,SONORA
1728,AA-13-312-013000999-N-746-2024,NACIONAL,NAC 13-0811/24 REQ 1385 UNI073 DIFUSION E INFORMACION DE MENSAJES Y ACTIVIDADES,SEMAR,ADJUDICADO,,,ADJUDICACIÓN DIRECTA,SERVICIOS,E-2024-00066664,013000999 - DIRECCION GENERAL ADJUNTA DE ADQUISICIONES,CIUDAD DE MÉXICO
1729,AA-06-G2T-006G2T002-N-243-2024,NACIONAL,ADQUISICIÓN ARO DE LABIADO 24B0626,CMM,ADJUDICADO,,,ADJUDICACIÓN DIRECTA,ADQUISICIONES,E-2024-00065754,006G2T002 - DIRECCIÓN CORPORATIVA DE ADMINSITRACIÓN,SAN LUIS POTOSÍ
1730,AA-11-L4J-011L4J995-N-613-2024,NACIONAL,REQUISICION-3611-2024-FAMILIA ABS ABSPOLUTOS MODELO HEPA FILTRO TIPO DE FILTRO C,CINVESTAV,ADJUDICADO,,,ADJUDICACIÓN DIRECTA,ADQUISICIONES,E-2024-00064292,011L4J995 - SUBDIRECCION DE RECURSOS MATERIALES,CIUDAD DE MÉXICO
1731,AA-12-NBV-012NBV001-N-356-2024,NACIONAL,SERV. CALIBRACION DE LA MARCA PTW,INCAN,ADJUDICADO,,,ADJUDICACIÓN DIRECTA,SERVICIOS,E-2024-00065589,012NBV001 - DIRECCION DE ADMINISTRACION,CIUDAD DE MÉXICO
1732,AA-48-L3N-048L3N001-N-182-2024,NACIONAL,TALLER DE GUION PARA FICCIÓN 1 A LA GENERACIÓN 2024,CCC,ADJUDICADO,,,ADJUDICACIÓN DIRECTA,SERVICIOS,E-2024-00066542,"048L3N001 - SUBDIRECCION DE ADMINISTRACION Y FINANZAS, DEPARTAMENTO DE SERVICIOS",CIUDAD DE MÉXICO
1733,AA-08-VSS-008VSS991-N-720-2025,NACIONAL,ABARROTES COMESTIBLES,APB,ADJUDICADO,,,ADJUDICACIÓN DIRECTA,ADQUISICIONES,E-2025-00120184,"008VSS991 - UNIDAD OPERATIVA SAN LUIS POTOSÍ, SUBGERENCIA DE LA UNIDAD OPERATIVA",SAN LUIS POTOSÍ
1734,AA-08-VSS-008VSS992-N-598-2025,NACIONAL,ABARROTES COMESTIBLES,APB,ADJUDICADO,,,ADJUDICACIÓN DIRECTA,ADQUISICIONES,E-2025-00121169,"008VSS992 - GERENCIA REGIONAL OCCIDENTAL, ABASTO",JALISCO
1735,AA-47-AYL-006AYL998-N-340-2026,NACIONAL,SERVICIO PROFESIONAL DE APOYO EN EL ANÁLISIS DE TRANSPORT STREAM SATELITAL,SPR,ADJUDICADO,,,ADJUDICACIÓN DIRECTA,SERVICIOS,E-2026-00000855,006AYL998 - UNIDAD DE ADMINISTRACIÓN Y FINANZAS,CIUDAD DE MÉXICO
1736,AA-47-AYL-006AYL998-N-59-2026,NACIONAL,"SERVICIO DE MONITOREO DE CONTENIDOS EN MEDIOS DE COMUNICACIÓN (PRENSA, RADIO Y T",SPR,ADJUDICADO,,,ADJUDICACIÓN DIRECTA,SERVICIOS,E-2026-00000390,006AYL998 - UNIDAD DE ADMINISTRACIÓN Y FINANZAS,CIUDAD DE MÉXICO
1737,AA-47-AYL-006AYL998-N-89-2026,NACIONAL,SERVICIO PROFESIONAL DE APOYO PARA LA OPERACIÓN Y MANTENIMIENTO DE LA ESTACIÓN R,SPR,ADJUDICADO,,,ADJUDICACIÓN DIRECTA,SERVICIOS,E-2026-00000429,006AYL998 - UNIDAD DE ADMINISTRACIÓN Y FINANZAS,CIUDAD DE MÉXICO
1738,AA-08-VSS-008VSS985-N-70-2026,NACIONAL,JABON DE LAVANDERIA NAVE,APB,ADJUDICADO,,,ADJUDICACIÓN DIRECTA,ADQUISICIONES,E-2026-00023913,008VSS985 - GERENCIA REGIONAL PENINSULAR,YUCATÁN
1739,AA-15-412-015000999-N-1569-2024,NACIONAL,PRESTADOR DE SERVICIOS,SEDATU,ADJUDICADO,,,ADJUDICACIÓN DIRECTA,SERVICIOS,E-2024-00113003,015000999 - DIRECCION GENERAL DE RECURSOS MATERIALES Y SERVICIOS GENERALES,CIUDAD DE MÉXICO
1740,AA-50-GYR-050GYR049-T-171-2024,INTERNACIONAL BAJO LA COBERTURA DE TRATADOS,MEDICAMENTO Y MATERIAL DE CURACION,IMSS,ADJUDICADO,,,ADJUDICACIÓN DIRECTA,ADQUISICIONES,E-2024-00091764,"050GYR049 - UMAE DR. VICTORIO DE LA FUENTE NARVAEZ CIUDAD DE MEXICO, DIRECCION",CIUDAD DE MÉXICO
1741,AA-08-VSS-008VSS990-N-430-2024,NACIONAL,ABARROTES COMESTIBLES,APB,ADJUDICADO,,,ADJUDICACIÓN DIRECTA,ADQUISICIONES,E-2024-00101927,"008VSS990 - GERENCIA REGIONAL HIDALGO, SUBGERENCIA DE ABASTO",HIDALGO
1742,AA-50-GYR-050GYR091-N-125-2024,NACIONAL,"SERVICIO DE HABILITADO DE INSTALACIONES DE GASES MEDICINALES, AUDIO, VIDEO, CANC",IMSS,ADJUDICADO,,,ADJUDICACIÓN DIRECTA,SERVICIOS,E-2024-00110452,"050GYR091 - UMAE HOSPITAL DE TRAUMATOLOGIA Y ORTOPEDIA DE PUEBLA, OFICINA DE ADQUISICIONES",PUEBLA
1743,AA-08-VSS-008VSS995-N-502-2024,NACIONAL,ABARROTES NO COMESTIBLES,APB,ADJUDICADO,,,ADJUDICACIÓN DIRECTA,ADQUISICIONES,E-2024-00111736,"008VSS995 - UNIDAD OPERATIVA QUERETARO, ABASTO",QUERÉTARO
1744,AA-08-VSS-008VSS998-N-247-2023,NACIONAL,MAIZ BLANCO,APB,ADJUDICADO,,,ADJUDICACIÓN DIRECTA,ADQUISICIONES,E-2023-00105105,008VSS998 - DIRECCIÓN COMERCIAL,CIUDAD DE MÉXICO
1745,AA-50-GYR-050GYR060-N-361-2023,NACIONAL,ADJUDICACIÓN DEL SERVICIO SUBROGADO DE MESA INCLINADA,IMSS,ADJUDICADO,,,ADJUDICACIÓN DIRECTA,SERVICIOS,E-2023-00104589,"050GYR060 - UMAE HOSPITAL DE PEDIATRIA DEL CMNO, DEPARTAMENTO DE ABASTECIMIENTO Y EQUIPAMIENTO",JALISCO
1746,AA-11-B00-011B00001-N-6242-2023,NACIONAL,ENMH/ADQUISICIÓN/40/2023   QUÍMICA ISLAS,IPN,ADJUDICADO,,,ADJUDICACIÓN DIRECTA,ADQUISICIONES,E-2023-00101777,011B00001 - DIRECCION DE RECURSOS MATERIALES E INFRAESTRUCTURA,CIUDAD DE MÉXICO
1747,AA-12-NDF-012NDF999-N-782-2023,NACIONAL,PEDIDO MAYOR 723,INR,ADJUDICADO,,,ADJUDICACIÓN DIRECTA,ADQUISICIONES,E-2023-00105072,012NDF999 - SUBDIRECCION DE COMPRAS Y SUMINISTROS,CIUDAD DE MÉXICO
1748,AA-11-B01-011B01001-N-1007-2024,NACIONAL,ASISTENTE DE COMUNICACIÓN Y RELACIONES PÚBLICAS,ONCETV,ADJUDICADO,,,ADJUDICACIÓN DIRECTA,SERVICIOS,E-2024-00032462,011B01001 - DIRECCION DE ADMINISTRACION Y FINANZAS,CIUDAD DE MÉXICO
1749,AA-11-B00-011B00001-N-2472-2024,NACIONAL,CONTRATACIÓN DE SERVICIOS PROFESIONALES CECYT3,IPN,ADJUDICADO,,,ADJUDICACIÓN DIRECTA,SERVICIOS,E-2024-00031402,011B00001 - DIRECCION DE RECURSOS MATERIALES E INFRAESTRUCTURA,MÉXICO
1750,AA-08-VSS-008VSS977-N-76-2024,NACIONAL,ABARROTES COMESTIBLES,APB,ADJUDICADO,,,ADJUDICACIÓN DIRECTA,ADQUISICIONES,E-2024-00040577,"008VSS977 - UNIDAD OPERATIVA NAYARIT, ABASTO",NAYARIT
1751,AA-11-B00-011B00001-N-2873-2024,NACIONAL,PRESTACION DE SERVICIOS PROFESIONALES QUE REQUIERE LA ENCB,IPN,ADJUDICADO,,,ADJUDICACIÓN DIRECTA,SERVICIOS,E-2024-00037838,011B00001 - DIRECCION DE RECURSOS MATERIALES E INFRAESTRUCTURA,CIUDAD DE MÉXICO
1752,AA-08-130-008000994-N-1-2023,NACIONAL,ADQUISICION DE CONSUMIBLES Y MATERIALES DE COMPUTO,SADER,ADJUDICADO,,,ADJUDICACIÓN DIRECTA,ADQUISICIONES,E-2023-00015505,008000994 - REPRESENTACIÓN ESTATAL EN DURANGO,DURANGO
1753,AA-12-NDF-012NDF999-N-104-2023,NACIONAL,ADQUISICION DE MATERIALES Y SUMINISTROS MEDICOS MENOR 109,INR,ADJUDICADO,,,ADJUDICACIÓN DIRECTA,ADQUISICIONES,E-2023-00016131,012NDF999 - SUBDIRECCION DE COMPRAS Y SUMINISTROS,CIUDAD DE MÉXICO
1754,AA-16-B00-016B00011-N-5-2023,NACIONAL,SERVICIO DE MANTENIMIENTO A MAQUINARIA Y EQUIPO,CONAGUA,ADJUDICADO,,,ADJUDICACIÓN DIRECTA,ADQUISICIONES,E-2023-00016023,016B00011 - DIRECCION GENERAL - ORGANISMO DE CUENCA NOROESTE,SONORA
1755,AA-12-NBD-012NBD001-N-72-2023,NACIONAL,"ARRENDAMIENTO DE UN EQUIPO MÓVIL DE FLUOROSCOPIA TIPO ARCO ""C""",HGM,ADJUDICADO,,,ADJUDICACIÓN DIRECTA,SERVICIOS,E-2023-00015035,012NBD001 - DIRECCION DE ADMINISTRACION Y FINANZAS,CIUDAD DE MÉXICO
1756,AA-08-VSS-008VSS998-N-52-2023,NACIONAL,FRIJOL ENVASADO,APB,ADJUDICADO,,,ADJUDICACIÓN DIRECTA,ADQUISICIONES,E-2023-00017425,008VSS998 - DIRECCIÓN COMERCIAL,CIUDAD DE MÉXICO
1757,AA-20-144-020000876-N-9-2023,NACIONAL,SUMINISTRO DE ALIMENTOS DEL 09 DE ENERO DE 2023 AL 10 FEBRERO 2023 RIOVERDE,BIENESTAR,ADJUDICADO,,,ADJUDICACIÓN DIRECTA,SERVICIOS,E-2023-00016934,020000876 - SUBDELEGACION DE ADMINISTRACION,SAN LUIS POTOSÍ
1758,AA-08-VSS-008VSS006-N-30-2023,NACIONAL,ATUN ENLATADO,APB,ADJUDICADO,,,ADJUDICACIÓN DIRECTA,ADQUISICIONES,E-2023-00017747,008VSS006 - GERENCIA REGIONAL PUEBLA,PUEBLA
1759,AA-48-410-048410003-N-873-2023,NACIONAL,"SERVICIOS PROFESIONALES CONSISTENTES EN APOYOS TÉCNICOS EN UTILERÍA, TRAMOYA",CULTURA,ADJUDICADO,,,ADJUDICACIÓN DIRECTA,SERVICIOS,E-2023-00016256,048410003 - DEPARTAMENTO DE COMITE,CIUDAD DE MÉXICO
1760,AA-12-NEF-012NEF001-T-147-2024,INTERNACIONAL BAJO LA COBERTURA DE TRATADOS,"147, ADQUISICIÓN DE MEDICAMENTOS E INSUMOS PARA LA SALUD 2024 (INSUMOS).",BIRMEX,ADJUDICADO,,,ADJUDICACIÓN DIRECTA,ADQUISICIONES,E-2024-00090143,012NEF001 - DIRECCION GENERAL,MÉXICO
1761,AA-89-Y52-930087056-N-40-2024,NACIONAL,DESAYUNOS Y COMIDAS,SEV,ADJUDICADO,,,ADJUDICACIÓN DIRECTA,SERVICIOS,E-2024-00090549,930087056 - DIRECCIÓN DE ADQUISICIONES Y ARRENDAMIENTO DE INMUEBLES,VERACRUZ
1762,AA-50-GYR-050GYR075-T-127-2024,INTERNACIONAL BAJO LA COBERTURA DE TRATADOS,AA-50-GYR-050GYR075-T-127-2024 ADQUISICION DE MEDICAMENTO Y MATERIAL DE CURACION,IMSS,ADJUDICADO,,,ADJUDICACIÓN DIRECTA,ADQUISICIONES,E-2024-00092372,050GYR075 - COORDINACION DE ABASTECIMIENTO Y EQUIPAMIENTO DELEGACION QUERETARO,QUERÉTARO
1763,AA-08-VSS-008VSS979-N-138-2024,NACIONAL,HARINA DE MAIZ HARI MASA,APB,ADJUDICADO,,,ADJUDICACIÓN DIRECTA,ADQUISICIONES,E-2024-00092742,"008VSS979 - UNIDAD OPERATIVA DURANGO, ABASTO",DURANGO
1764,AA-08-VSS-008VSS978-N-434-2023,NACIONAL,ABARROTES COMESTIBLES,APB,ADJUDICADO,,,ADJUDICACIÓN DIRECTA,ADQUISICIONES,E-2023-00112691,"008VSS978 - UNIDAD OPERATIVA POZA RICA, ABASTO",VERACRUZ
1765,AA-08-VSS-008VSS013-N-529-2023,NACIONAL,BLANQUEADORES,APB,ADJUDICADO,,,ADJUDICACIÓN DIRECTA,ADQUISICIONES,E-2023-00107922,008VSS013 - GERENCIA REGIONAL OAXACA,OAXACA
1766,AA-12-NBT-012NBT999-N-668-2023,NACIONAL,SERVICIOS PROFESIONALES DE APOYO ADMINISTRATIVO,IMSS-BIENESTAR,ADJUDICADO,,,ADJUDICACIÓN DIRECTA,SERVICIOS,E-2023-00103836,"056AYO936 - DIRECCION DE ADMINISTRACION Y FINANZAS, SUBDIRECCION DE RECURSOS MATERIALES",TAMAULIPAS
1767,AA-11-B01-011B01001-N-1576-2024,NACIONAL,OPERADOR SWITCHER (OPERACIONES TÉCNICAS),ONCETV,ADJUDICADO,,,ADJUDICACIÓN DIRECTA,SERVICIOS,E-2024-00035486,011B01001 - DIRECCION DE ADMINISTRACION Y FINANZAS,CIUDAD DE MÉXICO
1768,AA-07-112-007000997-N-190-2024,NACIONAL,SA12-R018/2024 CONTRATACION DE MANTENIMIENTO PREVENTIVO A SISTEMA DE DIGESTION,SEDENA,ADJUDICADO,,,ADJUDICACIÓN DIRECTA,SERVICIOS,E-2024-00030666,007000997 - SUBDIRECCIÓN DE ADQUISICIONES,PUEBLA
1769,AA-11-B00-011B00001-N-2533-2024,NACIONAL,PRESTACIÓN DE SERVICIOS PROFESIONALES ESIQIE-PSP-332-2024,IPN,ADJUDICADO,,,ADJUDICACIÓN DIRECTA,SERVICIOS,E-2024-00032523,011B00001 - DIRECCION DE RECURSOS MATERIALES E INFRAESTRUCTURA,CIUDAD DE MÉXICO
1770,AA-48-410-048410003-N-1048-2024,NACIONAL,SERVICIOS PROFESIONALES CONSISTENTES EN APOYAR A LA DIRECCIÓN GENERAL DE LA FONO,CULTURA,ADJUDICADO,,,ADJUDICACIÓN DIRECTA,SERVICIOS,E-2024-00033557,048410003 - DEPARTAMENTO DE COMITE,CIUDAD DE MÉXICO
1771,AA-50-GYR-050GYR091-N-32-2024,NACIONAL,SERVICIO DE REPARACIÓN DE DOMO ACRÍLICO Y SUSTITUCIÓN DE LUMINARIAS,IMSS,ADJUDICADO,,,ADJUDICACIÓN DIRECTA,SERVICIOS,E-2024-00032670,"050GYR091 - UMAE HOSPITAL DE TRAUMATOLOGIA Y ORTOPEDIA DE PUEBLA, OFICINA DE ADQUISICIONES",PUEBLA
1772,AA-11-L4J-011L4J999-N-344-2025,NACIONAL,SERVICIO DE LIMPIEZA ESPECIALIZADA (A 25 LABORATORIOS),CINVESTAV,ADJUDICADO,,,ADJUDICACIÓN DIRECTA,SERVICIOS,E-2025-00039522,011L4J999 - SUBDIRECCION DE RECURSOS MATERIALES,CIUDAD DE MÉXICO
1773,AA-08-VSS-008VSS996-N-74-2025,NACIONAL,ABARROTES COMESTIBLES,APB,ADJUDICADO,,,ADJUDICACIÓN DIRECTA,ADQUISICIONES,E-2025-00042824,008VSS996 - SUBGERENCIA DE U.O.TUXTLA ABASTO,CHIAPAS
1774,AA-06-A00-006A00997-N-157-2025,NACIONAL,03-24-447  SERVICIOS PROFESIONALES PARA LA ELABORACION DEL AVALUO,INDAABIN,ADJUDICADO,,,ADJUDICACIÓN DIRECTA,SERVICIOS,E-2025-00039795,006A00997 - DIRECCIÓN GENERAL DE AVALÚOS Y OBRAS,CIUDAD DE MÉXICO
1775,AA-11-L4J-011L4J999-N-489-2023,NACIONAL,MANTENIMIENTO EN EDIFICIO DE FÍSICA,CINVESTAV,ADJUDICADO,,,ADJUDICACIÓN DIRECTA,SERVICIOS,E-2023-00096101,011L4J999 - SUBDIRECCION DE RECURSOS MATERIALES,CIUDAD DE MÉXICO
1776,AA-11-B01-011B01001-N-2490-2023,NACIONAL,MANIPULADOR DE MARIONETAS A,ONCETV,ADJUDICADO,,,ADJUDICACIÓN DIRECTA,SERVICIOS,E-2023-00095191,011B01001 - DIRECCION DE ADMINISTRACION Y FINANZAS,CIUDAD DE MÉXICO
1777,AA-13-J3A-013J3A001-N-218-2023,NACIONAL,SERVICIO DE MANTENIMIENTO Y CONSERVACIÓN AL SISTEMA DE MOTORIZACIÓN DE PERSIANAS,	ASIPONA-LÁZARO CÁRDENAS,ADJUDICADO,,,ADJUDICACIÓN DIRECTA,SERVICIOS,E-2023-00095176,013J3A001 - LAZARO CARDENAS-GERENCIA DE ADMINISTRACION Y FINANZAS,MICHOACÁN DE OCAMPO
1778,AA-06-A00-006A00997-N-4166-2023,NACIONAL,04-23-1768   SERVICIOS PROFESIONALES PARA LA ELABORACIÓN DE AVALÚOS,INDAABIN,ADJUDICADO,,,ADJUDICACIÓN DIRECTA,SERVICIOS,E-2023-00096221,006A00997 - DIRECCIÓN GENERAL DE AVALÚOS Y OBRAS,CIUDAD DE MÉXICO
1779,AA-15-412-015000999-N-1151-2024,NACIONAL,PRESTADOR DE SERVICIOS,SEDATU,ADJUDICADO,,,ADJUDICACIÓN DIRECTA,SERVICIOS,E-2024-00054379,015000999 - DIRECCION GENERAL DE RECURSOS MATERIALES Y SERVICIOS GENERALES,CIUDAD DE MÉXICO
1780,AA-11-B00-011B00001-N-3896-2024,NACIONAL,PROVEEDOR DE SERVICIOS,IPN,ADJUDICADO,,,ADJUDICACIÓN DIRECTA,SERVICIOS,E-2024-00051593,011B00001 - DIRECCION DE RECURSOS MATERIALES E INFRAESTRUCTURA,CIUDAD DE MÉXICO
1781,AA-06-A00-006A00997-N-716-2024,NACIONAL,01-22-1331   SERVICIOS PROFESIONALES PARA LA ELABORACION DEL AVALUO,INDAABIN,ADJUDICADO,,,ADJUDICACIÓN DIRECTA,SERVICIOS,E-2024-00054559,006A00997 - DIRECCIÓN GENERAL DE AVALÚOS Y OBRAS,CIUDAD DE MÉXICO
1782,AA-47-AYO-047AYO954-N-17-2023,NACIONAL,CONTRATACIÓN DE SERVICIOS DE PRODUCCIÓN ALA CAMPAÑA IMSS-BIENESTAR,IMSS-BIENESTAR,ADJUDICADO,,,ADJUDICACIÓN DIRECTA,SERVICIOS,E-2023-00118277,056AYO954 - COORDINACIÓN DE SERVICIOS DE ADMINISTRACIÓN,CIUDAD DE MÉXICO
1783,AA-08-VSS-008VSS990-N-605-2023,NACIONAL,ABARROTES COMESTIBLES,APB,ADJUDICADO,,,ADJUDICACIÓN DIRECTA,ADQUISICIONES,E-2023-00119021,"008VSS990 - GERENCIA REGIONAL HIDALGO, SUBGERENCIA DE ABASTO",HIDALGO
1784,AA-08-VSS-008VSS986-N-316-2023,NACIONAL,ABARROTES COMESTIBLES,APB,ADJUDICADO,,,ADJUDICACIÓN DIRECTA,ADQUISICIONES,E-2023-00114228,008VSS986 - SUBGERENCIA DE U.O. SONORA ABASTO,SONORA
1785,AA-08-VSS-008VSS013-N-1011-2023,NACIONAL,AZUCAR ESTANDAR,APB,ADJUDICADO,,,ADJUDICACIÓN DIRECTA,ADQUISICIONES,E-2023-00120074,008VSS013 - GERENCIA REGIONAL OAXACA,OAXACA
1786,AA-08-VSS-008VSS001-N-539-2023,NACIONAL,CHOCOALTEZA INSTANTANEO,APB,ADJUDICADO,,,ADJUDICACIÓN DIRECTA,ADQUISICIONES,E-2023-00114595,008VSS001 - GERENCIA REGIONAL SURESTE,TABASCO
1787,AA-08-VSS-008VSS985-N-450-2023,NACIONAL,ACEITE PATR CHETUMAL,APB,ADJUDICADO,,,ADJUDICACIÓN DIRECTA,ADQUISICIONES,E-2023-00113638,008VSS985 - GERENCIA REGIONAL PENINSULAR,QUINTANA ROO
1788,AA-08-VSS-008VSS978-N-471-2023,NACIONAL,ABARROTES COMESTIBLES,APB,ADJUDICADO,,,ADJUDICACIÓN DIRECTA,ADQUISICIONES,E-2023-00115187,"008VSS978 - UNIDAD OPERATIVA POZA RICA, ABASTO",VERACRUZ
1789,AA-43-240-043240999-N-3-2022,NACIONAL,SERVICIO DE “PLATAFORMA DE FIRMA ELECTRÓNICA AVANZADA”,CRT,ADJUDICADO,,,ADJUDICACIÓN DIRECTA,SERVICIOS,E-2023-00107713,055A00002 - DIRECCION DE PROCEDIMIENTOS DE ADQUISICIONES,CIUDAD DE MÉXICO
1790,AA-50-GYR-050GYR009-N-175-2023,NACIONAL,SERVICIO DE DIAGNOSTICO Y LABORATORIO (PATOLOGIA),IMSS,ADJUDICADO,,,ADJUDICACIÓN DIRECTA,SERVICIOS,E-2023-00109901,050GYR009 - COORDINACION DE ABASTECIMIENTO Y EQUIPAMIENTO,CHIHUAHUA
1791,AA-08-VSS-008VSS006-N-534-2023,NACIONAL,ABARROTES NO COMESTIBLES,APB,ADJUDICADO,,,ADJUDICACIÓN DIRECTA,ADQUISICIONES,E-2023-00107096,008VSS006 - GERENCIA REGIONAL PUEBLA,PUEBLA
1792,AA-12-NBT-012NBT999-N-545-2023,NACIONAL,SERVICIOS PROFESIONALES MÉDICOS,IMSS-BIENESTAR,ADJUDICADO,,,ADJUDICACIÓN DIRECTA,SERVICIOS,E-2023-00104902,"056AYO936 - DIRECCION DE ADMINISTRACION Y FINANZAS, SUBDIRECCION DE RECURSOS MATERIALES",TAMAULIPAS
1793,AA-08-VSS-008VSS996-N-80-2024,NACIONAL,MERCANCIAS GENERALES,APB,ADJUDICADO,,,ADJUDICACIÓN DIRECTA,ADQUISICIONES,E-2024-00033156,008VSS996 - SUBGERENCIA DE U.O.TUXTLA ABASTO,CHIAPAS
1794,AA-11-B00-011B00001-N-2715-2024,NACIONAL,PRESTACION DE SERVICIOS PROFESIONALES QUE REQUIERE LA ENCB,IPN,ADJUDICADO,,,ADJUDICACIÓN DIRECTA,SERVICIOS,E-2024-00036220,011B00001 - DIRECCION DE RECURSOS MATERIALES E INFRAESTRUCTURA,CIUDAD DE MÉXICO
1795,AA-11-B00-011B00001-N-348-2023,NACIONAL,PRESTACION DE SERVICIOS PROFESIONALES QUE REQUIERE LA ENCB,IPN,ADJUDICADO,,,ADJUDICACIÓN DIRECTA,SERVICIOS,E-2023-00009558,011B00001 - DIRECCION DE RECURSOS MATERIALES E INFRAESTRUCTURA,CIUDAD DE MÉXICO
1796,AA-48-L6U-048L6U001-N-253-2023,NACIONAL,SERVICIO DE ELABORACIÓN DE CONTRATOS DE DIVERSAS MODALIDADES,CECUT,ADJUDICADO,,,ADJUDICACIÓN DIRECTA,SERVICIOS,E-2023-00011222,048L6U001 - GERENCIA DE RECURSOS MATERIALES,BAJA CALIFORNIA
1797,AA-48-410-048410003-N-569-2023,NACIONAL,"PRESTAR SERVICIOS PROFESIONALES EN EL SISTEMA NACIONAL DE FOMENTO MUSICAL, COADY",CULTURA,ADJUDICADO,,,ADJUDICACIÓN DIRECTA,SERVICIOS,E-2023-00010226,048410003 - DEPARTAMENTO DE COMITE,CIUDAD DE MÉXICO
1798,AA-08-151-008000969-N-2-2023,NACIONAL,"SERVICIO INTEGRAL DE APOYO, SUPERVISIÓN  Y SEGUIMIENTO A LA OPERACIÓN  PROGRAMAS",SADER,ADJUDICADO,,,ADJUDICACIÓN DIRECTA,SERVICIOS,E-2023-00011573,008000969 - OFICINA DE REPRESENTACIÓN EN YUCATÁN,YUCATÁN
1799,AA-11-B00-011B00001-N-369-2023,NACIONAL,SERVICIOS PROFESIONALES PARA LA ESIME UNIDAD ZACATENCO,IPN,ADJUDICADO,,,ADJUDICACIÓN DIRECTA,SERVICIOS,E-2023-00010933,011B00001 - DIRECCION DE RECURSOS MATERIALES E INFRAESTRUCTURA,CIUDAD DE MÉXICO
1800,AA-06-HAT-006HAT001-N-5-2023,NACIONAL,SEGURIDAD Y VIGILANCIA INTRAMUROS Y PERIMETRAL,FOCIR,ADJUDICADO,,,ADJUDICACIÓN DIRECTA,SERVICIOS,E-2023-00011507,006HAT001 - UNIDAD DE ADMINISTRACIÓN Y FINANZAS,CIUDAD DE MÉXICO
1801,AA-06-GSA-006GSA001-N-15-2023,NACIONAL,CONSEJERO INDEPENDIENTE DEL CONSEJO DE ADMINISTRACIÓN,AGROASEMEX,ADJUDICADO,,,ADJUDICACIÓN DIRECTA,SERVICIOS,E-2023-00010779,"006GSA001 - UNIDAD DE ADMINISTRACIÓN Y FINANZAS, DIRECCIÓN DE ADMINISTRACIÓN",QUERÉTARO
1802,AA-11-B01-011B01001-N-2719-2024,NACIONAL,DISEÑADOR / ANIMADOR C,ONCETV,ADJUDICADO,,,ADJUDICACIÓN DIRECTA,SERVICIOS,E-2024-00072067,011B01001 - DIRECCION DE ADMINISTRACION Y FINANZAS,CIUDAD DE MÉXICO
1803,AA-51-GYN-051GYN901-T-45-2024,INTERNACIONAL BAJO LA COBERTURA DE TRATADOS,ADQUISICIÓN DE MATERIAL DE OSTEOSÍNTESIS,ISSSTE,ADJUDICADO,,,ADJUDICACIÓN DIRECTA,ADQUISICIONES,E-2024-00075048,051GYN901 - SUBDIRECCION ADMINISTRATIVA,MORELOS
1804,AA-18-T0Q-018T0Q002-N-51-2024,NACIONAL,SERVICIO MANTENIMIENTO A LA CANCELERÍA DE LAS INSTALACIONES DEL INSTITUTO NACION,ININ,ADJUDICADO,,,ADJUDICACIÓN DIRECTA,SERVICIOS,E-2024-00078368,018T0Q002 - SERVICIOS GENERALES,MÉXICO
1805,AA-51-GYN-051GYN033-N-72-2024,NACIONAL,SERVICIOS DE FUMIGACION,ISSSTE,ADJUDICADO,,,ADJUDICACIÓN DIRECTA,SERVICIOS,E-2024-00075849,051GYN033 - DEPARTAMENTO DE RECURSOS MATERIALES Y OBRAS,OAXACA
1806,AA-12-NBG-012NBG003-I-384-2024,INTERNACIONAL ABIERTO,RM-AF-0846/24,HIM,ADJUDICADO,,,ADJUDICACIÓN DIRECTA,ADQUISICIONES,E-2024-00067351,012NBG003 - SUBDIRECCION DE RECURSOS MATERIALES,CIUDAD DE MÉXICO
1807,AA-38-90W-03890W999-N-13-2023,NACIONAL,SERVICIOS INTEGRALES DE APOYO ADMINISTRATIVO EN EL DEPARTAMENTO DE SERVICIOS GEN,CIESAS,ADJUDICADO,,,ADJUDICACIÓN DIRECTA,SERVICIOS,E-2023-00027348,"03890W999 - DIRECCION DE ADMINISTRACION, DEPARTAMENTO DE SERVICIOS GENERALES",CIUDAD DE MÉXICO
1808,AA-12-NBT-012NBT999-N-166-2023,NACIONAL,SERVICIOS PROFESIONALES MEDICOS,IMSS-BIENESTAR,ADJUDICADO,,,ADJUDICACIÓN DIRECTA,SERVICIOS,E-2023-00027385,"056AYO936 - DIRECCION DE ADMINISTRACION Y FINANZAS, SUBDIRECCION DE RECURSOS MATERIALES",TAMAULIPAS
1809,AA-50-GYR-050GYR058-N-147-2023,NACIONAL,N147 ADJUDICACION DIRECTA DE MTTO A CORTINAS Y PERSIANAS,IMSS,ADJUDICADO,,,ADJUDICACIÓN DIRECTA,SERVICIOS,E-2023-00024900,"050GYR058 - UMAE HOSPITAL DE ESPECIALIDADES NO. 1 CMN BAJIO, DEPARTAMENTO DE ABASTECIMIENTO",GUANAJUATO
1810,AA-08-VSS-008VSS980-N-462-2023,NACIONAL,PRODUCTOS DIVERSOS,APB,ADJUDICADO,,,ADJUDICACIÓN DIRECTA,ADQUISICIONES,E-2023-00114603,008VSS980 - UNIDAD OPERATIVA GUERRERO - ABASTO,GUERRERO
1811,AA-08-VSS-008VSS974-N-573-2023,NACIONAL,ALIMENTO PARA GANADO,APB,ADJUDICADO,,,ADJUDICACIÓN DIRECTA,ADQUISICIONES,E-2023-00115469,008VSS974 - UNIDAD OPERATIVA COAHUILA,COAHUILA DE ZARAGOZA
1812,AA-08-VSS-008VSS983-N-598-2023,NACIONAL,ABARROTES COMESTIBLES,APB,ADJUDICADO,,,ADJUDICACIÓN DIRECTA,ADQUISICIONES,E-2023-00114275,008VSS983 - DIRECCIÓN DE COMERCIALIZACIÓN,MÉXICO
1813,AA-51-GYN-051GYN022-N-45-2023,NACIONAL,ADQUISICIÓN DE PAPELERIA Y ÚTILES DE OFICINA,ISSSTE,ADJUDICADO,,,ADJUDICACIÓN DIRECTA,ADQUISICIONES,E-2023-00118155,051GYN022 - DEPARTAMENTO DE RECURSOS MATERIALES Y OBRAS,TLAXCALA
1814,AA-08-VSS-008VSS992-N-330-2023,NACIONAL,ABARROTES NO COMESTIBLES,APB,ADJUDICADO,,,ADJUDICACIÓN DIRECTA,ADQUISICIONES,E-2023-00117567,"008VSS992 - GERENCIA REGIONAL OCCIDENTAL, ABASTO",JALISCO
1815,AA-08-VSS-008VSS975-N-290-2023,NACIONAL,ABARROTES COMESTIBLES,APB,ADJUDICADO,,,ADJUDICACIÓN DIRECTA,ADQUISICIONES,E-2023-00115997,"008VSS975 - UNIDAD OPERATIVA CAMPECHE, OPERACIONES Y ABASTO",CAMPECHE
1816,AA-50-GYR-050GYR008-N-38-2024,NACIONAL,LA-N16-2024 MANTENIMIENTO A EQUIPOS MEDICOS DEL HGR 18 Y HGZ 3 PARA 2024,IMSS,ADJUDICADO PARCIAL,,,ADJUDICACIÓN DIRECTA,SERVICIOS,E-2023-00116022,050GYR008 - OFICINA DE ADQUISICION DE BIENES Y CONTRATACION DE SERVICIOS,QUINTANA ROO
1817,AA-11-B01-011B01001-N-212-2026,NACIONAL,COORDINADOR DE VALIDACIÓN EDITORIAL,ONCETV,ADJUDICADO,,,ADJUDICACIÓN DIRECTA,SERVICIOS,E-2025-00107745,011B01001 - DIRECCION DE ADMINISTRACION Y FINANZAS,CIUDAD DE MÉXICO
1818,AA-12-NCH-012NCH001-N-39-2025,NACIONAL,PRESTACIÓN DE SERVICIOS PROFESIONALES DE SALUD EN APOYO A LA SUBDIRECCIÓN DE REC,INMEGEN,ADJUDICADO,,,ADJUDICACIÓN DIRECTA,SERVICIOS,E-2025-00027517,012NCH001 - DIRECCIÓN DE ADMINISTRACIÓN,CIUDAD DE MÉXICO
1819,AA-08-VSS-008VSS985-N-83-2025,NACIONAL,SAL REFINADA SOL,APB,ADJUDICADO,,,ADJUDICACIÓN DIRECTA,ADQUISICIONES,E-2025-00039306,008VSS985 - GERENCIA REGIONAL PENINSULAR,YUCATÁN
1820,AA-08-VSS-008VSS991-N-125-2025,NACIONAL,HARINA DE MAIZ,APB,ADJUDICADO,,,ADJUDICACIÓN DIRECTA,ADQUISICIONES,E-2025-00038747,"008VSS991 - UNIDAD OPERATIVA SAN LUIS POTOSÍ, SUBGERENCIA DE LA UNIDAD OPERATIVA",SAN LUIS POTOSÍ
1821,AA-11-L4J-011L4J990-N-6-2023,NACIONAL,SERVICIOS PROFESIONALES POR HONORARIOS DE MARIA DEL ROCIO RAZO BELTRAN,CINVESTAV,ADJUDICADO,,,ADJUDICACIÓN DIRECTA,SERVICIOS,E-2023-00002375,011L4J990 - UNIDAD DE GENOMICA AVANZADA,GUANAJUATO
1822,AA-06-G2T-006G2T002-N-65-2023,NACIONAL,SERVICIO DE AGUA,CMM,ADJUDICADO,,,ADJUDICACIÓN DIRECTA,SERVICIOS,E-2023-00001779,006G2T002 - DIRECCIÓN CORPORATIVA DE ADMINSITRACIÓN,SAN LUIS POTOSÍ
1823,AA-48-E00-048E00995-N-184-2023,NACIONAL,GESTIÓN INTERNA PARA LA INTEGRACIÓN DE EXPEDIENTES Y BASES DE DATOS,INBAL,ADJUDICADO,,,ADJUDICACIÓN DIRECTA,SERVICIOS,E-2023-00001686,048E00995 - DIRECCION DE RECURSOS MATERIALES,CIUDAD DE MÉXICO
1824,AA-06-A00-006A00997-N-666-2025,NACIONAL,04-24-987  SERVICIOS PROFESIONALES PARA LA ELABORACION DEL AVALUO,INDAABIN,ADJUDICADO,,,ADJUDICACIÓN DIRECTA,SERVICIOS,E-2025-00041176,006A00997 - DIRECCIÓN GENERAL DE AVALÚOS Y OBRAS,CIUDAD DE MÉXICO
1825,AA-08-VSS-008VSS980-N-27-2025,NACIONAL,AZUCAR ESTANDAR ENVASADA CUCURUMBE,APB,ADJUDICADO,,,ADJUDICACIÓN DIRECTA,ADQUISICIONES,E-2025-00038782,008VSS980 - UNIDAD OPERATIVA GUERRERO - ABASTO,GUERRERO
1826,AA-48-E00-048E00995-N-713-2025,NACIONAL,"REVISIÓN, INSTALACIÓN  Y CONFIGURACIÓN DE LA RED DEL INSTITUTO.",INBAL,ADJUDICADO,,,ADJUDICACIÓN DIRECTA,SERVICIOS,E-2025-00038171,048E00995 - DIRECCION DE RECURSOS MATERIALES,CIUDAD DE MÉXICO
1827,AA-08-VSS-008VSS980-N-57-2025,NACIONAL,PRODUCTOS DIVERSOS,APB,ADJUDICADO,,,ADJUDICACIÓN DIRECTA,ADQUISICIONES,E-2025-00040302,008VSS980 - UNIDAD OPERATIVA GUERRERO - ABASTO,GUERRERO
1828,AA-75-T31-916018974-N-5-2025,NACIONAL,"SERVICIO 10,000KM NISSAN VERSA PUL-683-D SERIE 3N1CN8AE8RL905676",075T31,ADJUDICADO,,,ADJUDICACIÓN DIRECTA,SERVICIOS,E-2025-00039223,916018974 - DELEGACIÓN ADMINISTRATIVA,MICHOACÁN DE OCAMPO
1829,AA-06-A00-006A00997-N-407-2025,NACIONAL,04-24-610 SERVICIOS PROFESIONALES PARA LA ELABORACIÓN DEL AVALÚO,INDAABIN,ADJUDICADO,,,ADJUDICACIÓN DIRECTA,SERVICIOS,E-2025-00040568,006A00997 - DIRECCIÓN GENERAL DE AVALÚOS Y OBRAS,CIUDAD DE MÉXICO
1830,AA-08-271-008000976-N-7-2025,NACIONAL,SERV/SADER/GRO/MAY/2025/02/MTTO,SADER,ADJUDICADO,,,ADJUDICACIÓN DIRECTA,SERVICIOS,E-2025-00040616,008000976 - DELEGACIÓN ESTATAL GUERRERO,GUERRERO
1831,AA-15-412-015000999-N-1204-2024,NACIONAL,PRESTADOR DE SERVICIOS,SEDATU,ADJUDICADO,,,ADJUDICACIÓN DIRECTA,SERVICIOS,E-2024-00058337,015000999 - DIRECCION GENERAL DE RECURSOS MATERIALES Y SERVICIOS GENERALES,CIUDAD DE MÉXICO
1832,AA-50-GYR-050GYR011-I-102-2024,INTERNACIONAL ABIERTO,AD-049-24 BIENES TERAPEUTICOS,IMSS,ADJUDICADO,,,ADJUDICACIÓN DIRECTA,ADQUISICIONES,E-2024-00056695,050GYR011 - COORDINACION DE ABASTECIMIENTO Y EQUIPAMIENTO,YUCATÁN
1833,AA-11-B01-011B01001-N-2032-2023,NACIONAL,REDACTOR.-,ONCETV,ADJUDICADO,,,ADJUDICACIÓN DIRECTA,SERVICIOS,E-2023-00092054,011B01001 - DIRECCION DE ADMINISTRACION Y FINANZAS,CIUDAD DE MÉXICO
1834,AA-18-TON-018TON999-N-121-2023,NACIONAL,ARRENDAMIENTO DEL DERECHO DE USO DEL LICENCIAMIENTO DEL SOFTWARE DE DISEÑO,CENAGAS,ADJUDICADO,,,ADJUDICACIÓN DIRECTA,ARRENDAMIENTOS,E-2023-00092329,"018TON999 - UNIDAD DE ADMINISTRACION Y FINANZAS, DIRECCION EJECUTIVA DE RECURSOS MATERIALES",CIUDAD DE MÉXICO
1835,AA-11-B00-011B00001-N-4700-2023,NACIONAL,SUBCONTRATACIÓN DE SERVICIOS CON TERCEROS,IPN,ADJUDICADO,,,ADJUDICACIÓN DIRECTA,SERVICIOS,E-2023-00090309,011B00001 - DIRECCION DE RECURSOS MATERIALES E INFRAESTRUCTURA,CIUDAD DE MÉXICO
1836,AA-20-128-020000011-N-30-2024,NACIONAL,ADQUISICION DE VALES IMPRESOS DE COMBUSTIBLE,BIENESTAR,ADJUDICADO,,,ADJUDICACIÓN DIRECTA,ADQUISICIONES,E-2024-00045869,020000011 - DELEGACION CHIHUAHUA,CHIHUAHUA
1837,AA-11-B00-011B00001-N-4543-2024,NACIONAL,CONTRATACIÓN DE SERVICIOS PROFESIONALES PARA ESIME AZCAPOTZALCO,IPN,ADJUDICADO,,,ADJUDICACIÓN DIRECTA,SERVICIOS,E-2024-00046382,011B00001 - DIRECCION DE RECURSOS MATERIALES E INFRAESTRUCTURA,CIUDAD DE MÉXICO
1838,AA-08-VSS-008VSS996-N-146-2024,NACIONAL,ABARROTES NO COMESTIBLES,APB,ADJUDICADO,,,ADJUDICACIÓN DIRECTA,ADQUISICIONES,E-2024-00047739,008VSS996 - SUBGERENCIA DE U.O.TUXTLA ABASTO,CHIAPAS
1839,AA-51-GYN-051GYN042-N-69-2024,NACIONAL,TALLER DE MANUALIDADES CCRCO ISSSTE GUANAJUATO,ISSSTE,ADJUDICADO,,,ADJUDICACIÓN DIRECTA,SERVICIOS,E-2024-00045861,051GYN042 - DELEGACION ESTATAL GUANAJUATO,GUANAJUATO
1840,AA-12-NDF-012NDF999-N-209-2024,NACIONAL,"PEDIDO MENOR 177 BIO PRODUCTS LABORATORY MEXICO, S. DE R.L. DE C.V.",INR,ADJUDICADO,,,ADJUDICACIÓN DIRECTA,ADQUISICIONES,E-2024-00044617,012NDF999 - SUBDIRECCION DE COMPRAS Y SUMINISTROS,CIUDAD DE MÉXICO
1841,AA-47-AYB-047AYB004-N-4-2024,NACIONAL,SERVICIO DE VIGILANCIA,INPI,ADJUDICADO,,,ADJUDICACIÓN DIRECTA,SERVICIOS,E-2024-00046558,047AYB004 - OFICINA DE REPRESENTACION EN OAXACA,OAXACA
1842,AA-08-VSS-008VSS986-N-136-2024,NACIONAL,ABARROTES COMESTIBLES,APB,ADJUDICADO,,,ADJUDICACIÓN DIRECTA,ADQUISICIONES,E-2024-00055276,008VSS986 - SUBGERENCIA DE U.O. SONORA ABASTO,SONORA
1843,AA-51-GYN-051GYN035-N-81-2023,NACIONAL,ARRENDAMIENTO DEL INMUEBLE PARA LA UNIDAD DE MEDICINA FAMILIAR PARA EL MUNICIPIO,ISSSTE,ADJUDICADO,,,ADJUDICACIÓN DIRECTA,ARRENDAMIENTOS,E-2024-00089912,"051GYN035 - DELEGACION TABASCO, SUBDELEGACION DE ADMINISTRACION",TABASCO
1844,AA-72-006-913018952-N-69-2024,NACIONAL,ANALISIS JURIDICO LABORAL CON ESPECIALIDAD DE ANDMINISTRACIÓN LABORAL,CABAEH,ADJUDICADO,,,ADJUDICACIÓN DIRECTA,SERVICIOS,E-2025-00001440,913018952 - DIRECCIÓN DE SERVICIOS ADMINISTRATIVOS,HIDALGO
1845,AA-72-006-913018952-N-81-2024,NACIONAL,UTENSILIOS DE COCINA,CABAEH,ADJUDICADO,,,ADJUDICACIÓN DIRECTA,ADQUISICIONES,E-2025-00006949,913018952 - DIRECCIÓN DE SERVICIOS ADMINISTRATIVOS,HIDALGO
1846,AA-08-VSS-008VSS013-N-74-2025,NACIONAL,ABARROTES COMESTIBLES,APB,ADJUDICADO,,,ADJUDICACIÓN DIRECTA,ADQUISICIONES,E-2025-00096999,008VSS013 - GERENCIA REGIONAL OAXACA,OAXACA
1847,AA-08-VSS-008VSS968-N-126-2025,NACIONAL,MEZCLA LECHE C/GRASA VEG. RED. EN GRASA,APB,ADJUDICADO,,,ADJUDICACIÓN DIRECTA,ADQUISICIONES,E-2025-00094034,008VSS968 - UNIDAD OPERATIVA TAPACHULA ABASTO,CHIAPAS
1848,AA-81-019-922010998-N-29-2025,NACIONAL,SESEQ ADF 021 2025 PARTIDA PRESUPUESTAL 5253031 MEDICINAS Y PRODUCTOS FARMACÉUTI,SESA,ADJUDICADO,,,ADJUDICACIÓN DIRECTA,ADQUISICIONES,E-2025-00096526,922010998 - DIRECCIÓN DE ADQUISICIONES,QUERÉTARO
1849,AA-07-HZK-007HZK999-N-85-2024,NACIONAL,REFACCIONES AÉREAS PARA LAS AERONAVES B737-800 AOG,AEM,ADJUDICADO,,,ADJUDICACIÓN DIRECTA,ADQUISICIONES,E-2025-00097923,007HZK999 - DIRECCIÓN DE ADMINISTRACIÓN Y FINANZAS,MÉXICO
1850,AA-48-E00-048E00995-N-417-2024,NACIONAL,"COADYUVAR EN LA CONSERVACIÓN DE OBRAS ARTÍSTICAS, PERTENECIENTES A VARIOS AUTORE",INBAL,ADJUDICADO,,,ADJUDICACIÓN DIRECTA,SERVICIOS,E-2024-00010636,048E00995 - DIRECCION DE RECURSOS MATERIALES,CIUDAD DE MÉXICO
1851,AA-38-91E-03891E999-N-4-2024,NACIONAL,SERVICIO DE ENERGÍA ELÉCTRICA DURANTE EL EJERCICIO FISCAL 2024 CON LA COMISIÓN F,ECOSUR,ADJUDICADO,,,ADJUDICACIÓN DIRECTA,SERVICIOS,E-2024-00008713,03891E999 - SUBDIRECCION DE RECURSOS MATERIALES Y SERVICIOS GENERALES,CHIAPAS
1852,AA-15-412-015000999-N-528-2025,NACIONAL,PRESTADOR DE SERVICIOS,SEDATU,ADJUDICADO,,,ADJUDICACIÓN DIRECTA,SERVICIOS,E-2025-00042387,015000999 - DIRECCION GENERAL DE RECURSOS MATERIALES Y SERVICIOS GENERALES,CIUDAD DE MÉXICO
1853,AA-08-A1I-008A1I001-N-15-2025,NACIONAL,RENTA DE CENTRO DE CONVENCIONES MAZATLAN (MIC),CHAPINGO,ADJUDICADO,,,ADJUDICACIÓN DIRECTA,SERVICIOS,E-2025-00044205,"008A1I001 - DIRECCIÓN GENERAL DE ADMINISTRACIÓN, SUBDIRECCIÓN DE RECURSOS MATERIALES",MÉXICO
1854,AA-06-A00-006A00997-N-589-2025,NACIONAL,01-24-1737 SERVICIOS PROFESIONALES PARA LA ELABORACIÓN DEL AVALUO,INDAABIN,ADJUDICADO,,,ADJUDICACIÓN DIRECTA,SERVICIOS,E-2025-00040968,006A00997 - DIRECCIÓN GENERAL DE AVALÚOS Y OBRAS,CIUDAD DE MÉXICO
1855,AA-48-E00-048E00995-N-768-2025,NACIONAL,"SERVICIOS INTEGRALES CONSISTENTES EN EL MONTAJE, AJUSTES, AUTOMATIZACIÓN Y ENCUA",INBAL,ADJUDICADO,,,ADJUDICACIÓN DIRECTA,SERVICIOS,E-2025-00044267,048E00995 - DIRECCION DE RECURSOS MATERIALES,CIUDAD DE MÉXICO
1856,AA-08-VSS-008VSS990-N-152-2024,NACIONAL,ABARROTES COMESTIBLES,APB,ADJUDICADO,,,ADJUDICACIÓN DIRECTA,ADQUISICIONES,E-2024-00059413,"008VSS990 - GERENCIA REGIONAL HIDALGO, SUBGERENCIA DE ABASTO",HIDALGO
1857,AA-38-91S-03891S999-N-134-2024,NACIONAL,PASEOS CULTURALES,MORA,ADJUDICADO,,,ADJUDICACIÓN DIRECTA,SERVICIOS,E-2024-00066973,03891S999 - DIR. ADMON. Y FINANZAS - DEPARTAMENTO DE RECURSOS MATERIALES Y SERVICIOS GENERALES,CIUDAD DE MÉXICO
1858,AA-08-VSS-008VSS013-N-303-2024,NACIONAL,ABARROTES COMESTIBLES,APB,ADJUDICADO,,,ADJUDICACIÓN DIRECTA,ADQUISICIONES,E-2024-00062098,008VSS013 - GERENCIA REGIONAL OAXACA,OAXACA
1859,AO-38-9ZY-0389ZY999-N-4-2024,NACIONAL,MANTENIMIENTO PREVENTIVO Y CORRECTIVO,CIAD,ADJUDICADO,,,ADJUDICACIÓN DIRECTA,OBRA PÚBLICA,E-2024-00066913,0389ZY999 - DIRECCION ADMINISTRATIVA,SONORA
1860,AA-51-GYN-051GYN048-N-32-2023,NACIONAL,CONTRATO DE INSTRUCTOR DE NATACION,ISSSTE,ADJUDICADO,,,ADJUDICACIÓN DIRECTA,SERVICIOS,E-2023-00011224,"051GYN048 - REPRESENTACION ESTATAL NAYARIT, SUBDELEGACION DE ADMINISTRACION",NAYARIT
1861,AO-51-GYN-051GYN001-N-35-2023,NACIONAL,APOYO TÉCNICO PARA LA REVISIÓN Y EJECUCIÓN DE PROYECTOS DE INGENIERÍA ELÉCTRICA,ISSSTE,ADJUDICADO,,,ADJUDICACIÓN DIRECTA,SERVICIOS RELACIONADOS CON LA OBRA,E-2023-00012206,051GYN001 - SUBDIRECCION DE OBRAS Y CONTRATACION,CIUDAD DE MÉXICO
1862,AA-11-B00-011B00001-N-673-2023,NACIONAL,CONTRATACION DE SERVICIOS PROFESIONALES ESIME CULHUACAN,IPN,ADJUDICADO,,,ADJUDICACIÓN DIRECTA,SERVICIOS,E-2023-00014648,011B00001 - DIRECCION DE RECURSOS MATERIALES E INFRAESTRUCTURA,CIUDAD DE MÉXICO
1863,AA-09-712-009000987-N-8-2023,NACIONAL,ASEGURAMIENTO INTEGRAL DE BIENES PATRIMONIALES,SICT,ADJUDICADO,,,ADJUDICACIÓN DIRECTA,SERVICIOS,E-2023-00013860,009000987 - DIRECCIÓN GENERAL DE RECURSOS MATERIALES,CIUDAD DE MÉXICO
1864,AA-20-134-020000025-N-11-2025,NACIONAL,MATERTAL DE LIMPIEZA,BIENESTAR,ADJUDICADO,,,ADJUDICACIÓN DIRECTA,ADQUISICIONES,E-2025-00048123,020000025 - DELEGACION JALISCO,JALISCO
1865,AA-13-312-013000999-N-494-2024,NACIONAL,NAC 13-0466/24  REQ 880 EDOM0056/24 MANTENIMIENTO Y CONSERVACION DE MAQUINARIA Y,SEMAR,ADJUDICADO,,,ADJUDICACIÓN DIRECTA,SERVICIOS,E-2024-00054180,013000999 - DIRECCION GENERAL ADJUNTA DE ADQUISICIONES,CIUDAD DE MÉXICO
1866,AO-13-J3C-013J3C002-N-7-2024,NACIONAL,"ESTUDIOS DE MECÁNICA DE SUELOS, DE POZO A CIELO ABIERTO (PCA).",ASIPONA-PUERTO CHIAPAS,ADJUDICADO,,,ADJUDICACIÓN DIRECTA,SERVICIOS RELACIONADOS CON LA OBRA,E-2024-00049980,013J3C002 - PUERTO CHIAPAS-GERENCIA DE OPERACIONES E INGENIERIA,CHIAPAS
1867,AA-06-712-006000998-N-4-2025,NACIONAL,“ADMINISTRACIÓN DE EQUIPO DE CÓMPUTO Y PERIFÉRICOS (AECP)”,SHCP,ADJUDICADO,,,ADJUDICACIÓN DIRECTA,SERVICIOS,E-2025-00006781,006000998 - COORDINACIÓN DE ADQUISICIONES Y CONTRATACIÓN DE SERVICIOS,CIUDAD DE MÉXICO
1868,AA-13-312-013000999-N-1147-2024,NACIONAL,NAC 13-1186/24 REQ 1655 CEMENAV161 MATERIALES ACCESORIOS Y SUMINISTROS MEDICOS,SEMAR,ADJUDICADO,,,ADJUDICACIÓN DIRECTA,ADQUISICIONES,E-2024-00092295,013000999 - DIRECCION GENERAL ADJUNTA DE ADQUISICIONES,CIUDAD DE MÉXICO
1869,AA-09-J9E-009J9E001-N-137-2023,NACIONAL,SERVICIO INTEGRAL DE LIMPIEZA,SEPOMEX,ADJUDICADO,,,ADJUDICACIÓN DIRECTA,SERVICIOS,E-2023-00126402,055J9E001 - SUBDIRECCIÓN DE RECURSOS MATERIALES,COLIMA
1870,AA-08-VSS-008VSS016-N-911-2023,NACIONAL,FLAN PRONTO VAINILLA C/CARAMELO,APB,ADJUDICADO,,,ADJUDICACIÓN DIRECTA,ADQUISICIONES,E-2023-00121488,008VSS016 - GERENCIA REGIONAL GOLFO,VERACRUZ
1871,AA-08-VSS-008VSS992-N-393-2023,NACIONAL,ABARROTES   COMESTIBLES,APB,ADJUDICADO,,,ADJUDICACIÓN DIRECTA,ADQUISICIONES,E-2023-00125000,"008VSS992 - GERENCIA REGIONAL OCCIDENTAL, ABASTO",JALISCO
1872,AA-50-GYR-050GYR049-T-343-2023,INTERNACIONAL BAJO LA COBERTURA DE TRATADOS,AA-UMAE- DVFN-2023 MEDICAMENTO Y MATERIAL DE CURACIÓN,IMSS,ADJUDICADO,,,ADJUDICACIÓN DIRECTA,ADQUISICIONES,E-2023-00124664,"050GYR049 - UMAE DR. VICTORIO DE LA FUENTE NARVAEZ CIUDAD DE MEXICO, DIRECCION",CIUDAD DE MÉXICO
1873,AA-06-A00-006A00997-N-4979-2023,NACIONAL,03-23-670    SERVICIOS PROFESIONALES PARA LA ELABORACIÓN DEL AVALÚO,INDAABIN,ADJUDICADO,,,ADJUDICACIÓN DIRECTA,SERVICIOS,E-2023-00119674,006A00997 - DIRECCIÓN GENERAL DE AVALÚOS Y OBRAS,CIUDAD DE MÉXICO
1874,AA-85-X28-926016949-N-69-2024,NACIONAL,PRESTACIÓN DE SERVICIOS,SEMUJERES,ADJUDICADO,,,ADJUDICACIÓN DIRECTA,SERVICIOS,E-2024-00110047,926016949 - COORDINACION EJECUTIVA,SONORA
1875,AA-08-VSS-008VSS008-N-682-2024,NACIONAL,ABARROTES COMESTIBLES,APB,ADJUDICADO,,,ADJUDICACIÓN DIRECTA,ADQUISICIONES,E-2024-00088518,008VSS008 - SUBGERENCIA OPERACIONES REGIONAL NORTE CENTRO,CHIHUAHUA
1876,AA-86-X75-927006974-N-319-2024,NACIONAL,33603.-SERVICIO DE IMPRESION DE DOCUMENTOS OFICIALES PARA LA PRESTACION DE SERV,SSALUDTAB,ADJUDICADO,,,ADJUDICACIÓN DIRECTA,SERVICIOS,E-2025-00008486,927006974 - DIRECCIÓN DE RECURSOS MATERIALES,TABASCO
1877,AA-50-GYR-050GYR998-T-1175-2024,INTERNACIONAL BAJO LA COBERTURA DE TRATADOS,ABTA24ES04060477 L.M.S.,IMSS,ADJUDICADO,,,ADJUDICACIÓN DIRECTA,SERVICIOS,E-2025-00008516,"050GYR998 - UMAE, HOSPITAL DE ESPECIALIDADES, C.M.N. SIGLO XXI",CIUDAD DE MÉXICO
1878,AA-91-Z52-932041982-N-13-2024,NACIONAL,SERVICIO DE APLICACIÓN DE PINTURA VINILICA EN MUROS DEL EMSAD HACIENDA NUEVA,CECYTEZ,ADJUDICADO,,,ADJUDICACIÓN DIRECTA,ADQUISICIONES,E-2024-00100516,932041982 - DIRECCIÓN GENERAL,ZACATECAS
1879,AA-15-412-015000999-N-1739-2024,NACIONAL,PRESTADOR DE SERVICIOS,SEDATU,ADJUDICADO,,,ADJUDICACIÓN DIRECTA,SERVICIOS,E-2024-00114484,015000999 - DIRECCION GENERAL DE RECURSOS MATERIALES Y SERVICIOS GENERALES,CIUDAD DE MÉXICO
1880,AA-13-J2X-013J2X001-N-5-2025,NACIONAL,APOYO A LA GERENCIA DE ADMINISTRACIÓN Y FINANZAS EN LOS TRABAJOS MENORES,ASIPONA-Tuxpan,ADJUDICADO,,,ADJUDICACIÓN DIRECTA,SERVICIOS,E-2025-00008007,013J2X001 - TUXPAN-GERENCIA DE ADMINISTRACION Y FINANZAS,VERACRUZ
1881,AA-11-B00-011B00001-N-4203-2024,NACIONAL,SERVICIO DE MANTENIMIENTO DEL PISO EN EL AREA DE ARCHIVO MUERTO,IPN,ADJUDICADO,,,ADJUDICACIÓN DIRECTA,SERVICIOS,E-2024-00049583,011B00001 - DIRECCION DE RECURSOS MATERIALES E INFRAESTRUCTURA,CIUDAD DE MÉXICO
1882,AA-27-514-027000002-N-235-2023,NACIONAL,CINCO AL MILLAR DGTI DC-1258-2023,SABG,ADJUDICADO,,,ADJUDICACIÓN DIRECTA,SERVICIOS,E-2023-00067302,027000002 - DIRECCION GENERAL DE RECURSOS MATERIALES Y SERVICIOS GENERALES,CIUDAD DE MÉXICO
1883,AA-48-410-048410003-N-1615-2023,NACIONAL,"SERVICIOS PROFESIONALES CONSISTENTES EN COADYUVAR EN LA INTEGRACIÓN, REVISIÓN",CULTURA,ADJUDICADO,,,ADJUDICACIÓN DIRECTA,SERVICIOS,E-2023-00067780,048410003 - DEPARTAMENTO DE COMITE,CIUDAD DE MÉXICO
1884,AA-08-VSS-008VSS016-N-1547-2023,NACIONAL,ACEITE MIXTO PATRONA,APB,ADJUDICADO,,,ADJUDICACIÓN DIRECTA,ADQUISICIONES,E-2023-00126421,008VSS016 - GERENCIA REGIONAL GOLFO,VERACRUZ
1885,AA-08-VSS-008VSS977-N-452-2023,NACIONAL,ABARROTES COMESTIBLES,APB,ADJUDICADO,,,ADJUDICACIÓN DIRECTA,ADQUISICIONES,E-2023-00116323,"008VSS977 - UNIDAD OPERATIVA NAYARIT, ABASTO",NAYARIT
1886,AA-08-VSS-008VSS975-N-248-2023,NACIONAL,ABARROTES NO COMESTIBLES,APB,ADJUDICADO,,,ADJUDICACIÓN DIRECTA,ADQUISICIONES,E-2023-00115683,"008VSS975 - UNIDAD OPERATIVA CAMPECHE, OPERACIONES Y ABASTO",CAMPECHE
1887,AA-06-A00-006A00997-N-5344-2023,NACIONAL,01-23-1405    SERVICIOS PROFESIONALES PARA LA ELABORACIÓN DEL AVALÚO,INDAABIN,ADJUDICADO,,,ADJUDICACIÓN DIRECTA,SERVICIOS,E-2023-00126613,006A00997 - DIRECCIÓN GENERAL DE AVALÚOS Y OBRAS,CIUDAD DE MÉXICO
1888,AA-08-VSS-008VSS016-N-552-2023,NACIONAL,HARINA DE MAIZ,APB,ADJUDICADO,,,ADJUDICACIÓN DIRECTA,ADQUISICIONES,E-2023-00118703,008VSS016 - GERENCIA REGIONAL GOLFO,VERACRUZ
1889,AA-08-VSS-008VSS980-N-317-2024,NACIONAL,PRODUCTOS DIVERSOS,APB,ADJUDICADO,,,ADJUDICACIÓN DIRECTA,ADQUISICIONES,E-2024-00089036,008VSS980 - UNIDAD OPERATIVA GUERRERO - ABASTO,GUERRERO
1890,AA-86-X67-927001975-N-22-2024,NACIONAL,21102 - EQUIPOS MENORES REGISTRO CIVIL,086X67,ADJUDICADO,,,ADJUDICACIÓN DIRECTA,ADQUISICIONES,E-2024-00091034,927001975 - UNIDAD DE ADMINISTRACIÓN Y FINANZAS,TABASCO
1891,AA-47-AYO-047AYO925-N-18-2024,NACIONAL,SERVICIO DE TRASLADOS DE PACIENTES,IMSS-BIENESTAR,ADJUDICADO,,,ADJUDICACIÓN DIRECTA,SERVICIOS,E-2024-00092261,056AYO925 - COORDINACIÓN ESTATAL DEL IMSS-BIENESTAR EN QUINTANA ROO,QUINTANA ROO
1892,AA-06-A00-006A00997-N-2287-2024,NACIONAL,02-24-155   SERVICIOS PROFESIONALES PARA LA ELABORACIÓN DEL AVALÚO,INDAABIN,ADJUDICADO,,,ADJUDICACIÓN DIRECTA,SERVICIOS,E-2024-00091672,006A00997 - DIRECCIÓN GENERAL DE AVALÚOS Y OBRAS,CIUDAD DE MÉXICO
1893,AA-50-GYR-050GYR031-I-173-2024,INTERNACIONAL ABIERTO,ADQUISICION DE MEDICAMENTOS,IMSS,ADJUDICADO,,,ADJUDICACIÓN DIRECTA,ADQUISICIONES,E-2024-00080031,050GYR031 - COORDINACION DE ABASTECIMIENTO Y EQUIPAMIENTO,SONORA
1894,AA-08-VSS-008VSS992-N-306-2024,NACIONAL,ABARROTES COMESTIBLES,APB,ADJUDICADO,,,ADJUDICACIÓN DIRECTA,ADQUISICIONES,E-2024-00080089,"008VSS992 - GERENCIA REGIONAL OCCIDENTAL, ABASTO",JALISCO
1895,AA-08-VSS-008VSS969-N-184-2024,NACIONAL,ABARROTES COMESTIBLES,APB,ADJUDICADO,,,ADJUDICACIÓN DIRECTA,ADQUISICIONES,E-2024-00073690,008VSS969 - UNIDAD OPERATIVA ORIZABA,VERACRUZ
1896,AA-13-J3A-013J3A001-N-192-2024,NACIONAL,"SERVICIO DE ALIMENTOS, PARA LA CUARTA REUNIÓN INFORMATIVA ABRIL.",	ASIPONA-LÁZARO CÁRDENAS,ADJUDICADO,,,ADJUDICACIÓN DIRECTA,SERVICIOS,E-2024-00068553,013J3A001 - LAZARO CARDENAS-GERENCIA DE ADMINISTRACION Y FINANZAS,MICHOACÁN DE OCAMPO
1897,AA-04-E2D-004E2D001-N-272-2024,NACIONAL,SERVICIO DE RENOVACIÓN DE LA LICENCIA DE LA SUITE DE ADOBE,TGM,ADJUDICADO,,,ADJUDICACIÓN DIRECTA,SERVICIOS,E-2024-00080577,004E2D001 - GERENCIA DE ABASTECIMIENTOS,CIUDAD DE MÉXICO
1898,AA-08-VSS-008VSS998-N-782-2024,NACIONAL,MAIZ BLANCO,APB,ADJUDICADO,,,ADJUDICACIÓN DIRECTA,ADQUISICIONES,E-2024-00080406,008VSS998 - DIRECCIÓN COMERCIAL,CIUDAD DE MÉXICO
1899,AA-12-M7F-012M7F001-I-4-2024,INTERNACIONAL ABIERTO,LA-012M7B997-E115-2022  -  2024,INPSIQ,ADJUDICADO,,,ADJUDICACIÓN DIRECTA,ADQUISICIONES,E-2023-00016985,012M7F001 - SUBDIRECCION DE RECURSOS MATERIALES,CIUDAD DE MÉXICO
1900,AA-12-NCD-012NCD002-N-10-2023,NACIONAL,SERVICIO DE MANTENIMIENTO PREVENTIVO Y CORRECTIVO A GRÚAS MECÁNICAS PARA MOVILIZ,INER,ADJUDICADO,,,ADJUDICACIÓN DIRECTA,SERVICIOS,E-2023-00018021,012NCD002 - SUBDIRECCION DE SERVICIOS GENERALES,CIUDAD DE MÉXICO
1901,AA-50-GYR-050GYR013-T-50-2023,INTERNACIONAL BAJO LA COBERTURA DE TRATADOS,ADQUISICION DE UNA CLAVE DE MEDICAMENTO,IMSS,ADJUDICADO,,,ADJUDICACIÓN DIRECTA,ADQUISICIONES,E-2023-00019479,050GYR013 - COORDINACION DE ABASTECIMIENTO Y EQUIPAMIENTO,OAXACA
1902,AA-08-VSS-008VSS016-N-1016-2023,NACIONAL,HARINA DE MAIZ NIXTAMALIZADO BLANCA,APB,ADJUDICADO,,,ADJUDICACIÓN DIRECTA,ADQUISICIONES,E-2023-00122168,008VSS016 - GERENCIA REGIONAL GOLFO,VERACRUZ
1903,AA-70-039-911005999-N-139-2023,NACIONAL,MANTENIMIENTO CORRECTIVO A COMPRESOR DE AIRE DENTAL DEL CAISES COMONFORT,ISAPEG,ADJUDICADO,,,ADJUDICACIÓN DIRECTA,SERVICIOS,E-2023-00115272,911005999 - DIRECCIÓN DE RECURSOS MATERIALES Y SERVICIOS GENERALES,GUANAJUATO
1904,AA-08-VSS-008VSS008-N-485-2023,NACIONAL,GALLETAS VARIAS,APB,ADJUDICADO,,,ADJUDICACIÓN DIRECTA,ADQUISICIONES,E-2023-00083720,008VSS008 - SUBGERENCIA OPERACIONES REGIONAL NORTE CENTRO,CHIHUAHUA
1905,AA-72-065-913082945-N-12-2024,NACIONAL,ARTÍCULOS DEPORTIVOS,SECGOB,ADJUDICADO,,,ADJUDICACIÓN DIRECTA,ADQUISICIONES,E-2024-00077222,913082945 - COMISIÓN DE BÚSQUEDA DE PERSONAS DEL ESTADO DE HIDALGO,HIDALGO
1906,AA-51-GYN-051GYN005-N-392-2024,NACIONAL,SERVICIO DE TRANSMISIÓN DE SPOTS RADIOFÓNICOS DE 30 SEGUNDOS DE DURACIÓN PARA LA,ISSSTE,ADJUDICADO,,,ADJUDICACIÓN DIRECTA,SERVICIOS,E-2024-00075339,051GYN005 - SUBDIRECCION DE RECURSOS MATERIALES Y SERVICIOS,CIUDAD DE MÉXICO
1907,AA-08-VSS-008VSS978-N-139-2024,NACIONAL,MERCANCIAS GENERALES,APB,ADJUDICADO,,,ADJUDICACIÓN DIRECTA,ADQUISICIONES,E-2024-00075412,"008VSS978 - UNIDAD OPERATIVA POZA RICA, ABASTO",VERACRUZ
1908,AA-48-410-048410003-N-1321-2025,NACIONAL,"SERVICIOS PROFESIONALES CONSISTENTES EN DESARROLLAR LA CURADURÍA DEL PROYECTO ""F",CULTURA,ADJUDICADO,,,ADJUDICACIÓN DIRECTA,SERVICIOS,E-2025-00095064,048410003 - DEPARTAMENTO DE COMITE,CIUDAD DE MÉXICO
1909,AA-48-E00-048E00995-N-1187-2025,NACIONAL,"PRESTACIÓN DE SERVICIOS PROFESIONALES COMO MÉDICO DURANTE LOS FINES DE SEMANA,",INBAL,ADJUDICADO,,,ADJUDICACIÓN DIRECTA,SERVICIOS,E-2025-00088065,048E00995 - DIRECCION DE RECURSOS MATERIALES,CIUDAD DE MÉXICO
1910,AA-08-VSS-008VSS983-N-169-2026,NACIONAL,ABARROTES COMESTIBLES,APB,ADJUDICADO,,,ADJUDICACIÓN DIRECTA,ADQUISICIONES,E-2026-00036246,"008VSS983 - ALIMENTACIÓN PARA EL BIENESTAR-UNIDAD OPERATIVA ESTADO DE MÉXICO, ABASTO",MÉXICO
1911,AA-51-GYN-051GYN005-N-280-2026,NACIONAL,SERVICIO DE OXIGENO MEDICINAL PARA LOS DERECHOHABIENTES DEL INSTITUTO DE SEGURID,ISSSTE,ADJUDICADO,,,ADJUDICACIÓN DIRECTA,SERVICIOS,E-2026-00036412,051GYN005 - SUBDIRECCION DE RECURSOS MATERIALES Y SERVICIOS,CIUDAD DE MÉXICO
1912,AA-27-830-027000002-N-349-2026,NACIONAL,"SERVICIOS DE INSPECCIÓN, CONTROL Y VIGILANCIA DGACP",SABG,ADJUDICADO,,,ADJUDICACIÓN DIRECTA,SERVICIOS,E-2026-00027753,027000002 - DIRECCIÓN GENERAL DE RECURSOS MATERIALES Y SERVICIOS GENERALES,CIUDAD DE MÉXICO
1913,AA-13-312-013000999-N-1493-2023,NACIONAL,NAC 13-1554/23 REQ 2136 CEMENAV301/23 MATERIALES ACCESORIOS Y SUMINISTROS DE LAB,SEMAR,ADJUDICADO,,,ADJUDICACIÓN DIRECTA,ADQUISICIONES,E-2023-00128613,013000999 - DIRECCION GENERAL ADJUNTA DE ADQUISICIONES,CIUDAD DE MÉXICO
1914,AA-04-E2D-004E2D001-N-267-2023,NACIONAL,SERVICIO DE MAQUINARIA,TGM,ADJUDICADO,,,ADJUDICACIÓN DIRECTA,SERVICIOS,E-2023-00128808,004E2D001 - GERENCIA DE ABASTECIMIENTOS,CIUDAD DE MÉXICO
1915,AO-11-MDE-011MDE998-N-32-2023,NACIONAL,TRABAJOS PARA RESTABLECER LOS SERVICIOS BÁSICOS EN GENERAL DE API,INIFED,ADJUDICADO,,,ADJUDICACIÓN DIRECTA,OBRA PÚBLICA,E-2023-00131236,011MDE998 - SUBGERENCIA DE PRESUPUESTOS Y CONTRATACION,CIUDAD DE MÉXICO
1916,AA-08-AFU-008AFU999-N-11-2024,NACIONAL,CONTRATACIÓN DE SERVICIOS DE APOYO PARA LA DIEPROC.,CONADESUCA,ADJUDICADO,,,ADJUDICACIÓN DIRECTA,SERVICIOS,E-2023-00133855,008AFU999 - DIRECCIÓN DE ADMINISTRACIÓN,CIUDAD DE MÉXICO
1917,AA-08-VSS-008VSS016-N-1799-2023,NACIONAL,CHILE JALAPEÑO,APB,ADJUDICADO,,,ADJUDICACIÓN DIRECTA,ADQUISICIONES,E-2023-00128624,008VSS016 - GERENCIA REGIONAL GOLFO,VERACRUZ
1918,AA-48-410-048410003-N-522-2024,NACIONAL,SERVICIOS PROFESIONALES CONSISTENTES EN APOYAR AL ÁREA DE PROMOCIÓN Y DIFUSIÓN D,CULTURA,ADJUDICADO,,,ADJUDICACIÓN DIRECTA,SERVICIOS,E-2024-00017940,048410003 - DEPARTAMENTO DE COMITE,CIUDAD DE MÉXICO
1919,AO-89-Y24-930007995-N-72-2024,NACIONAL,AO-89-Y24-930007995-N-72-2024,SIOPVER,ADJUDICADO,,,ADJUDICACIÓN DIRECTA,OBRA PÚBLICA,E-2024-00019292,930007995 - UNIDAD DE LICITACIONES,VERACRUZ
1920,AA-51-GYN-051GYN005-N-135-2024,NACIONAL,“SERVICIO INTEGRAL DE ENDOSCOPÍA DEL TUBO DIGESTIVO EN LAS UNIDADES MÉDICAS,ISSSTE,ADJUDICADO,,,ADJUDICACIÓN DIRECTA,SERVICIOS,E-2024-00020557,051GYN005 - SUBDIRECCION DE RECURSOS MATERIALES Y SERVICIOS,CIUDAD DE MÉXICO
1921,AA-06-HAT-006HAT001-N-11-2024,NACIONAL,SERVICIO DE SEGURIDAD Y VIGILANCIA INTRAMUROS Y PERIMETRAL PARA PREDIOS ADJUDICA,FOCIR,ADJUDICADO,,,ADJUDICACIÓN DIRECTA,SERVICIOS,E-2024-00022716,006HAT001 - UNIDAD DE ADMINISTRACIÓN Y FINANZAS,CIUDAD DE MÉXICO
1922,AA-06-A00-006A00997-N-2530-2025,NACIONAL,03-25-12   SERVICIOS PROFESIONALES PARA LA ELABORCIÓN DE AVALÚOS,INDAABIN,ADJUDICADO,,,ADJUDICACIÓN DIRECTA,SERVICIOS,E-2025-00068910,006A00997 - DIRECCIÓN GENERAL DE AVALÚOS Y OBRAS,CIUDAD DE MÉXICO
1923,AA-47-AYO-047AYO951-N-61-2025,NACIONAL,SERVICIO MÉDICO SUBROGADO DE IMÁGEN ESPECIALIZADA,IMSS-BIENESTAR,ADJUDICADO,,,ADJUDICACIÓN DIRECTA,SERVICIOS,E-2025-00071963,056AYO951 - COORDINACIÓN ESTATAL EN LA CIUDAD DE MÉXICO,CIUDAD DE MÉXICO
1924,AA-11-L4J-011L4J994-N-74-2025,NACIONAL,SERVICIO DE MANTENIMIENTO MENOR DEL AUDITORIO CINVESTAV QUERETARO,CINVESTAV,ADJUDICADO,,,ADJUDICACIÓN DIRECTA,SERVICIOS,E-2025-00073909,011L4J994 - UNIDAD QUERÉTARO,QUERÉTARO
1925,AA-15-412-015000999-N-321-2023,NACIONAL,PRESTADOR DE SERVICIOS,SEDATU,ADJUDICADO,,,ADJUDICACIÓN DIRECTA,SERVICIOS,E-2023-00013027,015000999 - DIRECCION GENERAL DE RECURSOS MATERIALES Y SERVICIOS GENERALES,CIUDAD DE MÉXICO
1926,AA-11-L6W-011L6W001-N-28-2023,NACIONAL,SERVICIO DE VIGILANCIA C.T. BAJA CALIFORNIA,CONAFE,ADJUDICADO,,,ADJUDICACIÓN DIRECTA,SERVICIOS,E-2023-00012368,"011L6W001 - DIRECCION DE ADMINISTRACION Y FINANZAS, SUBDIRECCION DE RECURSOS MATERIALES",BAJA CALIFORNIA
1927,AA-11-B00-011B00001-N-244-2025,NACIONAL,PRESTACIÓN DE SERVICIOS PROFESIONALES QUE REQUIERE LA ESTACIÓN DE RADIODIFUSIÓN,IPN,ADJUDICADO,,,ADJUDICACIÓN DIRECTA,SERVICIOS,E-2025-00020738,011B00001 - DIRECCION DE RECURSOS MATERIALES E INFRAESTRUCTURA,CIUDAD DE MÉXICO
1928,AA-48-L9Y-048L9Y001-N-47-2025,NACIONAL,SERVICIO DE ATENCIÓN AL PÚBLICO DÍGITO IDENTIFICADOR 16,FICINE,ADJUDICADO,,,ADJUDICACIÓN DIRECTA,SERVICIOS,E-2025-00021599,048L9Y001 - DIRECCION DE ADMINISTRACION Y FINANZAS,CIUDAD DE MÉXICO
1929,AA-16-B00-016B00040-N-7-2025,NACIONAL,SERVICIO INTEGRAL DE LIMPIEZA PARA LOS INMUEBLES DE LA DIRECCION LOCAL TABASCO,CONAGUA,ADJUDICADO,,,ADJUDICACIÓN DIRECTA,SERVICIOS,E-2025-00023607,016B00040 - DIRECCION LOCAL TABASCO,TABASCO
1930,AA-04-E2D-004E2D001-N-66-2025,NACIONAL,PAPEL EXTENDIDO,TGM,ADJUDICADO,,,ADJUDICACIÓN DIRECTA,ADQUISICIONES,E-2025-00024023,004E2D001 - GERENCIA DE ABASTECIMIENTOS,CIUDAD DE MÉXICO
1931,AA-08-VSS-008VSS991-N-456-2024,NACIONAL,HARINA DE MAIZ,APB,ADJUDICADO,,,ADJUDICACIÓN DIRECTA,ADQUISICIONES,E-2024-00091198,"008VSS991 - UNIDAD OPERATIVA SAN LUIS POTOSÍ, SUBGERENCIA DE LA UNIDAD OPERATIVA",SAN LUIS POTOSÍ
1932,AA-08-VSS-008VSS983-N-53-2023,NACIONAL,ABAROTES COMESTIBLES,APB,ADJUDICADO,,,ADJUDICACIÓN DIRECTA,ADQUISICIONES,E-2023-00027824,008VSS983 - DIRECCIÓN DE COMERCIALIZACIÓN,MÉXICO
1933,AA-12-NBG-012NBG003-I-126-2023,INTERNACIONAL ABIERTO,RM-AF-0512/23,HIM,ADJUDICADO,,,ADJUDICACIÓN DIRECTA,ADQUISICIONES,E-2023-00029771,012NBG003 - SUBDIRECCION DE RECURSOS MATERIALES,CIUDAD DE MÉXICO
1934,AA-27-514-027000002-N-70-2023,NACIONAL,DC-952-2023,SABG,ADJUDICADO,,,ADJUDICACIÓN DIRECTA,SERVICIOS,E-2023-00029110,027000002 - DIRECCION GENERAL DE RECURSOS MATERIALES Y SERVICIOS GENERALES,CIUDAD DE MÉXICO
1935,AA-11-B00-011B00001-N-2158-2023,NACIONAL,PRESTADOR DE SERVICIOS PROFESIONALES,IPN,ADJUDICADO,,,ADJUDICACIÓN DIRECTA,SERVICIOS,E-2023-00029765,011B00001 - DIRECCION DE RECURSOS MATERIALES E INFRAESTRUCTURA,CIUDAD DE MÉXICO
1936,AA-51-GYN-051GYN010-N-55-2023,NACIONAL,SERVICIO MANTTO PREVENTIVO Y CORRECTIVO EQPO MEDICO,ISSSTE,ADJUDICADO PARCIAL,,,ADJUDICACIÓN DIRECTA,SERVICIOS,E-2023-00034262,051GYN010 - SUBDIRECCION DE CONSERVACION Y MANTENIMIENTO,CIUDAD DE MÉXICO
1937,AO-48-D00-048D00004-N-70-2023,NACIONAL,"INTERVENCIÓN DEL INMUEBLE TEMPLO DE LA VIRGEN DE ASUNCIÓN DE MARÍA, OAXACA",INAH,ADJUDICADO,,,ADJUDICACIÓN DIRECTA,OBRA PÚBLICA,E-2023-00033234,048D00004 - COORDINACION NACIONAL DE OBRAS Y PROYECTOS,CIUDAD DE MÉXICO
1938,AA-06-A00-006A00997-N-1612-2025,NACIONAL,03-24-981  SERVICIOS PROFESIONALES PARA LA ELABORACION DEL AVALUO,INDAABIN,ADJUDICADO,,,ADJUDICACIÓN DIRECTA,SERVICIOS,E-2025-00053231,006A00997 - DIRECCIÓN GENERAL DE AVALÚOS Y OBRAS,CIUDAD DE MÉXICO
1939,AA-08-VSS-008VSS979-N-119-2025,NACIONAL,ALIMENTOS VARIOS,APB,ADJUDICADO,,,ADJUDICACIÓN DIRECTA,ADQUISICIONES,E-2025-00039539,"008VSS979 - UNIDAD OPERATIVA DURANGO, ABASTO",DURANGO
1940,AA-16-B00-016B00029-N-9-2025,NACIONAL,MANTENIMIENTO PREVENTIVO Y CORRECTIVO A EQUIPOS DE AIRE ACONDICIONADO OCFS.,CONAGUA,ADJUDICADO,,,ADJUDICACIÓN DIRECTA,SERVICIOS,E-2025-00051694,"016B00029 - ORGANISMO DE CUENCA FRONTERA SUR, DIRECCION DE ADMINISTRACION",CHIAPAS
1941,AA-11-L4J-011L4J999-N-699-2025,NACIONAL,MICROCENTRIFUGA REFRIGERADA DE ALTA VELOCIDAD  MC-24R CON ROTOR COMBINADO,CINVESTAV,ADJUDICADO,,,ADJUDICACIÓN DIRECTA,ADQUISICIONES,E-2025-00079619,011L4J999 - SUBDIRECCION DE RECURSOS MATERIALES,CIUDAD DE MÉXICO
1942,AA-12-NBT-012NBT999-N-275-2023,NACIONAL,REQ RM 98 2023 MAT CIRUGIA CARDIACA,IMSS-BIENESTAR,ADJUDICADO,,,ADJUDICACIÓN DIRECTA,ADQUISICIONES,E-2023-00059774,"056AYO936 - DIRECCION DE ADMINISTRACION Y FINANZAS, SUBDIRECCION DE RECURSOS MATERIALES",TAMAULIPAS
1943,AA-11-B01-011B01001-N-1580-2023,NACIONAL,PROGRAMADOR,ONCETV,ADJUDICADO,,,ADJUDICACIÓN DIRECTA,SERVICIOS,E-2023-00058907,011B01001 - DIRECCION DE ADMINISTRACION Y FINANZAS,CIUDAD DE MÉXICO
1944,AA-08-VSS-008VSS008-N-361-2023,NACIONAL,S A  LV A D O,APB,ADJUDICADO,,,ADJUDICACIÓN DIRECTA,ADQUISICIONES,E-2023-00060952,008VSS008 - SUBGERENCIA OPERACIONES REGIONAL NORTE CENTRO,CHIHUAHUA
1945,AA-08-VSS-008VSS997-N-28-2023,NACIONAL,"MANTENIMIENTO PREVENTIVO Y CORRECTIVO MONTACARGAS ZACATECAS, MONTERREY Y SLP",APB,ADJUDICADO,,,ADJUDICACIÓN DIRECTA,SERVICIOS,E-2023-00061283,008VSS997 - GERENCIA REGIÓN CENTRO NORTE,ZACATECAS
1946,AA-11-L4J-011L4J995-N-339-2025,NACIONAL,"7494 1 KIT PARA CONSTRUIR CUADRICOPTERO FLY MORE COMBO INCLUYE 4 MOTORES, 3 BATE",CINVESTAV,ADJUDICADO,,,ADJUDICACIÓN DIRECTA,ADQUISICIONES,E-2025-00076130,011L4J995 - SUBDIRECCION DE RECURSOS MATERIALES,CIUDAD DE MÉXICO
1947,AA-51-GYN-051GYN061-N-108-2025,NACIONAL,SERVICIOS DE FLETES Y MANIOBRAS (HUEJUTLA),ISSSTE,ADJUDICADO,,,ADJUDICACIÓN DIRECTA,ADQUISICIONES,E-2025-00086798,"051GYN061 - DELEGACION ESTATAL HIDALGO, DEPARTAMENTO DE RECURSOS MATERIALES Y OBRAS",HIDALGO
1948,AA-51-GYN-051GYN031-N-49-2025,NACIONAL,SUMINISTRO E INSTALACION DE SOPLADOR GARNER TENEVER CON MANTENIMIENTO CORRECTIVO,ISSSTE,ADJUDICADO,,,ADJUDICACIÓN DIRECTA,SERVICIOS,E-2025-00078583,051GYN031 - DELEGACION ESTATAL DEL ISSSTE EN YUCATAN,YUCATÁN
1949,AA-08-VSS-008VSS998-N-574-2025,NACIONAL,GRANOS A GRANEL,APB,ADJUDICADO,,,ADJUDICACIÓN DIRECTA,ADQUISICIONES,E-2025-00086079,008VSS998 - DIRECCIÓN COMERCIAL,CIUDAD DE MÉXICO
1950,AA-08-VSS-008VSS990-N-18-2026,NACIONAL,ABARROTES COMESTIBLES,APB,ADJUDICADO,,,ADJUDICACIÓN DIRECTA,ADQUISICIONES,E-2026-00010128,008VSS990 - ALIMENTACIÓN PARA EL BIENESTAR - UNIDAD OPERATIVA HIDALGO ABASTO,HIDALGO
1951,AA-15-412-015000999-N-42-2026,NACIONAL,PRESTADOR DE SERVICIOS,SEDATU,ADJUDICADO,,,ADJUDICACIÓN DIRECTA,SERVICIOS,E-2026-00011363,015000999 - DIRECCION GENERAL DE RECURSOS MATERIALES Y SERVICIOS GENERALES,CIUDAD DE MÉXICO
1952,AA-49-830-049000975-N-76-2025,NACIONAL,SERVICIO TESTIGO SOCIAL ARRENDAMIENTO DE VEHÍCULOS,FGR,ADJUDICADO,,,ADJUDICACIÓN DIRECTA,SERVICIOS,E-2025-00031956,049000975 - DIRECCION DE ADQUISICIONES,CIUDAD DE MÉXICO
1953,AA-11-B00-011B00001-N-4926-2023,NACIONAL,ESIQIE/CAPV/SP/2023/5871/3068,IPN,ADJUDICADO,,,ADJUDICACIÓN DIRECTA,SERVICIOS,E-2023-00094724,011B00001 - DIRECCION DE RECURSOS MATERIALES E INFRAESTRUCTURA,CIUDAD DE MÉXICO
1954,AA-51-GYN-051GYN024-N-147-2023,NACIONAL,"MATERIALES, ACCESORIOS Y SUMINISTROS MEDICOS OSTEOSINTESIS",ISSSTE,ADJUDICADO,,,ADJUDICACIÓN DIRECTA,ADQUISICIONES,E-2023-00093671,051GYN024 - COORDINACION DE RECURSOS MATERIALES,SINALOA
1955,AA-51-GYN-051GYN085-N-315-2025,NACIONAL,SERVICIO DE MANTENIMIENTO PREVENTIVO Y CORRECTIVO,ISSSTE,ADJUDICADO,,,ADJUDICACIÓN DIRECTA,SERVICIOS,E-2025-00078644,"051GYN085 - HOSPITAL REGIONAL GRAL. IGNACIO ZARAGOZA, COORDINACION DE RECURSOS MATERIALES",CIUDAD DE MÉXICO
1956,AA-08-VSS-008VSS974-N-65-2025,NACIONAL,HARINA DE MAIZ HARI MASA,APB,ADJUDICADO,,,ADJUDICACIÓN DIRECTA,ADQUISICIONES,E-2025-00083442,008VSS974 - UNIDAD OPERATIVA COAHUILA,COAHUILA DE ZARAGOZA
1957,AA-08-VSS-008VSS999-N-51-2026,NACIONAL,ABARROTES COMESTIBLES,APB,ADJUDICADO,,,ADJUDICACIÓN DIRECTA,ADQUISICIONES,E-2026-00015203,008VSS999 - ALIMENTACIÓN PARA EL BIENESTAR - UNIDAD OPERATIVA NUEVO LEÓN,NUEVO LEÓN
1958,AA-08-VSS-008VSS990-N-473-2023,NACIONAL,ABARROTES COMESTIBLES,APB,ADJUDICADO,,,ADJUDICACIÓN DIRECTA,ADQUISICIONES,E-2023-00084525,"008VSS990 - GERENCIA REGIONAL HIDALGO, SUBGERENCIA DE ABASTO",HIDALGO
1959,AA-50-GYR-050GYR011-I-195-2023,INTERNACIONAL ABIERTO,AD-157-23 BIENES TERAPÉUTICOS,IMSS,ADJUDICADO,,,ADJUDICACIÓN DIRECTA,ADQUISICIONES,E-2023-00084107,050GYR011 - COORDINACION DE ABASTECIMIENTO Y EQUIPAMIENTO,YUCATÁN
1960,AA-10-LAU-010LAU001-N-170-2023,NACIONAL,ADQUISICIÓN DE EQUIPO MULTICUBE 48 SISTEMA ABIERTO DE DIGESTIÓN Y EXTRACCION,SGM,ADJUDICADO,,,ADJUDICACIÓN DIRECTA,ADQUISICIONES,E-2023-00084712,010LAU001 - SUBGERENCIA DE ADQUISICIONES,HIDALGO
1961,AA-06-712-006000998-T-224-2023,INTERNACIONAL BAJO LA COBERTURA DE TRATADOS,"ADQUISICIÓN DE LÁMINAS, CONTRA PLACA Y CHAMBLONES DE GOMA PARA LA PRODUCCIÓN DE",SHCP,ADJUDICADO,,,ADJUDICACIÓN DIRECTA,ADQUISICIONES,E-2023-00084662,006000998 - COORDINACIÓN DE ADQUISICIONES Y CONTRATACIÓN DE SERVICIOS,CIUDAD DE MÉXICO
1962,AA-51-GYN-051GYN030-N-133-2025,NACIONAL,SERVICIOS MÉDICOS SUBROGADOS DE ESPECIALIZACIÓN DE INTERPRETACIÓN EN RESONANCIAS,ISSSTE,ADJUDICADO,,,ADJUDICACIÓN DIRECTA,SERVICIOS,E-2025-00102335,"051GYN030 - DELEGACION ESTATAL DE BAJA CALIFORNIA, DEPARTAMENTO DE RECURSOS MATERIALES Y OBRAS",BAJA CALIFORNIA
1963,AA-38-9ZW-0389ZW002-N-186-2025,NACIONAL,090-RENOVACIÓN LICENCIAMIENTO ADOBE CREATIVE CLOUD Y ACROBAT DC,CICESE,ADJUDICADO,,,ADJUDICACIÓN DIRECTA,SERVICIOS,E-2025-00100256,0389ZW002 - AREA DE SERVICIOS GENERALES,BAJA CALIFORNIA
1964,AA-12-NDY-012NDY001-N-758-2025,NACIONAL,SE REQUIERE CONTRATAR A UN PROFESIONAL CON NIVEL DE LICENCIATURA PARA BRINDAR,INSP,ADJUDICADO,,,ADJUDICACIÓN DIRECTA,SERVICIOS,E-2025-00075051,012NDY001 - DEPARTAMENTO DE SERVICIOS GENERALES Y MANTENIMIENTO,MORELOS
1965,AA-09-111-009000069-N-15-2025,NACIONAL,SERVICIOS DE DIFUSIÓN PARA LAS CAMPAÑAS DE LA SICT 2025,SICT,ADJUDICADO,,,ADJUDICACIÓN DIRECTA,SERVICIOS,E-2025-00075578,009000069 - DIRECCIÓN GENERAL DE COMUNICACIÓN SOCIAL,CIUDAD DE MÉXICO
1966,AA-06-A00-006A00997-N-2771-2025,NACIONAL,02-25-163        SERVICIOS PROFESIONALES PARA LA ELABORACIÓN DEL AVALÚO,INDAABIN,ADJUDICADO,,,ADJUDICACIÓN DIRECTA,SERVICIOS,E-2025-00069971,006A00997 - DIRECCIÓN GENERAL DE AVALÚOS Y OBRAS,CIUDAD DE MÉXICO
1967,AA-11-L4J-011L4J998-N-51-2023,NACIONAL,PÓLIZA SERVICIO DE MANTENIMIENTO PREVENTIVO Y CORRECTIVO PARA MICROSCOPIO ELECTR,CINVESTAV,ADJUDICADO,,,ADJUDICACIÓN DIRECTA,SERVICIOS,E-2023-00048417,011L4J998 - DEPARTAMENTO DE ADQUISICIONES EN IRAPUATO,GUANAJUATO
1968,AA-04-E2D-004E2D001-N-195-2023,NACIONAL,LICENCIA ADOBE,TGM,ADJUDICADO,,,ADJUDICACIÓN DIRECTA,SERVICIOS,E-2023-00048871,004E2D001 - GERENCIA DE ABASTECIMIENTOS,CIUDAD DE MÉXICO
1969,AA-50-GYR-050GYR019-N-148-2023,NACIONAL,SERVICIO TESTIGO SOCIAL PARA EL SERVICIO MÉDICO INTEGRAL DE TRASPLANTES,IMSS,ADJUDICADO,,,ADJUDICACIÓN DIRECTA,SERVICIOS,E-2023-00047675,050GYR019 - DA-UADQ-CABCS-DCAL,CIUDAD DE MÉXICO
1970,AA-48-D00-048D00001-N-257-2023,NACIONAL,SERVICIO TÉCNICO EN APOYO A LA PROPUESTA DE EXCAVACIÓN DEL PROYECTO DE SALVAMENT,INAH,ADJUDICADO,,,ADJUDICACIÓN DIRECTA,SERVICIOS,E-2023-00048424,048D00001 - COORDINACION NACIONAL DE RECURSOS MATERIALES Y SERVICIOS,CIUDAD DE MÉXICO
1971,AA-04-E2D-004E2D001-N-130-2023,NACIONAL,CINTA CELULOSA,TGM,ADJUDICADO,,,ADJUDICACIÓN DIRECTA,ADQUISICIONES,E-2023-00048878,004E2D001 - GERENCIA DE ABASTECIMIENTOS,CIUDAD DE MÉXICO
1972,AA-49-SKC-049SKC999-N-73-2023,NACIONAL,CURSO CARPETA DE INVESTIGACIÓN E IMPUTACIÓN DEL DELITO (08-SO/352/2023),FGR,ADJUDICADO,,,ADJUDICACIÓN DIRECTA,SERVICIOS,E-2023-00082849,049190999 - DIRECCION DE ADMINISTRACION,CIUDAD DE MÉXICO
1973,AA-08-VSS-008VSS979-N-402-2023,NACIONAL,HARINA DE TRIGO,APB,ADJUDICADO,,,ADJUDICACIÓN DIRECTA,ADQUISICIONES,E-2023-00081946,"008VSS979 - UNIDAD OPERATIVA DURANGO, ABASTO",DURANGO
1974,AA-13-J4V-013J4V001-N-95-2023,NACIONAL,"INSTRUCTOR ACADÉMICO PARA FORMACIÓN, ACTUALIZACIÓN Y/O CAPACITACIÓN",FIDENA,ADJUDICADO,,,ADJUDICACIÓN DIRECTA,SERVICIOS,E-2023-00082338,013J4V001 - DIRECCION DE ADMINISTRACION Y FINANZAS,CIUDAD DE MÉXICO
1975,AA-80-U89-921057972-N-3-2025,NACIONAL,COMIDA PARA EL EVENTO,UIEPA,ADJUDICADO,,,ADJUDICACIÓN DIRECTA,ADQUISICIONES,E-2025-00006125,921057972 - CHILCHOTLA-DIRECCIÓN DE ADMINISTRACIÓN Y FINANZAS,PUEBLA
1976,AA-12-NDY-012NDY001-N-642-2024,NACIONAL,SERVICIO DE MANTENIMIENTO PREVENTIVO Y VERIFICACIÓN DE FUNCIONAMIENTO,INSP,ADJUDICADO,,,ADJUDICACIÓN DIRECTA,SERVICIOS,E-2024-00082115,012NDY001 - DEPARTAMENTO DE SERVICIOS GENERALES Y MANTENIMIENTO,MORELOS
1977,AA-06-A00-006A00997-N-387-2025,NACIONAL,01-24-1119    SERVICIOS PROFESIONALES PARA LA ELABORACION DEL AVALUO,INDAABIN,ADJUDICADO,,,ADJUDICACIÓN DIRECTA,SERVICIOS,E-2025-00040541,006A00997 - DIRECCIÓN GENERAL DE AVALÚOS Y OBRAS,CIUDAD DE MÉXICO
1978,AA-06-HKI-006HKI002-N-50-2025,NACIONAL,SUSCRIPCIÓN DE RED HAT RUNTIMES JBOSS Y RED HAT ENTERPRISE LINUX SERVER (RHEL) 2,SHF,ADJUDICADO,,,ADJUDICACIÓN DIRECTA,SERVICIOS,E-2025-00043047,006HKI002 - DIRECCIÓN GENERAL ADJUNTO DE ADMINISTRACIÓN Y OPERACIONES,CIUDAD DE MÉXICO
1979,AA-06-A00-006A00997-N-706-2025,NACIONAL,04-24-1217 SERVICIOS PROFESIONALES PARA LA ELABORACION DEL AVALUO,INDAABIN,ADJUDICADO,,,ADJUDICACIÓN DIRECTA,SERVICIOS,E-2025-00041304,006A00997 - DIRECCIÓN GENERAL DE AVALÚOS Y OBRAS,CIUDAD DE MÉXICO
1980,AA-11-L4J-011L4J999-N-376-2025,NACIONAL,SUMINISTRO DE MATERIAL DE FERRETERÍA PARA CINVESTAV SEDE SUR,CINVESTAV,ADJUDICADO,,,ADJUDICACIÓN DIRECTA,ADQUISICIONES,E-2025-00043271,011L4J999 - SUBDIRECCION DE RECURSOS MATERIALES,CIUDAD DE MÉXICO
1981,AA-50-GYR-050GYR998-T-1503-2024,INTERNACIONAL BAJO LA COBERTURA DE TRATADOS,ABTA24ES04060397 Y.M.L.G.,IMSS,ADJUDICADO,,,ADJUDICACIÓN DIRECTA,SERVICIOS,E-2025-00041952,"050GYR998 - UMAE, HOSPITAL DE ESPECIALIDADES, C.M.N. SIGLO XXI",CIUDAD DE MÉXICO
1982,AA-06-A00-006A00997-N-1664-2025,NACIONAL,03-24-1052   SERVICIOS PROFESCIONALES PARA LA ELABORACION DE AVALUOS.,INDAABIN,ADJUDICADO,,,ADJUDICACIÓN DIRECTA,SERVICIOS,E-2025-00053408,006A00997 - DIRECCIÓN GENERAL DE AVALÚOS Y OBRAS,CIUDAD DE MÉXICO
1983,AA-48-D00-048D00001-N-26-2023,NACIONAL,SERVICIO PROFESIONAL DE ANTROPOLOGO FISICO,INAH,ADJUDICADO,,,ADJUDICACIÓN DIRECTA,SERVICIOS,E-2023-00025027,048D00001 - COORDINACION NACIONAL DE RECURSOS MATERIALES Y SERVICIOS,CIUDAD DE MÉXICO
1984,AA-08-VSS-008VSS990-N-134-2023,NACIONAL,ABARROTES COMESTIBLES,APB,ADJUDICADO,,,ADJUDICACIÓN DIRECTA,ADQUISICIONES,E-2023-00024352,"008VSS990 - GERENCIA REGIONAL HIDALGO, SUBGERENCIA DE ABASTO",HIDALGO
1985,AA-12-NDE-012NDE001-N-88-2023,NACIONAL,"SERVICIOS PROFESIONALES DE MÉDICO SUBESPECIALISTA EN UROLOGÍA GINECOLÓGICA, EMBA",INPER,ADJUDICADO,,,ADJUDICACIÓN DIRECTA,SERVICIOS,E-2023-00024205,012NDE001 - SUBDIRECCION DE RECURSOS MATERIALES Y CONSERVACION,CIUDAD DE MÉXICO
1986,AA-11-B01-011B01001-N-858-2023,NACIONAL,DISEÑADOR CREATIVO,ONCETV,ADJUDICADO,,,ADJUDICACIÓN DIRECTA,SERVICIOS,E-2023-00026186,011B01001 - DIRECCION DE ADMINISTRACION Y FINANZAS,CIUDAD DE MÉXICO
1987,AA-11-B00-011B00001-N-1669-2023,NACIONAL,SERVICIOS PROFESIONALES EN CECYT 7 CUAUHTÉMOC,IPN,ADJUDICADO,,,ADJUDICACIÓN DIRECTA,SERVICIOS,E-2023-00025262,011B00001 - DIRECCION DE RECURSOS MATERIALES E INFRAESTRUCTURA,CIUDAD DE MÉXICO
1988,AA-11-B00-011B00001-N-1759-2023,NACIONAL,"ADQUISCIÓN DE MATERIALES, ACCESORIOS Y SUMINISTROS DE LABORATORIO",IPN,ADJUDICADO,,,ADJUDICACIÓN DIRECTA,ADQUISICIONES,E-2023-00026311,011B00001 - DIRECCION DE RECURSOS MATERIALES E INFRAESTRUCTURA,CIUDAD DE MÉXICO
1989,AA-08-VSS-008VSS984-N-66-2023,NACIONAL,TOALLAS FEMENINAS,APB,ADJUDICADO,,,ADJUDICACIÓN DIRECTA,ADQUISICIONES,E-2023-00025198,"008VSS984 - SUBGERENCIA REGIONAL NOROESTE, UNIDAD OPERATIVA CULIACÁN",SINALOA
1990,AA-38-91S-03891S999-N-124-2025,NACIONAL,132 MANTENIMIENTO BARDAS PLAZA,MORA,ADJUDICADO,,,ADJUDICACIÓN DIRECTA,SERVICIOS,E-2025-00085931,03891S999 - DIR. ADMON. Y FINANZAS - DEPARTAMENTO DE RECURSOS MATERIALES Y SERVICIOS GENERALES,CIUDAD DE MÉXICO
1991,AA-08-VSS-008VSS979-N-304-2025,NACIONAL,PRODUCTOS DIVERSOS,APB,ADJUDICADO,,,ADJUDICACIÓN DIRECTA,ADQUISICIONES,E-2025-00082065,"008VSS979 - UNIDAD OPERATIVA DURANGO, ABASTO",DURANGO
1992,AA-51-GYN-051GYN061-N-86-2025,NACIONAL,SERV. MÉDICOS SUBROGADOS DE ESPECIALIZACIÓN DE MEDICINA FÍSICA Y REHABILITACIÓN,ISSSTE,ADJUDICADO,,,ADJUDICACIÓN DIRECTA,SERVICIOS,E-2025-00084848,"051GYN061 - DELEGACION ESTATAL HIDALGO, DEPARTAMENTO DE RECURSOS MATERIALES Y OBRAS",HIDALGO
1993,AA-50-GYR-050GYR006-N-19-2026,NACIONAL,SERVICIO DE UNIDAD DE CUIDADOS INTENSIVOS A NEONATALES,IMSS,ADJUDICADO,,,ADJUDICACIÓN DIRECTA,SERVICIOS,E-2026-00006163,050GYR006 - COORDINACION DE ABASTECIMIENTO Y EQUIPAMIENTO,PUEBLA
1994,AA-08-VSS-008VSS972-N-332-2026,NACIONAL,ABARROTES COMESTIBLES,APB,ADJUDICADO,,,ADJUDICACIÓN DIRECTA,ADQUISICIONES,E-2026-00007982,008VSS972 - ALIMENTACIÓN PARA EL BIENESTAR - UNIDAD OPERATIVA ACAYUCAN,VERACRUZ
1995,AA-51-GYN-051GYN036-T-6-2026,INTERNACIONAL BAJO LA COBERTURA DE TRATADOS,MATERIAL DE CURACIÓN (0 CENADI),ISSSTE,ADJUDICADO,,,ADJUDICACIÓN DIRECTA,ADQUISICIONES,E-2026-00009825,"051GYN036 - DELEGACION ESTADO DE MEXICO, SUBDELEGACION DE ADMINISTRACION",MÉXICO
1996,AA-08-VSS-008VSS972-N-128-2026,NACIONAL,ABARROTES COMESTIBLES,APB,ADJUDICADO,,,ADJUDICACIÓN DIRECTA,ADQUISICIONES,E-2026-00002383,008VSS972 - UNIDAD OPERATIVA ACAYUCAN,VERACRUZ
1997,AA-08-VSS-008VSS978-N-26-2026,NACIONAL,ABARROTES COMESTIBLES,APB,ADJUDICADO,,,ADJUDICACIÓN DIRECTA,ADQUISICIONES,E-2026-00009880,"008VSS978 - UNIDAD OPERATIVA POZA RICA, ABASTO",VERACRUZ
1998,AA-08-VSS-008VSS013-N-302-2024,NACIONAL,ABARROTES NO COMESTIBLES,APB,ADJUDICADO,,,ADJUDICACIÓN DIRECTA,ADQUISICIONES,E-2024-00062061,008VSS013 - GERENCIA REGIONAL OAXACA,OAXACA
1999,AA-12-NDY-012NDY001-N-526-2024,NACIONAL,REALIZAR EL SEGUIMIENTO DEL AVANCE EN LA APLICACIÓN DEL CUESTIONARIO,INSP,ADJUDICADO,,,ADJUDICACIÓN DIRECTA,SERVICIOS,E-2024-00062763,012NDY001 - DEPARTAMENTO DE SERVICIOS GENERALES Y MANTENIMIENTO,MORELOS
2000,AA-06-A00-006A00997-N-813-2024,NACIONAL,04-23-2187  SERVICIOS PROFESIONALES PARA LA ELABORACIÓN DEL AVALÚO,INDAABIN,ADJUDICADO,,,ADJUDICACIÓN DIRECTA,SERVICIOS,E-2024-00057145,006A00997 - DIRECCIÓN GENERAL DE AVALÚOS Y OBRAS,CIUDAD DE MÉXICO
